=== Perf spikes (ms) ===
[    55,4s f13133] AIThink: 21,9 ms brains 5
[    60,2s f13410] AIThink: 23,0 ms brains 1
[    60,3s f13412] FRAME: 72,8 ms gc0+1 gc1+1 gc2+1
[    60,4s f13414] FRAME: 54,6 ms gc0+1 gc1+1 gc2+1
[    60,5s f13416] FRAME: 58,0 ms gc0+0 gc1+0 gc2+0
[    60,5s f13417] FRAME: 54,3 ms gc0+1 gc1+1 gc2+1
[    60,6s f13419] FRAME: 56,3 ms gc0+1 gc1+1 gc2+1
[   112,1s f17112] FRAME: 64,9 ms gc0+0 gc1+0 gc2+0
[   176,7s f21163] HutIncome: 6,6 ms huts 23
[   178,7s f21280] HutIncome: 5,0 ms huts 23
[   182,7s f21516] HutIncome: 5,4 ms huts 24
[   186,7s f21754] HutIncome: 5,0 ms huts 24
[   188,7s f21868] HutIncome: 5,1 ms huts 24
[   189,2s f21893] FRAME: 88,0 ms gc0+0 gc1+0 gc2+0
[   194,7s f22212] HutIncome: 5,8 ms huts 27
[   196,7s f22326] HutIncome: 8,5 ms huts 29
[   198,7s f22443] HutIncome: 6,6 ms huts 29
[   200,7s f22555] HutIncome: 6,9 ms huts 29
[   202,8s f22672] HutIncome: 6,6 ms huts 29
[   204,8s f22790] HutIncome: 6,2 ms huts 29
[   206,8s f22911] HutIncome: 5,9 ms huts 29
[   208,8s f23030] HutIncome: 6,7 ms huts 30
[   210,8s f23143] HutIncome: 6,6 ms huts 30
[   212,8s f23252] HutIncome: 6,6 ms huts 30
[   214,8s f23367] HutIncome: 7,7 ms huts 30
[   216,8s f23485] HutIncome: 6,9 ms huts 30
[   218,8s f23600] HutIncome: 7,0 ms huts 30
[   220,9s f23716] HutIncome: 6,9 ms huts 30
[   222,9s f23832] HutIncome: 6,5 ms huts 30
[   224,9s f23942] HutIncome: 7,3 ms huts 32
[   226,9s f24056] HutIncome: 7,2 ms huts 33
[   228,9s f24168] HutIncome: 8,1 ms huts 34
[   230,9s f24278] HutIncome: 8,8 ms huts 35
[   232,6s f24369] FRAME: 53,8 ms gc0+0 gc1+0 gc2+0
[   232,6s f24370] FRAME: 53,5 ms gc0+0 gc1+0 gc2+0
[   232,7s f24371] FRAME: 51,8 ms gc0+0 gc1+0 gc2+0
[   232,9s f24378] HutIncome: 7,0 ms huts 35
[   234,9s f24489] HutIncome: 8,4 ms huts 35
[   236,9s f24597] HutIncome: 8,5 ms huts 35
[   238,9s f24705] HutIncome: 11,3 ms huts 36
[   240,9s f24818] HutIncome: 7,7 ms huts 37
[   243,0s f24924] HutIncome: 8,4 ms huts 38
[   245,0s f25035] HutIncome: 7,8 ms huts 38
[   247,0s f25137] HutIncome: 8,4 ms huts 38
[   249,0s f25245] HutIncome: 8,1 ms huts 38
[   251,0s f25344] HutIncome: 8,4 ms huts 38
[   253,0s f25447] HutIncome: 8,3 ms huts 38
[   255,0s f25548] HutIncome: 8,1 ms huts 39
[   257,0s f25651] HutIncome: 9,0 ms huts 40
[   259,0s f25752] HutIncome: 8,8 ms huts 41
[   261,0s f25853] HutIncome: 9,0 ms huts 41
[   263,0s f25949] HutIncome: 9,0 ms huts 42
[   265,0s f26050] HutIncome: 8,5 ms huts 42
[   267,0s f26148] HutIncome: 8,6 ms huts 42
[   269,0s f26246] HutIncome: 9,7 ms huts 42
[   271,1s f26345] HutIncome: 10,4 ms huts 43
[   273,1s f26450] HutIncome: 8,8 ms huts 43
[   275,1s f26551] HutIncome: 8,4 ms huts 43
[   277,1s f26652] HutIncome: 9,1 ms huts 43
[   279,1s f26751] HutIncome: 9,5 ms huts 43
[   281,1s f26851] HutIncome: 10,6 ms huts 43
[   283,1s f26947] HutIncome: 9,2 ms huts 43
[   285,1s f27039] HutIncome: 11,0 ms huts 43
[   287,1s f27129] HutIncome: 9,7 ms huts 45
[   289,1s f27217] HutIncome: 11,7 ms huts 45
[   291,2s f27311] HutIncome: 12,4 ms huts 45
[   293,2s f27405] HutIncome: 12,0 ms huts 45
[   295,2s f27496] HutIncome: 11,2 ms huts 45
[   297,2s f27581] HutIncome: 11,2 ms huts 45
[   299,2s f27665] HutIncome: 12,3 ms huts 46
[   301,2s f27749] HutIncome: 10,6 ms huts 48
[   303,2s f27835] HutIncome: 9,4 ms huts 48
[   305,3s f27925] HutIncome: 10,6 ms huts 48
[   307,3s f28019] HutIncome: 10,4 ms huts 48
[   309,3s f28119] HutIncome: 11,7 ms huts 48
[   311,3s f28247] HutIncome: 11,7 ms huts 48
[   313,3s f28353] HutIncome: 11,5 ms huts 48
[   315,3s f28457] HutIncome: 10,6 ms huts 50
[   317,3s f28564] HutIncome: 13,6 ms huts 50
[   319,3s f28661] HutIncome: 10,8 ms huts 50
[   321,3s f28758] HutIncome: 10,8 ms huts 50
[   323,4s f28852] HutIncome: 12,1 ms huts 50
[   325,4s f28947] HutIncome: 10,6 ms huts 50
[   327,4s f29041] HutIncome: 10,5 ms huts 50
[   329,4s f29136] HutIncome: 12,9 ms huts 51
[   331,4s f29231] HutIncome: 12,3 ms huts 52
[   333,4s f29326] HutIncome: 17,4 ms huts 53
[   335,4s f29417] HutIncome: 12,6 ms huts 53
[   337,4s f29510] HutIncome: 13,3 ms huts 53
[   339,4s f29604] HutIncome: 12,7 ms huts 53
[   341,4s f29705] HutIncome: 12,5 ms huts 53
[   343,4s f29807] HutIncome: 16,1 ms huts 53
[   345,5s f29908] HutIncome: 14,8 ms huts 53
[   347,5s f30009] HutIncome: 10,5 ms huts 53
[   349,5s f30110] HutIncome: 13,9 ms huts 53
[   351,5s f30205] HutIncome: 12,3 ms huts 53
[   351,7s f30213] FRAME: 69,9 ms gc0+0 gc1+0 gc2+0
[   353,5s f30293] HutIncome: 16,5 ms huts 54
[   355,5s f30381] HutIncome: 14,1 ms huts 56
[   357,5s f30469] HutIncome: 13,6 ms huts 58
[   359,5s f30557] HutIncome: 13,2 ms huts 58
[   361,5s f30644] HutIncome: 12,5 ms huts 58
[   363,5s f30732] HutIncome: 11,8 ms huts 58
[   365,5s f30814] HutIncome: 12,1 ms huts 58
[   367,6s f30899] HutIncome: 12,4 ms huts 58
[   369,6s f30992] HutIncome: 12,3 ms huts 58
[   371,6s f31084] HutIncome: 12,5 ms huts 59
[   373,6s f31178] HutIncome: 15,5 ms huts 59
[   375,6s f31261] HutIncome: 14,0 ms huts 59
[   376,2s f31289] AIThink: 6,5 ms brains 1
[   377,6s f31346] HutIncome: 13,7 ms huts 59
[   379,7s f31423] HutIncome: 17,8 ms huts 61
[   381,7s f31517] HutIncome: 13,4 ms huts 61
[   383,7s f31599] HutIncome: 13,5 ms huts 61
[   385,7s f31680] HutIncome: 15,0 ms huts 61
[   387,7s f31762] HutIncome: 14,8 ms huts 62
[   389,7s f31846] HutIncome: 18,9 ms huts 62
[   391,7s f31928] HutIncome: 15,2 ms huts 63
[   393,8s f32010] HutIncome: 16,0 ms huts 63
[   393,9s f32017] FRAME: 50,1 ms gc0+0 gc1+0 gc2+0
[   395,2s f32077] FRAME: 52,8 ms gc0+0 gc1+0 gc2+0
[   395,3s f32078] FRAME: 52,6 ms gc0+0 gc1+0 gc2+0
[   395,8s f32096] HutIncome: 15,6 ms huts 63
[   397,8s f32184] HutIncome: 14,7 ms huts 63
[   399,8s f32272] HutIncome: 13,6 ms huts 63
[   401,7s f32356] AIThink: 9,9 ms brains 1
[   401,8s f32360] HutIncome: 16,2 ms huts 65
[   403,8s f32449] HutIncome: 13,0 ms huts 66
[   405,8s f32532] HutIncome: 17,1 ms huts 67
[   407,8s f32614] HutIncome: 14,8 ms huts 67
[   409,8s f32696] HutIncome: 13,5 ms huts 67
[   411,8s f32775] HutIncome: 17,6 ms huts 67
[   412,1s f32787] AIThink: 9,8 ms brains 1
[   413,8s f32854] HutIncome: 17,1 ms huts 67
[   414,3s f32872] AIThink: 10,0 ms brains 1
[   415,8s f32934] HutIncome: 14,0 ms huts 67
[   416,5s f32958] AIThink: 8,8 ms brains 1
[   417,8s f33013] HutIncome: 13,8 ms huts 67
[   418,6s f33043] AIThink: 12,0 ms brains 1
[   419,9s f33092] HutIncome: 13,7 ms huts 67
[   420,8s f33128] AIThink: 9,2 ms brains 2
[   421,9s f33172] HutIncome: 15,3 ms huts 67
[   422,9s f33213] AIThink: 8,5 ms brains 1
[   423,9s f33252] HutIncome: 15,4 ms huts 67
[   424,9s f33293] AIThink: 9,5 ms brains 1
[   425,1s f33300] AIThink: 8,7 ms brains 1
[   425,9s f33335] HutIncome: 16,1 ms huts 68
[   427,0s f33381] AIThink: 10,1 ms brains 1
[   427,9s f33420] HutIncome: 18,4 ms huts 69
[   429,1s f33474] AIThink: 11,3 ms brains 1
[   429,9s f33517] HutIncome: 15,6 ms huts 69
[   431,2s f33572] AIThink: 10,3 ms brains 1
[   432,0s f33605] HutIncome: 15,2 ms huts 69
[   433,2s f33661] AIThink: 10,8 ms brains 1
[   434,0s f33690] HutIncome: 17,9 ms huts 70
[   436,0s f33781] HutIncome: 15,3 ms huts 70
[   438,0s f33867] HutIncome: 14,3 ms huts 70
[   440,0s f33952] HutIncome: 16,4 ms huts 70
[   442,0s f34036] HutIncome: 13,9 ms huts 70
[   444,0s f34120] HutIncome: 15,3 ms huts 70
[   446,0s f34205] HutIncome: 14,7 ms huts 70
[   448,0s f34288] HutIncome: 16,8 ms huts 70
[   448,9s f34322] AIThink: 10,9 ms brains 1
[   450,1s f34373] HutIncome: 22,5 ms huts 70
[   450,1s f34374] FRAME: 58,2 ms gc0+0 gc1+0 gc2+0
[   451,0s f34414] AIThink: 11,5 ms brains 1
[   452,0s f34456] AIThink: 9,8 ms brains 1
[   452,1s f34459] HutIncome: 16,7 ms huts 71
[   453,2s f34507] AIThink: 9,5 ms brains 1
[   453,3s f34511] AIThink: 9,0 ms brains 1
[   454,1s f34545] HutIncome: 15,7 ms huts 71
[   454,1s f34545] AIThink: 9,8 ms brains 1
[   454,9s f34577] FRAME: 54,0 ms gc0+0 gc1+0 gc2+0
[   455,0s f34578] FRAME: 134,8 ms gc0+0 gc1+0 gc2+0
[   455,3s f34591] AIThink: 11,8 ms brains 1
[   455,5s f34598] AIThink: 8,6 ms brains 1
[   456,1s f34624] HutIncome: 17,2 ms huts 71
[   456,2s f34626] AIThink: 10,3 ms brains 1
[   457,5s f34682] AIThink: 9,8 ms brains 1
[   457,8s f34692] AIThink: 11,3 ms brains 1
[   458,1s f34707] HutIncome: 17,2 ms huts 71
[   458,3s f34713] AIThink: 11,4 ms brains 1
[   459,7s f34770] AIThink: 10,1 ms brains 1
[   460,0s f34783] AIThink: 8,2 ms brains 1
[   460,1s f34789] HutIncome: 16,4 ms huts 71
[   460,4s f34799] AIThink: 10,0 ms brains 1
[   461,8s f34860] AIThink: 9,2 ms brains 1
[   462,1s f34873] HutIncome: 14,9 ms huts 71
[   462,2s f34875] AIThink: 8,7 ms brains 1
[   462,4s f34885] AIThink: 10,7 ms brains 1
[   464,0s f34949] AIThink: 8,5 ms brains 1
[   464,1s f34956] HutIncome: 16,2 ms huts 71
[   464,4s f34967] AIThink: 8,9 ms brains 1
[   464,5s f34971] AIThink: 9,1 ms brains 1
[   466,2s f35038] HutIncome: 17,8 ms huts 71
[   466,2s f35038] AIThink: 10,6 ms brains 1
[   466,2s f35039] FRAME: 70,1 ms gc0+1 gc1+1 gc2+1
[   466,6s f35056] AIThink: 10,0 ms brains 1
[   468,2s f35118] HutIncome: 16,6 ms huts 71
[   468,3s f35124] AIThink: 11,0 ms brains 1
[   470,2s f35200] HutIncome: 18,9 ms huts 71
[   470,4s f35212] AIThink: 9,6 ms brains 1
[   472,2s f35282] HutIncome: 17,4 ms huts 72
[   472,2s f35283] FRAME: 54,9 ms gc0+0 gc1+0 gc2+0
[   472,6s f35300] AIThink: 8,7 ms brains 1
[   474,2s f35364] HutIncome: 15,0 ms huts 72
[   474,8s f35388] AIThink: 10,8 ms brains 2
[   476,2s f35446] HutIncome: 18,6 ms huts 72
[   476,9s f35474] AIThink: 11,6 ms brains 1
[   477,1s f35482] AIThink: 10,7 ms brains 1
[   478,2s f35524] HutIncome: 19,2 ms huts 72
[   479,1s f35560] AIThink: 7,9 ms brains 1
[   479,5s f35577] AIThink: 9,5 ms brains 1
[   480,1s f35599] AIThink: 11,0 ms brains 1
[   480,2s f35605] HutIncome: 19,0 ms huts 72
[   481,2s f35647] AIThink: 10,3 ms brains 2
[   482,2s f35688] HutIncome: 17,3 ms huts 72
[   482,3s f35690] AIThink: 9,8 ms brains 1
[   483,4s f35736] AIThink: 9,3 ms brains 1
[   484,2s f35770] HutIncome: 17,3 ms huts 72
[   484,5s f35781] AIThink: 8,2 ms brains 1
[   485,6s f35824] AIThink: 9,5 ms brains 1
[   486,3s f35852] HutIncome: 18,5 ms huts 72
[   486,3s f35853] FRAME: 51,0 ms gc0+0 gc1+0 gc2+0
[   486,8s f35873] AIThink: 10,4 ms brains 1
[   488,3s f35935] HutIncome: 18,9 ms huts 72
[   489,0s f35965] AIThink: 8,2 ms brains 1
[   490,3s f36017] HutIncome: 19,1 ms huts 72
[   491,2s f36056] AIThink: 8,9 ms brains 1
[   491,7s f36076] AIThink: 13,2 ms brains 2
[   491,7s f36077] FRAME: 55,4 ms gc0+0 gc1+0 gc2+0
[   492,3s f36099] HutIncome: 16,5 ms huts 72
[   493,4s f36148] AIThink: 7,5 ms brains 1
[   493,8s f36160] AIThink: 22,2 ms brains 2
[   494,3s f36178] HutIncome: 19,8 ms huts 72
[   495,7s f36237] AIThink: 7,8 ms brains 1
[   495,9s f36244] AIThink: 11,1 ms brains 1
[   496,2s f36256] AIThink: 9,9 ms brains 1
[   496,3s f36260] HutIncome: 19,2 ms huts 72
[   497,9s f36328] AIThink: 9,7 ms brains 1
[   498,0s f36329] AIThink: 10,4 ms brains 1
[   498,3s f36342] HutIncome: 20,3 ms huts 72
[   498,6s f36353] AIThink: 8,1 ms brains 1
[   500,1s f36415] AIThink: 9,7 ms brains 1
[   500,2s f36419] AIThink: 9,0 ms brains 1
[   500,3s f36424] HutIncome: 18,7 ms huts 72
[   502,1s f36500] AIThink: 9,7 ms brains 1
[   502,3s f36506] HutIncome: 17,5 ms huts 72
[   504,2s f36582] AIThink: 15,5 ms brains 1
[   504,3s f36583] FRAME: 60,2 ms gc0+1 gc1+1 gc2+1
[   504,3s f36584] HutIncome: 22,7 ms huts 72
[   506,3s f36663] HutIncome: 20,0 ms huts 72
[   506,3s f36663] AIThink: 11,3 ms brains 1
[   506,4s f36664] FRAME: 63,4 ms gc0+0 gc1+0 gc2+0
[   508,3s f36743] HutIncome: 17,6 ms huts 72
[   508,4s f36745] AIThink: 9,9 ms brains 1
[   510,4s f36818] HutIncome: 18,3 ms huts 72
[   510,5s f36823] AIThink: 23,5 ms brains 2
[   512,4s f36891] HutIncome: 23,6 ms huts 72
[   512,4s f36892] FRAME: 61,7 ms gc0+0 gc1+0 gc2+0
[   512,6s f36898] AIThink: 11,1 ms brains 1
[   512,9s f36908] AIThink: 10,7 ms brains 1
[   514,4s f36958] HutIncome: 20,6 ms huts 72
[   514,7s f36968] AIThink: 11,6 ms brains 1
[   514,8s f36973] AIThink: 5,0 ms brains 1
[   515,3s f36987] AIThink: 12,5 ms brains 1
[   516,0s f37011] FRAME: 52,4 ms gc0+0 gc1+0 gc2+0
[   516,1s f37014] FRAME: 50,7 ms gc0+0 gc1+0 gc2+0
[   516,2s f37017] FRAME: 70,0 ms gc0+0 gc1+0 gc2+0
[   516,4s f37020] HutIncome: 32,3 ms huts 72
[   516,4s f37021] FRAME: 67,5 ms gc0+0 gc1+0 gc2+0
[   516,5s f37022] FRAME: 55,2 ms gc0+0 gc1+0 gc2+0
[   516,8s f37030] AIThink: 26,3 ms brains 1
[   516,8s f37031] FRAME: 87,8 ms gc0+0 gc1+0 gc2+0
[   516,9s f37033] FRAME: 53,1 ms gc0+0 gc1+0 gc2+0
[   518,4s f37084] HutIncome: 26,7 ms huts 72
[   518,4s f37085] FRAME: 55,2 ms gc0+0 gc1+0 gc2+0
[   518,9s f37101] AIThink: 14,1 ms brains 1
[   518,9s f37102] FRAME: 52,0 ms gc0+0 gc1+0 gc2+0
[   519,0s f37103] FRAME: 62,0 ms gc0+0 gc1+0 gc2+0
[   519,1s f37105] FRAME: 60,5 ms gc0+0 gc1+0 gc2+0
[   519,3s f37110] FRAME: 51,3 ms gc0+0 gc1+0 gc2+0
[   519,3s f37111] FRAME: 59,1 ms gc0+0 gc1+0 gc2+0
[   520,2s f37143] FRAME: 61,8 ms gc0+0 gc1+0 gc2+0
[   520,4s f37150] HutIncome: 23,9 ms huts 72
[   520,5s f37151] FRAME: 50,2 ms gc0+0 gc1+0 gc2+0
[   521,0s f37167] AIThink: 15,9 ms brains 1
[   521,0s f37169] FRAME: 54,6 ms gc0+0 gc1+0 gc2+0
[   521,2s f37172] FRAME: 59,8 ms gc0+0 gc1+0 gc2+0
[   522,3s f37209] FRAME: 50,4 ms gc0+0 gc1+0 gc2+0
[   522,5s f37213] HutIncome: 28,1 ms huts 72
[   522,5s f37214] FRAME: 52,5 ms gc0+0 gc1+0 gc2+0
[   522,6s f37218] FRAME: 69,1 ms gc0+0 gc1+0 gc2+0
[   523,0s f37229] AIThink: 17,5 ms brains 1
[   523,1s f37230] FRAME: 53,7 ms gc0+0 gc1+0 gc2+0
[   523,2s f37234] FRAME: 52,9 ms gc0+0 gc1+0 gc2+0
[   524,1s f37260] FRAME: 56,1 ms gc0+0 gc1+0 gc2+0
[   524,2s f37262] FRAME: 68,6 ms gc0+0 gc1+0 gc2+0
[   524,3s f37264] FRAME: 74,0 ms gc0+0 gc1+0 gc2+0
[   524,4s f37266] AIThink: 15,9 ms brains 1
[   524,5s f37267] HutIncome: 26,0 ms huts 72
[   524,5s f37268] FRAME: 51,5 ms gc0+0 gc1+0 gc2+0
[   524,5s f37269] FRAME: 55,0 ms gc0+0 gc1+0 gc2+0
[   524,6s f37271] FRAME: 55,7 ms gc0+0 gc1+0 gc2+0
[   524,7s f37272] FRAME: 72,4 ms gc0+0 gc1+0 gc2+0
[   524,8s f37274] AIThink: 22,5 ms brains 2
[   524,8s f37275] FRAME: 55,7 ms gc0+0 gc1+0 gc2+0
[   525,2s f37285] AIThink: 20,0 ms brains 1
[   525,2s f37286] FRAME: 68,0 ms gc0+0 gc1+0 gc2+0
[   526,2s f37325] VeilPulse: 5,4 ms 
[   526,2s f37326] FRAME: 59,9 ms gc0+0 gc1+0 gc2+0
[   526,3s f37327] FRAME: 74,3 ms gc0+0 gc1+0 gc2+0
[   526,3s f37328] FRAME: 55,3 ms gc0+1 gc1+1 gc2+1
[   526,4s f37329] FRAME: 54,8 ms gc0+0 gc1+0 gc2+0
[   526,5s f37330] HutIncome: 25,5 ms huts 72
[   526,5s f37331] FRAME: 50,0 ms gc0+0 gc1+0 gc2+0
[   526,6s f37333] AIThink: 11,5 ms brains 1
[   527,2s f37359] AIThink: 10,6 ms brains 1
[   527,2s f37360] FRAME: 56,2 ms gc0+0 gc1+0 gc2+0
[   528,5s f37410] HutIncome: 20,9 ms huts 72
[   528,7s f37418] AIThink: 12,7 ms brains 2
[   529,6s f37448] AIThink: 12,0 ms brains 1
[   530,5s f37484] HutIncome: 22,5 ms huts 72
[   530,9s f37500] AIThink: 10,7 ms brains 1
[   531,9s f37543] AIThink: 9,8 ms brains 1
[   532,5s f37566] HutIncome: 21,3 ms huts 72
[   532,6s f37567] FRAME: 54,1 ms gc0+0 gc1+0 gc2+0
[   533,0s f37586] AIThink: 9,8 ms brains 1
[   533,8s f37613] AIThink: 10,6 ms brains 1
[   534,4s f37635] AIThink: 12,3 ms brains 1
[   534,5s f37642] HutIncome: 18,7 ms huts 72
[   535,2s f37670] AIThink: 9,9 ms brains 1
[   535,9s f37699] FRAME: 52,7 ms gc0+0 gc1+0 gc2+0
[   536,0s f37701] AIThink: 11,6 ms brains 1
[   536,5s f37720] HutIncome: 23,2 ms huts 72
[   536,7s f37727] AIThink: 11,4 ms brains 1
[   537,2s f37743] FRAME: 53,3 ms gc0+0 gc1+0 gc2+0
[   537,4s f37749] AIThink: 12,4 ms brains 1
[   537,4s f37750] FRAME: 52,8 ms gc0+0 gc1+0 gc2+0
[   538,2s f37781] AIThink: 10,8 ms brains 1
[   538,6s f37794] HutIncome: 20,8 ms huts 72
[   538,6s f37795] FRAME: 58,7 ms gc0+0 gc1+0 gc2+0
[   539,1s f37813] AIThink: 10,9 ms brains 1
[   539,5s f37829] AIThink: 10,3 ms brains 1
[   540,5s f37863] AIThink: 10,6 ms brains 1
[   540,6s f37866] HutIncome: 19,3 ms huts 72
[   541,7s f37921] AIThink: 9,8 ms brains 1
[   541,8s f37923] FRAME: 53,8 ms gc0+0 gc1+0 gc2+0
[   541,8s f37924] FRAME: 52,7 ms gc0+0 gc1+0 gc2+0
[   541,9s f37925] FRAME: 53,3 ms gc0+0 gc1+0 gc2+0
[   541,9s f37926] FRAME: 53,2 ms gc0+0 gc1+0 gc2+0
[   542,0s f37927] FRAME: 53,4 ms gc0+0 gc1+0 gc2+0
[   542,0s f37928] FRAME: 52,9 ms gc0+0 gc1+0 gc2+0
[   542,1s f37929] FRAME: 53,0 ms gc0+0 gc1+0 gc2+0
[   542,6s f37943] HutIncome: 15,8 ms huts 72
[   542,7s f37948] AIThink: 7,6 ms brains 1
[   543,9s f38004] AIThink: 8,1 ms brains 1
[   544,6s f38031] HutIncome: 22,4 ms huts 72
[   544,6s f38032] FRAME: 61,9 ms gc0+0 gc1+0 gc2+0
[   544,7s f38033] FRAME: 57,1 ms gc0+0 gc1+0 gc2+0
[   544,9s f38041] AIThink: 9,9 ms brains 1
[   546,0s f38089] AIThink: 10,4 ms brains 2
[   546,6s f38114] HutIncome: 21,9 ms huts 72
[   547,1s f38135] FRAME: 54,6 ms gc0+0 gc1+0 gc2+0
[   547,2s f38136] AIThink: 11,9 ms brains 2
[   547,4s f38142] FRAME: 50,2 ms gc0+0 gc1+0 gc2+0
[   548,2s f38167] FRAME: 51,1 ms gc0+0 gc1+0 gc2+0
[   548,2s f38167] AIThink: 10,7 ms brains 1
[   548,6s f38183] HutIncome: 18,2 ms huts 72
[   548,6s f38184] AIThink: 11,1 ms brains 1
[   549,4s f38216] AIThink: 9,6 ms brains 1
[   550,4s f38257] AIThink: 8,7 ms brains 1
[   550,6s f38268] HutIncome: 20,0 ms huts 72
[   551,0s f38285] AIThink: 9,9 ms brains 1
[   551,6s f38314] AIThink: 9,2 ms brains 1
[   552,2s f38339] FRAME: 52,8 ms gc0+0 gc1+0 gc2+0
[   552,3s f38340] FRAME: 53,6 ms gc0+0 gc1+0 gc2+0
[   552,3s f38341] FRAME: 50,3 ms gc0+0 gc1+0 gc2+0
[   552,5s f38346] AIThink: 8,5 ms brains 1
[   552,6s f38348] HutIncome: 18,3 ms huts 72
[   553,4s f38380] AIThink: 8,7 ms brains 1
[   553,9s f38400] AIThink: 7,4 ms brains 1
[   554,6s f38430] HutIncome: 15,6 ms huts 72
[   554,7s f38433] AIThink: 8,7 ms brains 1
[   555,8s f38476] AIThink: 10,7 ms brains 1
[   556,1s f38490] AIThink: 7,9 ms brains 1
[   556,6s f38511] HutIncome: 16,0 ms huts 72
[   556,7s f38512] FRAME: 51,8 ms gc0+0 gc1+0 gc2+0
[   556,9s f38521] AIThink: 8,7 ms brains 1
[   558,1s f38572] AIThink: 9,9 ms brains 1
[   558,4s f38580] AIThink: 8,3 ms brains 1
[   558,6s f38592] HutIncome: 16,7 ms huts 72
[   559,1s f38609] AIThink: 7,5 ms brains 1
[   560,5s f38668] AIThink: 8,7 ms brains 1
[   560,6s f38670] AIThink: 7,6 ms brains 1
[   560,7s f38673] HutIncome: 16,4 ms huts 72
[   561,2s f38696] AIThink: 8,7 ms brains 1
[   562,7s f38754] HutIncome: 16,1 ms huts 72
[   562,8s f38760] AIThink: 8,5 ms brains 1
[   562,9s f38763] AIThink: 10,2 ms brains 1
[   563,4s f38783] AIThink: 7,8 ms brains 1
[   564,7s f38836] HutIncome: 16,4 ms huts 72
[   565,0s f38851] AIThink: 7,4 ms brains 1
[   565,3s f38859] AIThink: 9,7 ms brains 1
[   565,5s f38870] AIThink: 8,1 ms brains 1
[   566,7s f38917] HutIncome: 19,7 ms huts 72
[   567,3s f38940] AIThink: 8,7 ms brains 1
[   567,7s f38955] AIThink: 10,1 ms brains 1
[   567,7s f38956] AIThink: 7,3 ms brains 1
[   568,7s f38998] HutIncome: 16,5 ms huts 72
[   569,5s f39031] AIThink: 7,4 ms brains 1
[   569,9s f39045] AIThink: 7,5 ms brains 1
[   570,0s f39052] AIThink: 8,9 ms brains 1
[   570,7s f39080] HutIncome: 17,7 ms huts 72
[   571,8s f39122] AIThink: 7,2 ms brains 1
[   572,0s f39133] AIThink: 7,3 ms brains 1
[   572,7s f39161] HutIncome: 15,2 ms huts 72
[   574,0s f39212] AIThink: 7,0 ms brains 1
[   574,2s f39220] AIThink: 8,1 ms brains 1
[   574,8s f39242] HutIncome: 18,0 ms huts 72
[   574,9s f39247] FRAME: 113,9 ms gc0+0 gc1+0 gc2+0
[   576,2s f39299] AIThink: 8,5 ms brains 1
[   576,4s f39304] AIThink: 7,2 ms brains 1
[   576,8s f39320] HutIncome: 18,6 ms huts 72
[   578,5s f39389] AIThink: 6,7 ms brains 1
[   578,5s f39391] AIThink: 7,7 ms brains 1
[   578,8s f39400] HutIncome: 17,5 ms huts 72
[   580,7s f39476] AIThink: 7,4 ms brains 1
[   580,7s f39477] AIThink: 7,5 ms brains 1
[   580,8s f39479] HutIncome: 16,3 ms huts 72
[   582,8s f39559] HutIncome: 15,7 ms huts 72
[   582,8s f39562] AIThink: 7,6 ms brains 1
[   582,9s f39566] AIThink: 7,4 ms brains 1
[   583,6s f39594] AIThink: 8,5 ms brains 1
[   584,8s f39640] HutIncome: 20,4 ms huts 72
[   585,0s f39649] AIThink: 6,7 ms brains 1
[   585,2s f39656] AIThink: 7,2 ms brains 1
[   585,7s f39678] AIThink: 9,1 ms brains 1
[   586,8s f39720] HutIncome: 21,6 ms huts 72
[   587,8s f39760] AIThink: 10,8 ms brains 1
[   588,8s f39798] HutIncome: 29,7 ms huts 72
[   588,9s f39799] FRAME: 65,0 ms gc0+0 gc1+0 gc2+0
[   588,9s f39800] FRAME: 51,3 ms gc0+0 gc1+0 gc2+0
[   589,9s f39835] AIThink: 12,1 ms brains 1
[   589,9s f39836] FRAME: 54,4 ms gc0+0 gc1+0 gc2+0
[   590,1s f39841] FRAME: 57,2 ms gc0+0 gc1+0 gc2+0
[   590,2s f39842] FRAME: 60,3 ms gc0+0 gc1+0 gc2+0
[   590,8s f39862] HutIncome: 18,9 ms huts 72
[   592,0s f39912] AIThink: 10,6 ms brains 1
[   592,8s f39942] HutIncome: 15,2 ms huts 72
[   593,8s f39977] AIThink: 8,8 ms brains 1
[   594,1s f39987] AIThink: 8,5 ms brains 1
[   594,9s f40014] HutIncome: 15,2 ms huts 72
[   596,2s f40061] AIThink: 8,2 ms brains 1
[   596,2s f40062] AIThink: 9,3 ms brains 1
[   596,9s f40085] HutIncome: 20,9 ms huts 72
[   596,9s f40086] FRAME: 57,6 ms gc0+0 gc1+0 gc2+0
[   598,3s f40141] AIThink: 10,3 ms brains 1
[   598,6s f40150] AIThink: 9,7 ms brains 1
[   598,9s f40162] HutIncome: 19,1 ms huts 72
[   598,9s f40163] FRAME: 52,1 ms gc0+0 gc1+0 gc2+0
[   600,4s f40223] AIThink: 9,0 ms brains 1
[   600,9s f40245] HutIncome: 20,1 ms huts 72
[   601,0s f40247] AIThink: 9,6 ms brains 1
[   602,5s f40303] AIThink: 10,0 ms brains 1
[   602,9s f40321] HutIncome: 15,5 ms huts 72
[   603,4s f40338] AIThink: 8,8 ms brains 1
[   604,5s f40382] AIThink: 10,1 ms brains 1
[   604,9s f40397] HutIncome: 16,9 ms huts 72
[   605,8s f40428] AIThink: 9,1 ms brains 1
[   606,6s f40460] AIThink: 8,3 ms brains 1
[   607,0s f40472] HutIncome: 16,0 ms huts 72
[   608,1s f40516] AIThink: 8,6 ms brains 1
[   608,7s f40537] AIThink: 7,5 ms brains 1
[   609,0s f40546] HutIncome: 16,8 ms huts 72
[   610,5s f40602] AIThink: 8,4 ms brains 1
[   610,8s f40613] AIThink: 11,8 ms brains 1
[   611,0s f40619] HutIncome: 16,9 ms huts 72
[   612,9s f40690] AIThink: 17,7 ms brains 2
[   613,0s f40692] HutIncome: 24,1 ms huts 72
[   613,0s f40693] FRAME: 69,4 ms gc0+0 gc1+0 gc2+0
[   614,3s f40738] AIThink: 9,0 ms brains 1
[   615,0s f40766] HutIncome: 16,7 ms huts 72
[   615,0s f40766] AIThink: 8,7 ms brains 1
[   615,3s f40777] AIThink: 9,0 ms brains 1
[   615,4s f40781] FRAME: 52,9 ms gc0+0 gc1+0 gc2+0
[   616,5s f40822] AIThink: 6,7 ms brains 1
[   617,0s f40841] HutIncome: 17,0 ms huts 72
[   617,1s f40843] AIThink: 9,2 ms brains 1
[   617,7s f40865] AIThink: 8,3 ms brains 1
[   618,8s f40906] AIThink: 6,7 ms brains 1
[   619,0s f40916] HutIncome: 16,9 ms huts 72
[   619,2s f40921] AIThink: 8,3 ms brains 1
[   620,1s f40955] AIThink: 8,8 ms brains 1
[   621,0s f40990] AIThink: 7,3 ms brains 1
[   621,0s f40991] HutIncome: 18,7 ms huts 72
[   621,2s f40999] AIThink: 8,2 ms brains 1
[   622,4s f41044] AIThink: 8,2 ms brains 1
[   623,1s f41067] HutIncome: 16,5 ms huts 72
[   623,2s f41073] AIThink: 7,7 ms brains 1
[   623,3s f41078] AIThink: 9,1 ms brains 1
[   624,0s f41100] AIThink: 8,4 ms brains 1
[   624,8s f41134] AIThink: 8,2 ms brains 1
[   625,0s f41142] HutIncome: 15,9 ms huts 72
[   625,4s f41156] AIThink: 7,5 ms brains 1
[   625,4s f41157] AIThink: 7,6 ms brains 1
[   626,1s f41182] AIThink: 7,7 ms brains 1
[   627,1s f41218] HutIncome: 17,9 ms huts 72
[   627,2s f41223] AIThink: 9,9 ms brains 1
[   627,5s f41234] AIThink: 8,7 ms brains 1
[   627,7s f41241] AIThink: 7,9 ms brains 1
[   628,3s f41263] AIThink: 9,9 ms brains 1
[   629,1s f41293] HutIncome: 16,8 ms huts 72
[   629,6s f41312] AIThink: 9,0 ms brains 1
[   629,6s f41313] AIThink: 9,7 ms brains 1
[   629,9s f41324] AIThink: 8,1 ms brains 1
[   630,4s f41343] AIThink: 8,7 ms brains 1
[   631,1s f41368] HutIncome: 15,4 ms huts 72
[   631,7s f41390] AIThink: 8,0 ms brains 1
[   632,1s f41407] AIThink: 7,8 ms brains 1
[   632,6s f41423] AIThink: 8,8 ms brains 1
[   632,6s f41424] FRAME: 52,7 ms gc0+0 gc1+0 gc2+0
[   633,1s f41443] HutIncome: 16,3 ms huts 72
[   633,8s f41468] AIThink: 8,6 ms brains 1
[   634,4s f41490] AIThink: 7,4 ms brains 2
[   634,7s f41503] AIThink: 7,4 ms brains 1
[   635,1s f41518] HutIncome: 17,0 ms huts 72
[   635,9s f41546] AIThink: 10,5 ms brains 1
[   636,6s f41573] AIThink: 8,1 ms brains 1
[   636,9s f41584] AIThink: 6,7 ms brains 1
[   637,1s f41593] HutIncome: 16,6 ms huts 72
[   638,0s f41624] AIThink: 9,6 ms brains 1
[   638,8s f41657] AIThink: 8,5 ms brains 1
[   639,1s f41665] AIThink: 7,9 ms brains 1
[   639,1s f41668] HutIncome: 16,4 ms huts 72
[   639,2s f41669] FRAME: 51,8 ms gc0+0 gc1+0 gc2+0
[   640,0s f41702] AIThink: 8,1 ms brains 1
[   641,1s f41740] AIThink: 7,3 ms brains 1
[   641,2s f41743] HutIncome: 16,9 ms huts 72
[   641,2s f41745] AIThink: 7,7 ms brains 1
[   642,1s f41780] AIThink: 10,7 ms brains 1
[   642,2s f41781] FRAME: 51,6 ms gc0+0 gc1+0 gc2+0
[   643,2s f41818] HutIncome: 14,6 ms huts 71
[   643,3s f41823] AIThink: 7,0 ms brains 1
[   644,2s f41858] AIThink: 13,2 ms brains 1
[   645,2s f41894] HutIncome: 17,0 ms huts 71
[   645,5s f41907] AIThink: 7,9 ms brains 2
[   646,5s f41942] FRAME: 51,2 ms gc0+0 gc1+0 gc2+0
[   647,2s f41969] HutIncome: 17,1 ms huts 71
[   647,8s f41990] AIThink: 7,5 ms brains 1
[   649,3s f42046] HutIncome: 15,7 ms huts 71
[   650,0s f42075] AIThink: 7,2 ms brains 1
[   651,3s f42122] HutIncome: 16,6 ms huts 71
[   652,3s f42160] AIThink: 8,6 ms brains 1
[   653,3s f42197] HutIncome: 15,2 ms huts 71
[   653,5s f42204] AIThink: 10,3 ms brains 2
[   654,5s f42242] AIThink: 10,1 ms brains 1
[   655,3s f42270] HutIncome: 16,6 ms huts 71
[   655,8s f42291] AIThink: 9,3 ms brains 1
[   656,7s f42326] AIThink: 8,3 ms brains 2
[   657,3s f42346] HutIncome: 18,5 ms huts 71
[   657,3s f42347] FRAME: 54,0 ms gc0+0 gc1+0 gc2+0
[   658,2s f42380] AIThink: 9,6 ms brains 1
[   659,0s f42409] AIThink: 7,0 ms brains 1
[   659,3s f42421] HutIncome: 16,4 ms huts 72
[   660,6s f42467] AIThink: 9,5 ms brains 1
[   661,2s f42490] AIThink: 7,2 ms brains 1
[   661,3s f42493] HutIncome: 18,0 ms huts 72
[   663,0s f42556] AIThink: 8,6 ms brains 1
[   663,3s f42569] HutIncome: 16,3 ms huts 72
[   663,4s f42573] AIThink: 7,4 ms brains 1
[   665,0s f42633] AIThink: 9,0 ms brains 2
[   665,3s f42644] HutIncome: 16,1 ms huts 72
[   665,4s f42645] AIThink: 8,3 ms brains 1
[   667,2s f42712] AIThink: 7,0 ms brains 1
[   667,3s f42718] HutIncome: 16,1 ms huts 72
[   667,8s f42733] AIThink: 8,4 ms brains 1
[   669,4s f42792] HutIncome: 16,4 ms huts 72
[   669,4s f42792] AIThink: 7,3 ms brains 1
[   670,1s f42821] AIThink: 8,7 ms brains 1
[   671,4s f42866] HutIncome: 15,6 ms huts 72
[   671,5s f42871] AIThink: 8,3 ms brains 1
[   672,5s f42909] AIThink: 7,8 ms brains 1
[   672,9s f42924] FRAME: 54,0 ms gc0+0 gc1+0 gc2+0
[   673,4s f42941] HutIncome: 15,9 ms huts 72
[   673,7s f42951] AIThink: 8,7 ms brains 1
[   674,9s f42997] AIThink: 8,9 ms brains 1
[   675,4s f43015] HutIncome: 15,8 ms huts 72
[   675,8s f43031] AIThink: 8,3 ms brains 1
[   677,3s f43085] AIThink: 8,9 ms brains 1
[   677,4s f43089] HutIncome: 17,5 ms huts 72
[   678,0s f43111] AIThink: 8,7 ms brains 1
[   679,4s f43163] HutIncome: 15,6 ms huts 72
[   679,7s f43173] AIThink: 8,6 ms brains 1
[   680,1s f43190] AIThink: 7,8 ms brains 1
[   681,4s f43237] HutIncome: 18,6 ms huts 72
[   681,8s f43253] AIThink: 7,5 ms brains 1
[   682,1s f43261] AIThink: 8,2 ms brains 1
[   682,3s f43270] AIThink: 10,5 ms brains 1
[   683,4s f43311] HutIncome: 15,8 ms huts 72
[   683,9s f43329] AIThink: 8,3 ms brains 1
[   684,5s f43348] AIThink: 9,1 ms brains 1
[   684,5s f43349] AIThink: 8,3 ms brains 1
[   685,4s f43387] HutIncome: 16,5 ms huts 72
[   686,0s f43410] AIThink: 8,2 ms brains 1
[   686,6s f43436] AIThink: 7,3 ms brains 1
[   686,8s f43444] AIThink: 9,9 ms brains 1
[   687,5s f43469] HutIncome: 19,6 ms huts 72
[   688,1s f43495] AIThink: 7,9 ms brains 1
[   688,8s f43523] AIThink: 8,2 ms brains 1
[   689,2s f43540] AIThink: 8,8 ms brains 1
[   689,5s f43551] HutIncome: 17,0 ms huts 72
[   690,2s f43580] AIThink: 7,9 ms brains 1
[   690,3s f43584] AIThink: 7,8 ms brains 1
[   691,0s f43612] AIThink: 8,0 ms brains 1
[   691,5s f43634] HutIncome: 17,2 ms huts 72
[   691,6s f43637] AIThink: 9,0 ms brains 1
[   691,6s f43638] FRAME: 50,5 ms gc0+0 gc1+0 gc2+0
[   692,3s f43665] AIThink: 9,0 ms brains 1
[   692,5s f43676] AIThink: 7,3 ms brains 1
[   693,1s f43701] AIThink: 7,2 ms brains 1
[   693,5s f43715] HutIncome: 18,3 ms huts 72
[   693,5s f43716] FRAME: 57,6 ms gc0+0 gc1+0 gc2+0
[   694,0s f43733] AIThink: 9,0 ms brains 1
[   694,4s f43749] AIThink: 8,6 ms brains 1
[   694,8s f43766] AIThink: 8,2 ms brains 1
[   695,3s f43788] AIThink: 7,3 ms brains 1
[   695,5s f43796] HutIncome: 19,2 ms huts 72
[   695,6s f43797] FRAME: 52,5 ms gc0+0 gc1+0 gc2+0
[   696,4s f43834] AIThink: 7,8 ms brains 1
[   696,5s f43838] AIThink: 8,0 ms brains 1
[   697,0s f43862] AIThink: 7,1 ms brains 1
[   697,5s f43881] AIThink: 7,9 ms brains 1
[   697,5s f43883] HutIncome: 18,1 ms huts 72
[   697,6s f43884] FRAME: 51,3 ms gc0+0 gc1+0 gc2+0
[   698,5s f43926] AIThink: 7,6 ms brains 1
[   698,7s f43935] AIThink: 8,3 ms brains 1
[   699,3s f43956] AIThink: 7,4 ms brains 1
[   699,5s f43968] HutIncome: 16,9 ms huts 72
[   699,6s f43972] AIThink: 9,4 ms brains 2
[   700,6s f44014] AIThink: 8,5 ms brains 1
[   701,1s f44036] AIThink: 8,1 ms brains 1
[   701,5s f44052] AIThink: 7,6 ms brains 1
[   701,5s f44053] HutIncome: 15,9 ms huts 72
[   701,8s f44064] AIThink: 8,2 ms brains 1
[   702,7s f44101] AIThink: 7,3 ms brains 1
[   703,5s f44135] AIThink: 7,9 ms brains 1
[   703,6s f44136] HutIncome: 16,2 ms huts 72
[   703,7s f44143] AIThink: 7,5 ms brains 1
[   704,0s f44152] AIThink: 8,5 ms brains 1
[   704,8s f44182] AIThink: 8,2 ms brains 1
[   705,6s f44212] HutIncome: 16,4 ms huts 72
[   705,9s f44225] AIThink: 10,1 ms brains 1
[   706,0s f44227] AIThink: 8,1 ms brains 1
[   706,1s f44233] AIThink: 8,7 ms brains 1
[   706,9s f44262] AIThink: 7,9 ms brains 1
[   707,6s f44289] HutIncome: 16,9 ms huts 72
[   708,2s f44312] AIThink: 6,8 ms brains 1
[   708,3s f44316] AIThink: 21,6 ms brains 2
[   709,0s f44342] AIThink: 7,5 ms brains 1
[   709,6s f44365] HutIncome: 15,3 ms huts 72
[   710,4s f44397] AIThink: 7,5 ms brains 1
[   710,5s f44398] AIThink: 7,7 ms brains 1
[   710,7s f44406] AIThink: 8,0 ms brains 1
[   711,1s f44421] AIThink: 11,1 ms brains 1
[   711,1s f44422] FRAME: 54,8 ms gc0+0 gc1+0 gc2+0
[   711,6s f44441] HutIncome: 19,7 ms huts 72
[   711,6s f44442] FRAME: 51,7 ms gc0+0 gc1+0 gc2+0
[   712,6s f44481] AIThink: 7,9 ms brains 1
[   712,7s f44482] AIThink: 11,0 ms brains 1
[   712,7s f44483] FRAME: 50,8 ms gc0+0 gc1+0 gc2+0
[   713,1s f44497] AIThink: 8,0 ms brains 1
[   713,1s f44500] AIThink: 9,2 ms brains 1
[   713,6s f44518] HutIncome: 15,2 ms huts 72
[   714,8s f44563] AIThink: 7,7 ms brains 1
[   714,9s f44567] AIThink: 7,2 ms brains 1
[   715,2s f44579] AIThink: 8,1 ms brains 1
[   715,4s f44587] AIThink: 8,7 ms brains 1
[   715,6s f44593] HutIncome: 20,6 ms huts 72
[   716,9s f44642] AIThink: 7,2 ms brains 1
[   717,1s f44649] AIThink: 7,2 ms brains 1
[   717,3s f44656] AIThink: 8,5 ms brains 1
[   717,6s f44667] HutIncome: 17,9 ms huts 72
[   717,8s f44674] AIThink: 10,4 ms brains 1
[   719,1s f44723] AIThink: 6,5 ms brains 1
[   719,4s f44733] AIThink: 7,2 ms brains 1
[   719,4s f44734] AIThink: 9,1 ms brains 1
[   719,7s f44743] HutIncome: 17,4 ms huts 72
[   720,2s f44764] AIThink: 9,6 ms brains 1
[   721,3s f44803] AIThink: 8,2 ms brains 1
[   721,5s f44810] AIThink: 8,2 ms brains 1
[   721,6s f44814] AIThink: 7,3 ms brains 1
[   721,7s f44815] HutIncome: 17,5 ms huts 72
[   722,6s f44849] AIThink: 8,4 ms brains 1
[   723,5s f44880] AIThink: 7,8 ms brains 1
[   723,6s f44886] AIThink: 7,6 ms brains 1
[   723,7s f44888] HutIncome: 18,1 ms huts 72
[   723,7s f44889] FRAME: 50,0 ms gc0+0 gc1+0 gc2+0
[   723,9s f44896] AIThink: 6,3 ms brains 1
[   725,0s f44938] AIThink: 8,6 ms brains 1
[   725,6s f44962] AIThink: 8,5 ms brains 1
[   725,7s f44964] HutIncome: 17,5 ms huts 72
[   725,7s f44965] AIThink: 8,3 ms brains 1
[   726,1s f44980] AIThink: 6,8 ms brains 1
[   727,3s f45028] AIThink: 8,2 ms brains 2
[   727,7s f45041] HutIncome: 15,9 ms huts 72
[   727,7s f45043] AIThink: 7,3 ms brains 1
[   727,8s f45044] AIThink: 8,7 ms brains 1
[   728,3s f45065] AIThink: 8,4 ms brains 1
[   729,7s f45117] HutIncome: 17,5 ms huts 72
[   729,7s f45118] AIThink: 8,6 ms brains 1
[   729,9s f45122] AIThink: 10,7 ms brains 1
[   729,9s f45123] FRAME: 50,6 ms gc0+0 gc1+0 gc2+0
[   729,9s f45123] AIThink: 8,3 ms brains 1
[   730,6s f45148] AIThink: 7,2 ms brains 1
[   731,7s f45192] HutIncome: 16,6 ms huts 72
[   731,9s f45201] AIThink: 8,5 ms brains 1
[   732,1s f45205] AIThink: 8,2 ms brains 1
[   732,1s f45206] AIThink: 10,4 ms brains 1
[   732,8s f45232] AIThink: 7,4 ms brains 1
[   733,7s f45267] HutIncome: 18,2 ms huts 72
[   734,0s f45279] AIThink: 8,6 ms brains 1
[   734,2s f45287] AIThink: 8,4 ms brains 1
[   734,5s f45298] AIThink: 8,4 ms brains 1
[   735,0s f45318] AIThink: 6,7 ms brains 1
[   735,7s f45345] HutIncome: 14,9 ms huts 72
[   736,1s f45359] AIThink: 9,0 ms brains 1
[   736,4s f45370] AIThink: 6,9 ms brains 1
[   736,9s f45390] AIThink: 9,0 ms brains 1
[   737,3s f45404] AIThink: 6,3 ms brains 1
[   737,7s f45422] HutIncome: 15,8 ms huts 72
[   738,2s f45440] AIThink: 9,2 ms brains 1
[   738,6s f45454] AIThink: 7,6 ms brains 1
[   738,8s f45463] FRAME: 53,2 ms gc0+0 gc1+0 gc2+0
[   738,9s f45465] FRAME: 50,9 ms gc0+0 gc1+0 gc2+0
[   739,3s f45480] AIThink: 8,1 ms brains 1
[   739,5s f45488] AIThink: 7,5 ms brains 1
[   739,7s f45498] HutIncome: 17,5 ms huts 72
[   740,1s f45510] FRAME: 53,4 ms gc0+0 gc1+0 gc2+0
[   740,1s f45511] FRAME: 54,4 ms gc0+0 gc1+0 gc2+0
[   740,2s f45512] FRAME: 53,0 ms gc0+0 gc1+0 gc2+0
[   740,3s f45513] FRAME: 54,9 ms gc0+0 gc1+0 gc2+0
[   740,3s f45514] FRAME: 54,0 ms gc0+0 gc1+0 gc2+0
[   740,3s f45514] AIThink: 8,9 ms brains 1
[   740,7s f45526] AIThink: 7,2 ms brains 1
[   741,7s f45565] AIThink: 9,6 ms brains 1
[   741,8s f45568] HutIncome: 18,8 ms huts 72
[   741,8s f45568] AIThink: 7,6 ms brains 1
[   741,8s f45569] FRAME: 55,5 ms gc0+0 gc1+0 gc2+0
[   742,4s f45595] AIThink: 7,9 ms brains 1
[   742,9s f45611] AIThink: 8,5 ms brains 1
[   743,8s f45643] HutIncome: 17,5 ms huts 72
[   744,0s f45651] AIThink: 6,9 ms brains 1
[   744,1s f45653] AIThink: 9,1 ms brains 1
[   744,5s f45669] AIThink: 9,0 ms brains 1
[   745,0s f45688] AIThink: 7,3 ms brains 1
[   745,8s f45715] HutIncome: 15,9 ms huts 72
[   746,2s f45730] AIThink: 7,0 ms brains 1
[   746,4s f45736] AIThink: 9,7 ms brains 1
[   746,6s f45741] AIThink: 7,9 ms brains 1
[   747,2s f45763] AIThink: 7,1 ms brains 1
[   747,8s f45785] HutIncome: 15,6 ms huts 72
[   748,5s f45808] AIThink: 6,3 ms brains 1
[   748,7s f45815] AIThink: 8,5 ms brains 1
[   748,8s f45821] AIThink: 8,3 ms brains 1
[   749,4s f45840] AIThink: 6,7 ms brains 1
[   749,8s f45856] HutIncome: 16,8 ms huts 72
[   750,7s f45886] AIThink: 8,1 ms brains 1
[   750,8s f45889] AIThink: 9,6 ms brains 1
[   751,2s f45906] AIThink: 14,7 ms brains 1
[   751,5s f45916] AIThink: 7,5 ms brains 1
[   751,8s f45927] HutIncome: 15,7 ms huts 72
[   752,9s f45963] AIThink: 7,5 ms brains 1
[   752,9s f45965] AIThink: 7,2 ms brains 1
[   753,6s f45990] AIThink: 14,8 ms brains 1
[   753,7s f45992] AIThink: 6,8 ms brains 1
[   753,9s f45998] HutIncome: 15,4 ms huts 72
[   754,9s f46037] AIThink: 8,9 ms brains 1
[   755,2s f46045] AIThink: 6,5 ms brains 1
[   755,8s f46069] AIThink: 7,2 ms brains 1
[   755,9s f46070] HutIncome: 17,8 ms huts 72
[   756,0s f46074] AIThink: 17,4 ms brains 1
[   757,0s f46112] AIThink: 7,5 ms brains 1
[   757,4s f46126] AIThink: 6,9 ms brains 2
[   757,9s f46144] HutIncome: 15,3 ms huts 72
[   758,0s f46147] AIThink: 8,5 ms brains 1
[   758,4s f46161] AIThink: 17,2 ms brains 1
[   759,1s f46190] AIThink: 9,3 ms brains 1
[   759,6s f46209] AIThink: 8,2 ms brains 1
[   759,9s f46219] HutIncome: 18,1 ms huts 72
[   759,9s f46220] FRAME: 50,9 ms gc0+0 gc1+0 gc2+0
[   760,1s f46228] AIThink: 7,6 ms brains 1
[   760,8s f46250] AIThink: 17,9 ms brains 1
[   761,2s f46267] AIThink: 7,9 ms brains 1
[   761,9s f46293] AIThink: 10,1 ms brains 1
[   761,9s f46294] HutIncome: 17,1 ms huts 72
[   761,9s f46295] FRAME: 50,8 ms gc0+1 gc1+1 gc2+1
[   762,3s f46308] AIThink: 9,0 ms brains 1
[   763,1s f46340] AIThink: 17,1 ms brains 1
[   763,3s f46345] AIThink: 9,4 ms brains 1
[   763,9s f46369] HutIncome: 19,3 ms huts 72
[   764,1s f46376] AIThink: 7,0 ms brains 1
[   764,4s f46388] AIThink: 7,0 ms brains 1
[   765,4s f46422] AIThink: 8,8 ms brains 1
[   765,5s f46426] AIThink: 18,1 ms brains 1
[   766,0s f46443] HutIncome: 23,8 ms huts 72
[   766,0s f46444] FRAME: 51,2 ms gc0+0 gc1+0 gc2+0
[   766,4s f46459] AIThink: 7,0 ms brains 1
[   766,6s f46469] AIThink: 8,5 ms brains 2
[   767,5s f46502] AIThink: 6,9 ms brains 1
[   767,9s f46517] AIThink: 20,7 ms brains 1
[   767,9s f46518] FRAME: 54,1 ms gc0+0 gc1+0 gc2+0
[   768,0s f46519] HutIncome: 17,3 ms huts 72
[   768,0s f46520] FRAME: 50,1 ms gc0+0 gc1+0 gc2+0
[   768,6s f46543] AIThink: 6,4 ms brains 1
[   768,8s f46549] AIThink: 7,3 ms brains 1
[   769,6s f46578] AIThink: 8,1 ms brains 1
[   770,0s f46593] HutIncome: 17,9 ms huts 72
[   770,0s f46594] FRAME: 51,2 ms gc0+0 gc1+0 gc2+0
[   770,2s f46603] AIThink: 18,4 ms brains 1
[   770,8s f46628] AIThink: 7,7 ms brains 1
[   770,9s f46631] AIThink: 7,0 ms brains 1
[   771,7s f46661] AIThink: 10,7 ms brains 1
[   771,9s f46669] FRAME: 95,9 ms gc0+1 gc1+1 gc2+1
[   772,0s f46671] HutIncome: 18,1 ms huts 72
[   772,6s f46695] AIThink: 16,9 ms brains 1
[   773,1s f46714] AIThink: 14,3 ms brains 2
[   773,8s f46737] AIThink: 7,9 ms brains 1
[   774,0s f46747] HutIncome: 16,4 ms huts 72
[   775,0s f46786] AIThink: 15,5 ms brains 1
[   775,2s f46794] AIThink: 7,5 ms brains 1
[   775,3s f46798] AIThink: 7,0 ms brains 1
[   775,5s f46803] AIEndgame: 34,3 ms brains 1
[   775,6s f46804] FRAME: 63,3 ms gc0+0 gc1+0 gc2+0
[   775,6s f46805] FRAME: 68,9 ms gc0+0 gc1+0 gc2+0
[   775,8s f46813] AIThink: 8,8 ms brains 2
[   776,0s f46819] HutIncome: 20,1 ms huts 72
[   776,1s f46820] FRAME: 57,2 ms gc0+0 gc1+0 gc2+0
[   777,4s f46873] AIThink: 23,2 ms brains 2
[   777,4s f46874] FRAME: 54,2 ms gc0+0 gc1+0 gc2+0
[   777,6s f46878] AIThink: 7,3 ms brains 1
[   777,9s f46891] AIThink: 8,8 ms brains 1
[   778,0s f46895] HutIncome: 21,5 ms huts 72
[   779,6s f46954] AIThink: 9,4 ms brains 1
[   779,8s f46963] AIThink: 17,4 ms brains 1
[   779,8s f46964] AIThink: 7,5 ms brains 1
[   780,0s f46971] AIThink: 8,1 ms brains 1
[   780,1s f46973] HutIncome: 19,3 ms huts 72
[   781,7s f47038] AIThink: 8,4 ms brains 1
[   782,0s f47050] AIThink: 6,4 ms brains 1
[   782,1s f47051] HutIncome: 16,3 ms huts 72
[   782,1s f47052] AIThink: 8,4 ms brains 1
[   782,2s f47054] AIThink: 16,3 ms brains 1
[   783,9s f47121] AIThink: 8,5 ms brains 1
[   784,1s f47129] HutIncome: 18,0 ms huts 72
[   784,2s f47132] AIThink: 7,8 ms brains 1
[   784,3s f47135] AIThink: 8,3 ms brains 1
[   784,6s f47147] AIThink: 14,3 ms brains 1
[   786,0s f47193] AIThink: 7,4 ms brains 1
[   786,1s f47195] HutIncome: 19,9 ms huts 72
[   786,1s f47196] FRAME: 54,6 ms gc0+0 gc1+0 gc2+0
[   786,3s f47199] AIThink: 8,8 ms brains 1
[   786,5s f47207] AIThink: 8,0 ms brains 1
[   787,0s f47227] AIThink: 15,5 ms brains 1
[   787,6s f47250] FRAME: 51,3 ms gc0+0 gc1+0 gc2+0
[   787,6s f47251] FRAME: 51,9 ms gc0+0 gc1+0 gc2+0
[   787,7s f47252] FRAME: 51,8 ms gc0+0 gc1+0 gc2+0
[   787,7s f47253] FRAME: 51,4 ms gc0+0 gc1+0 gc2+0
[   787,8s f47254] FRAME: 51,8 ms gc0+0 gc1+0 gc2+0
[   788,1s f47263] HutIncome: 24,6 ms huts 72
[   788,2s f47264] FRAME: 51,2 ms gc0+0 gc1+0 gc2+0
[   788,2s f47265] AIThink: 7,8 ms brains 1
[   788,3s f47266] FRAME: 56,6 ms gc0+0 gc1+0 gc2+0
[   788,4s f47270] AIThink: 9,3 ms brains 1
[   788,8s f47283] AIThink: 5,4 ms brains 1
[   789,3s f47301] AIThink: 13,9 ms brains 1
[   790,2s f47330] HutIncome: 19,5 ms huts 72
[   790,2s f47331] FRAME: 53,0 ms gc0+0 gc1+0 gc2+0
[   790,3s f47335] FRAME: 50,1 ms gc0+0 gc1+0 gc2+0
[   790,5s f47336] AIThink: 8,4 ms brains 1
[   790,5s f47337] FRAME: 109,2 ms gc0+0 gc1+0 gc2+0
[   790,5s f47337] AIThink: 8,7 ms brains 1
[   790,5s f47338] FRAME: 51,2 ms gc0+1 gc1+1 gc2+1
[   791,0s f47357] AIThink: 6,5 ms brains 1
[   791,7s f47386] AIThink: 17,2 ms brains 1
[   792,2s f47403] HutIncome: 18,2 ms huts 72
[   792,3s f47406] FRAME: 57,9 ms gc0+0 gc1+0 gc2+0
[   792,4s f47410] FRAME: 52,4 ms gc0+0 gc1+0 gc2+0
[   792,5s f47414] AIThink: 7,6 ms brains 1
[   792,6s f47415] AIThink: 8,4 ms brains 1
[   793,2s f47442] AIThink: 7,1 ms brains 1
[   794,1s f47473] AIThink: 16,5 ms brains 1
[   794,2s f47476] HutIncome: 17,3 ms huts 72
[   794,2s f47477] FRAME: 56,3 ms gc0+0 gc1+0 gc2+0
[   794,7s f47493] AIThink: 7,5 ms brains 1
[   794,7s f47494] AIThink: 6,3 ms brains 1
[   795,5s f47521] AIThink: 6,3 ms brains 1
[   796,2s f47546] HutIncome: 17,0 ms huts 72
[   796,2s f47547] FRAME: 59,0 ms gc0+0 gc1+0 gc2+0
[   796,5s f47554] AIThink: 22,4 ms brains 1
[   796,5s f47555] FRAME: 51,6 ms gc0+0 gc1+0 gc2+0
[   796,8s f47563] AIThink: 9,1 ms brains 1
[   796,9s f47566] AIThink: 8,3 ms brains 1
[   797,7s f47596] AIThink: 6,4 ms brains 1
[   798,1s f47610] FRAME: 53,9 ms gc0+0 gc1+0 gc2+0
[   798,2s f47614] HutIncome: 18,1 ms huts 72
[   798,2s f47615] FRAME: 50,4 ms gc0+0 gc1+0 gc2+0
[   798,8s f47636] AIThink: 8,3 ms brains 1
[   798,9s f47637] AIThink: 16,2 ms brains 1
[   799,0s f47642] AIThink: 7,9 ms brains 1
[   799,9s f47675] AIThink: 6,3 ms brains 1
[   800,2s f47685] HutIncome: 20,4 ms huts 72
[   800,9s f47711] AIThink: 7,3 ms brains 1
[   801,2s f47721] AIThink: 7,2 ms brains 1
[   801,3s f47723] AIThink: 18,5 ms brains 1
[   802,1s f47756] AIThink: 6,9 ms brains 1
[   802,3s f47759] HutIncome: 22,4 ms huts 72
[   802,3s f47760] FRAME: 64,6 ms gc0+0 gc1+0 gc2+0
[   802,3s f47761] FRAME: 52,5 ms gc0+0 gc1+0 gc2+0
[   803,0s f47787] AIThink: 7,6 ms brains 1
[   803,3s f47800] AIThink: 6,4 ms brains 1
[   803,7s f47811] AIThink: 17,8 ms brains 1
[   803,7s f47813] FRAME: 57,0 ms gc0+0 gc1+0 gc2+0
[   804,3s f47831] HutIncome: 22,3 ms huts 72
[   804,4s f47835] AIThink: 7,1 ms brains 1
[   805,1s f47863] AIThink: 7,6 ms brains 1
[   805,5s f47877] AIThink: 6,9 ms brains 1
[   806,1s f47898] AIThink: 18,7 ms brains 1
[   806,1s f47899] FRAME: 54,4 ms gc0+0 gc1+0 gc2+0
[   806,3s f47904] HutIncome: 20,5 ms huts 72
[   806,6s f47916] AIThink: 6,7 ms brains 1
[   807,2s f47938] AIThink: 9,3 ms brains 1
[   807,3s f47941] FRAME: 58,9 ms gc0+0 gc1+0 gc2+0
[   807,7s f47953] AIThink: 7,1 ms brains 1
[   808,3s f47975] HutIncome: 20,6 ms huts 72
[   808,5s f47980] AIThink: 21,6 ms brains 1
[   808,5s f47981] FRAME: 62,8 ms gc0+0 gc1+0 gc2+0
[   808,8s f47994] AIThink: 6,4 ms brains 1
[   809,3s f48011] AIThink: 7,5 ms brains 1
[   809,8s f48029] AIThink: 7,7 ms brains 1
[   810,3s f48045] HutIncome: 23,1 ms huts 72
[   810,3s f48046] FRAME: 55,2 ms gc0+0 gc1+0 gc2+0
[   810,8s f48062] AIThink: 15,5 ms brains 1
[   811,1s f48071] AIThink: 6,1 ms brains 1
[   812,0s f48105] AIThink: 6,9 ms brains 1
[   812,1s f48111] VeilPulse: 5,0 ms 
[   812,3s f48115] AIEndgame: 17,7 ms brains 1
[   812,3s f48116] FRAME: 60,1 ms gc0+0 gc1+0 gc2+0
[   812,3s f48116] HutIncome: 19,0 ms huts 72
[   812,4s f48117] FRAME: 58,1 ms gc0+0 gc1+0 gc2+0
[   813,2s f48148] AIThink: 16,6 ms brains 1
[   813,3s f48150] AIThink: 7,0 ms brains 1
[   814,1s f48181] AIThink: 8,8 ms brains 1
[   814,2s f48182] VeilPulse: 5,1 ms 
[   814,2s f48183] FRAME: 52,0 ms gc0+0 gc1+0 gc2+0
[   814,4s f48187] HutIncome: 20,6 ms huts 72
[   815,0s f48209] FRAME: 111,8 ms gc0+0 gc1+0 gc2+0
[   815,2s f48214] FRAME: 50,3 ms gc0+0 gc1+0 gc2+0
[   815,6s f48226] AIThink: 14,4 ms brains 2
[   815,6s f48228] AIThink: 16,1 ms brains 1
[   816,3s f48253] AIThink: 8,0 ms brains 1
[   816,4s f48255] HutIncome: 19,8 ms huts 72
[   817,6s f48305] AIThink: 13,0 ms brains 1
[   817,8s f48311] AIThink: 6,6 ms brains 1
[   818,0s f48319] AIThink: 23,9 ms brains 1
[   818,1s f48320] FRAME: 51,1 ms gc0+0 gc1+0 gc2+0
[   818,4s f48330] HutIncome: 21,6 ms huts 72
[   818,5s f48332] AIThink: 8,1 ms brains 1
[   819,7s f48379] AIThink: 8,7 ms brains 1
[   820,0s f48390] AIThink: 11,1 ms brains 1
[   820,2s f48394] VeilPulse: 5,2 ms 
[   820,4s f48400] HutIncome: 19,0 ms huts 72
[   820,4s f48401] AIThink: 15,0 ms brains 1
[   820,5s f48403] FRAME: 59,3 ms gc0+0 gc1+0 gc2+0
[   820,6s f48406] AIThink: 7,3 ms brains 1
[   821,8s f48451] AIThink: 8,3 ms brains 1
[   822,3s f48468] AIThink: 7,8 ms brains 1
[   822,4s f48472] HutIncome: 21,0 ms huts 72
[   822,8s f48486] AIThink: 6,5 ms brains 1
[   822,8s f48488] AIThink: 16,0 ms brains 1
[   823,9s f48528] AIThink: 18,1 ms brains 1
[   823,9s f48529] FRAME: 55,7 ms gc0+0 gc1+0 gc2+0
[   824,2s f48536] VeilPulse: 5,1 ms 
[   824,4s f48544] HutIncome: 22,7 ms huts 72
[   824,5s f48547] AIThink: 6,2 ms brains 1
[   824,9s f48563] AIThink: 6,8 ms brains 1
[   825,2s f48573] AIThink: 15,8 ms brains 1
[   826,5s f48615] HutIncome: 25,2 ms huts 72
[   826,5s f48616] FRAME: 73,8 ms gc0+0 gc1+0 gc2+0
[   826,7s f48625] AIThink: 6,5 ms brains 1
[   827,1s f48639] AIThink: 5,8 ms brains 1
[   827,6s f48656] AIThink: 16,0 ms brains 1
[   828,1s f48675] VeilPulse: 5,1 ms 
[   828,5s f48684] HutIncome: 20,6 ms huts 72
[   828,5s f48685] FRAME: 53,8 ms gc0+0 gc1+0 gc2+0
[   829,0s f48700] AIThink: 10,4 ms brains 1
[   829,3s f48710] AIThink: 6,1 ms brains 1
[   830,0s f48731] AIThink: 14,5 ms brains 1
[   830,5s f48746] HutIncome: 20,7 ms huts 72
[   831,2s f48769] AIThink: 6,2 ms brains 1
[   831,4s f48777] AIThink: 6,7 ms brains 1
[   832,2s f48801] AIThink: 9,8 ms brains 1
[   832,4s f48805] AIThink: 21,7 ms brains 1
[   832,4s f48806] FRAME: 52,1 ms gc0+0 gc1+0 gc2+0
[   832,5s f48809] HutIncome: 21,0 ms huts 72
[   833,4s f48840] AIThink: 7,5 ms brains 1
[   833,6s f48845] AIThink: 7,1 ms brains 1
[   834,5s f48874] HutIncome: 20,5 ms huts 72
[   834,7s f48882] AIThink: 15,3 ms brains 1
[   835,3s f48904] FRAME: 55,8 ms gc0+0 gc1+0 gc2+0
[   835,4s f48905] FRAME: 55,0 ms gc0+1 gc1+1 gc2+1
[   835,7s f48913] AIThink: 6,2 ms brains 1
[   835,8s f48916] AIThink: 7,2 ms brains 1
[   836,2s f48930] FRAME: 115,7 ms gc0+0 gc1+0 gc2+0
[   836,3s f48931] FRAME: 56,8 ms gc0+1 gc1+1 gc2+1
[   836,4s f48934] FRAME: 53,1 ms gc0+0 gc1+0 gc2+0
[   836,5s f48939] HutIncome: 19,4 ms huts 72
[   837,1s f48959] AIThink: 16,1 ms brains 1
[   837,2s f48961] FRAME: 73,9 ms gc0+0 gc1+0 gc2+0
[   837,9s f48987] AIThink: 15,5 ms brains 2
[   838,1s f48990] FRAME: 81,4 ms gc0+0 gc1+0 gc2+0
[   838,2s f48992] FRAME: 62,9 ms gc0+0 gc1+0 gc2+0
[   838,5s f49003] AIThink: 9,0 ms brains 1
[   838,6s f49004] HutIncome: 21,0 ms huts 72
[   839,5s f49041] AIThink: 16,6 ms brains 1
[   839,5s f49042] FRAME: 51,0 ms gc0+0 gc1+0 gc2+0
[   840,1s f49063] AIThink: 8,1 ms brains 1
[   840,2s f49064] AIThink: 7,6 ms brains 1
[   840,2s f49064] VeilPulse: 5,1 ms 
[   840,6s f49078] HutIncome: 16,3 ms huts 72
[   840,6s f49079] AIThink: 8,8 ms brains 2
[   841,9s f49127] AIThink: 15,7 ms brains 1
[   842,0s f49129] FRAME: 58,1 ms gc0+0 gc1+0 gc2+0
[   842,3s f49139] AIThink: 7,7 ms brains 1
[   842,3s f49140] FRAME: 51,8 ms gc0+0 gc1+0 gc2+0
[   842,4s f49142] AIThink: 8,6 ms brains 1
[   842,4s f49143] FRAME: 52,0 ms gc0+0 gc1+0 gc2+0
[   842,6s f49148] HutIncome: 18,5 ms huts 72
[   842,7s f49152] AIThink: 8,8 ms brains 1
[   843,0s f49162] FRAME: 50,8 ms gc0+0 gc1+0 gc2+0
[   844,2s f49205] VeilPulse: 5,1 ms 
[   844,2s f49206] FRAME: 56,1 ms gc0+0 gc1+0 gc2+0
[   844,2s f49207] FRAME: 55,3 ms gc0+1 gc1+1 gc2+1
[   844,3s f49207] AIThink: 16,7 ms brains 1
[   844,3s f49208] FRAME: 66,8 ms gc0+0 gc1+0 gc2+0
[   844,4s f49212] AIThink: 7,1 ms brains 1
[   844,6s f49217] HutIncome: 21,3 ms huts 72
[   844,7s f49218] AIThink: 7,5 ms brains 1
[   844,7s f49219] FRAME: 55,6 ms gc0+0 gc1+0 gc2+0
[   844,8s f49223] AIThink: 9,9 ms brains 1
[   846,2s f49273] VeilPulse: 5,2 ms 
[   846,6s f49289] HutIncome: 17,4 ms huts 71
[   846,6s f49289] AIThink: 6,6 ms brains 1
[   846,7s f49290] FRAME: 53,7 ms gc0+0 gc1+0 gc2+0
[   846,7s f49290] AIThink: 24,5 ms brains 1
[   846,9s f49296] AIThink: 6,8 ms brains 1
[   846,9s f49297] AIThink: 8,2 ms brains 1
[   847,1s f49303] FRAME: 52,9 ms gc0+0 gc1+0 gc2+0
[   848,1s f49342] VeilPulse: 5,2 ms 
[   848,6s f49359] HutIncome: 16,9 ms huts 71
[   848,8s f49365] AIThink: 7,0 ms brains 1
[   849,0s f49371] AIThink: 8,5 ms brains 1
[   849,1s f49372] AIThink: 16,2 ms brains 1
[   849,1s f49373] FRAME: 56,9 ms gc0+0 gc1+0 gc2+0
[   849,1s f49373] AIThink: 8,4 ms brains 1
[   850,1s f49410] VeilPulse: 5,2 ms 
[   850,7s f49428] HutIncome: 16,4 ms huts 71
[   850,7s f49429] FRAME: 57,3 ms gc0+0 gc1+0 gc2+0
[   850,9s f49438] AIThink: 7,6 ms brains 1
[   851,0s f49440] FRAME: 52,4 ms gc0+0 gc1+0 gc2+0
[   851,1s f49443] AIThink: 9,3 ms brains 1
[   851,3s f49451] AIThink: 7,5 ms brains 1
[   851,4s f49455] AIThink: 15,0 ms brains 1
[   852,2s f49479] VeilPulse: 5,3 ms 
[   852,2s f49480] FRAME: 50,3 ms gc0+0 gc1+0 gc2+0
[   852,4s f49485] FRAME: 50,8 ms gc0+0 gc1+0 gc2+0
[   852,7s f49495] HutIncome: 16,1 ms huts 71
[   852,7s f49496] FRAME: 52,5 ms gc0+0 gc1+0 gc2+0
[   853,1s f49512] AIThink: 7,2 ms brains 1
[   853,2s f49514] AIThink: 8,5 ms brains 1
[   853,6s f49529] AIThink: 7,8 ms brains 1
[   853,8s f49537] AIThink: 15,4 ms brains 1
[   854,2s f49549] VeilPulse: 5,8 ms 
[   854,2s f49550] FRAME: 56,9 ms gc0+0 gc1+0 gc2+0
[   854,7s f49567] HutIncome: 17,2 ms huts 71
[   855,3s f49590] AIThink: 14,8 ms brains 2
[   855,8s f49612] AIThink: 8,4 ms brains 1
[   856,2s f49624] AIThink: 16,1 ms brains 1
[   856,7s f49642] HutIncome: 17,1 ms huts 71
[   857,2s f49659] FRAME: 62,9 ms gc0+1 gc1+1 gc2+1
[   857,4s f49664] AIThink: 8,5 ms brains 1
[   857,4s f49665] FRAME: 50,4 ms gc0+0 gc1+0 gc2+0
[   857,4s f49666] AIThink: 6,9 ms brains 1
[   858,1s f49690] FRAME: 50,9 ms gc0+0 gc1+0 gc2+0
[   858,1s f49690] AIThink: 7,5 ms brains 1
[   858,4s f49700] FRAME: 52,1 ms gc0+0 gc1+0 gc2+0
[   858,6s f49706] AIThink: 15,0 ms brains 1
[   858,7s f49711] HutIncome: 18,3 ms huts 71
[   859,2s f49728] VeilPulse: 5,4 ms 
[   859,5s f49737] AIThink: 8,1 ms brains 1
[   859,6s f49742] AIThink: 8,0 ms brains 1
[   860,2s f49761] VeilPulse: 5,1 ms 
[   860,3s f49764] FRAME: 50,4 ms gc0+0 gc1+0 gc2+0
[   860,3s f49765] AIThink: 9,4 ms brains 1
[   860,7s f49780] HutIncome: 18,5 ms huts 71
[   860,9s f49788] AIThink: 8,2 ms brains 1
[   861,2s f49795] VeilPulse: 5,0 ms 
[   861,2s f49796] FRAME: 51,6 ms gc0+0 gc1+0 gc2+0
[   861,6s f49808] AIThink: 10,6 ms brains 1
[   861,8s f49815] AIThink: 6,5 ms brains 1
[   861,8s f49816] FRAME: 51,1 ms gc0+0 gc1+0 gc2+0
[   861,9s f49821] AIEndgame: 8,7 ms brains 1
[   862,0s f49823] FRAME: 53,3 ms gc0+0 gc1+0 gc2+0
[   862,2s f49826] VeilPulse: 5,2 ms 
[   862,2s f49827] FRAME: 50,8 ms gc0+0 gc1+0 gc2+0
[   862,5s f49839] AIThink: 7,1 ms brains 1
[   862,7s f49845] HutIncome: 18,3 ms huts 71
[   863,1s f49856] FRAME: 52,7 ms gc0+0 gc1+0 gc2+0
[   863,3s f49865] AIThink: 9,6 ms brains 1
[   863,4s f49866] FRAME: 50,2 ms gc0+0 gc1+0 gc2+0
[   863,6s f49874] AIThink: 8,8 ms brains 1
[   863,9s f49885] AIThink: 7,0 ms brains 1
[   864,2s f49892] VeilPulse: 5,3 ms 
[   864,2s f49893] FRAME: 62,3 ms gc0+0 gc1+0 gc2+0
[   864,3s f49895] FRAME: 54,4 ms gc0+0 gc1+0 gc2+0
[   864,8s f49912] HutIncome: 18,2 ms huts 71
[   864,8s f49913] AIThink: 6,6 ms brains 1
[   865,0s f49922] FRAME: 54,7 ms gc0+0 gc1+0 gc2+0
[   865,7s f49944] AIThink: 21,7 ms brains 2
[   865,8s f49945] FRAME: 60,0 ms gc0+0 gc1+0 gc2+0
[   866,1s f49956] AIThink: 12,1 ms brains 1
[   866,2s f49958] VeilPulse: 5,0 ms 
[   866,8s f49980] HutIncome: 19,7 ms huts 71
[   866,8s f49982] FRAME: 50,9 ms gc0+0 gc1+0 gc2+0
[   867,0s f49989] AIThink: 6,8 ms brains 1
[   867,8s f50016] AIThink: 9,4 ms brains 1
[   868,1s f50026] AIThink: 10,1 ms brains 1
[   868,1s f50027] FRAME: 66,4 ms gc0+0 gc1+0 gc2+0
[   868,2s f50027] VeilPulse: 5,3 ms 
[   868,2s f50029] FRAME: 51,2 ms gc0+0 gc1+0 gc2+0
[   868,3s f50029] AIThink: 12,0 ms brains 1
[   868,8s f50048] HutIncome: 16,2 ms huts 71
[   869,3s f50066] AIThink: 7,0 ms brains 1
[   870,2s f50099] FRAME: 50,2 ms gc0+0 gc1+0 gc2+0
[   870,3s f50102] FRAME: 52,7 ms gc0+0 gc1+0 gc2+0
[   870,4s f50104] AIThink: 7,6 ms brains 1
[   870,5s f50106] AIThink: 9,0 ms brains 1
[   870,8s f50119] HutIncome: 17,1 ms huts 71
[   871,2s f50135] FRAME: 50,7 ms gc0+0 gc1+0 gc2+0
[   871,5s f50145] AIThink: 8,7 ms brains 1
[   872,0s f50163] AIThink: 11,5 ms brains 1
[   872,0s f50164] FRAME: 57,0 ms gc0+0 gc1+0 gc2+0
[   872,6s f50182] AIThink: 6,8 ms brains 1
[   872,8s f50192] HutIncome: 16,4 ms huts 71
[   872,9s f50193] FRAME: 51,5 ms gc0+0 gc1+0 gc2+0
[   872,9s f50193] AIThink: 8,4 ms brains 1
[   873,7s f50226] AIThink: 7,2 ms brains 1
[   874,1s f50238] AIThink: 11,2 ms brains 1
[   874,2s f50240] VeilPulse: 5,0 ms 
[   874,2s f50241] FRAME: 55,3 ms gc0+0 gc1+0 gc2+0
[   874,7s f50258] AIThink: 6,9 ms brains 1
[   874,8s f50262] HutIncome: 17,6 ms huts 71
[   875,2s f50275] FRAME: 66,2 ms gc0+0 gc1+0 gc2+0
[   875,3s f50277] AIThink: 9,4 ms brains 1
[   875,3s f50278] FRAME: 50,4 ms gc0+0 gc1+0 gc2+0
[   876,0s f50302] AIThink: 7,5 ms brains 1
[   876,2s f50307] VeilPulse: 5,3 ms 
[   876,2s f50309] FRAME: 51,1 ms gc0+0 gc1+0 gc2+0
[   876,8s f50328] HutIncome: 16,6 ms huts 71
[   876,9s f50329] AIThink: 7,3 ms brains 1
[   877,6s f50356] AIThink: 8,4 ms brains 1
[   878,2s f50375] VeilPulse: 5,4 ms 
[   878,2s f50376] AIThink: 9,0 ms brains 2
[   878,9s f50396] HutIncome: 16,5 ms huts 70
[   878,9s f50397] FRAME: 51,1 ms gc0+0 gc1+0 gc2+0
[   880,0s f50434] FRAME: 61,0 ms gc0+0 gc1+0 gc2+0
[   880,0s f50435] AIThink: 9,2 ms brains 1
[   880,2s f50440] FRAME: 51,5 ms gc0+0 gc1+0 gc2+0
[   880,5s f50448] AIThink: 8,3 ms brains 1
[   880,6s f50450] FRAME: 51,0 ms gc0+0 gc1+0 gc2+0
[   880,9s f50463] HutIncome: 17,8 ms huts 70
[   882,2s f50507] VeilPulse: 5,4 ms 
[   882,2s f50509] FRAME: 62,5 ms gc0+0 gc1+0 gc2+0
[   882,4s f50514] AIThink: 10,4 ms brains 2
[   882,7s f50524] AIThink: 6,7 ms brains 1
[   882,9s f50531] HutIncome: 17,1 ms huts 70
[   884,5s f50589] AIThink: 9,2 ms brains 1
[   884,8s f50600] AIThink: 8,3 ms brains 1
[   884,9s f50603] HutIncome: 17,8 ms huts 70
[   885,0s f50604] FRAME: 54,9 ms gc0+0 gc1+0 gc2+0
[   885,0s f50604] AIThink: 7,4 ms brains 1
[   886,6s f50663] AIThink: 9,1 ms brains 1
[   887,0s f50674] HutIncome: 18,5 ms huts 70
[   887,2s f50683] AIThink: 18,1 ms brains 2
[   887,3s f50684] FRAME: 67,9 ms gc0+0 gc1+0 gc2+0
[   888,2s f50714] FRAME: 58,5 ms gc0+0 gc1+0 gc2+0
[   888,2s f50715] FRAME: 51,9 ms gc0+0 gc1+0 gc2+0
[   888,7s f50730] AIThink: 8,5 ms brains 1
[   889,0s f50739] HutIncome: 17,9 ms huts 70
[   889,0s f50740] FRAME: 53,4 ms gc0+0 gc1+0 gc2+0
[   889,4s f50753] FRAME: 53,9 ms gc0+0 gc1+0 gc2+0
[   889,5s f50754] AIThink: 6,9 ms brains 1
[   889,6s f50759] AIThink: 7,5 ms brains 1
[   890,2s f50781] FRAME: 51,7 ms gc0+0 gc1+0 gc2+0
[   890,3s f50782] FRAME: 51,5 ms gc0+0 gc1+0 gc2+0
[   890,3s f50783] FRAME: 52,2 ms gc0+0 gc1+0 gc2+0
[   890,8s f50797] AIThink: 8,9 ms brains 1
[   890,9s f50798] AIEndgame: 5,2 ms brains 1
[   891,0s f50803] HutIncome: 17,8 ms huts 70
[   891,1s f50806] FRAME: 54,6 ms gc0+0 gc1+0 gc2+0
[   891,2s f50809] FRAME: 59,9 ms gc0+0 gc1+0 gc2+0
[   891,6s f50818] FRAME: 67,7 ms gc0+0 gc1+0 gc2+0
[   891,7s f50821] AIThink: 8,3 ms brains 1
[   892,0s f50830] AIThink: 8,8 ms brains 1
[   892,1s f50834] FRAME: 50,1 ms gc0+0 gc1+0 gc2+0
[   892,9s f50859] AIThink: 10,3 ms brains 1
[   892,9s f50860] FRAME: 50,4 ms gc0+0 gc1+0 gc2+0
[   893,0s f50863] HutIncome: 17,2 ms huts 70
[   893,0s f50864] FRAME: 52,0 ms gc0+0 gc1+0 gc2+0
[   893,3s f50874] InfluenceTick: 5,7 ms 
[   894,4s f50910] FRAME: 54,8 ms gc0+0 gc1+0 gc2+0
[   894,4s f50910] AIThink: 8,9 ms brains 1
[   895,0s f50931] AIThink: 9,3 ms brains 1
[   895,0s f50933] HutIncome: 17,6 ms huts 71
[   895,1s f50934] FRAME: 54,3 ms gc0+0 gc1+0 gc2+0
[   895,2s f50938] FRAME: 55,8 ms gc0+0 gc1+0 gc2+0
[   896,2s f50972] VeilPulse: 5,3 ms 
[   896,2s f50973] AIThink: 9,2 ms brains 1
[   896,2s f50974] FRAME: 56,5 ms gc0+0 gc1+0 gc2+0
[   896,4s f50978] AIThink: 6,8 ms brains 1
[   896,8s f50993] AIThink: 7,9 ms brains 1
[   896,9s f50997] FRAME: 50,2 ms gc0+0 gc1+0 gc2+0
[   897,0s f51001] HutIncome: 18,6 ms huts 71
[   898,4s f51050] AIThink: 7,8 ms brains 1
[   898,5s f51053] AIThink: 7,9 ms brains 1
[   898,6s f51054] FRAME: 60,3 ms gc0+0 gc1+0 gc2+0
[   899,0s f51071] HutIncome: 17,1 ms huts 71
[   899,2s f51076] AIThink: 17,3 ms brains 2
[   899,2s f51077] FRAME: 64,0 ms gc0+0 gc1+0 gc2+0
[   900,6s f51128] FRAME: 51,7 ms gc0+0 gc1+0 gc2+0
[   900,7s f51129] AIThink: 7,6 ms brains 2
[   900,8s f51133] AIThink: 9,5 ms brains 1
[   900,9s f51135] FRAME: 54,4 ms gc0+0 gc1+0 gc2+0
[   901,0s f51139] HutIncome: 15,0 ms huts 71
[   901,5s f51155] FRAME: 55,5 ms gc0+0 gc1+0 gc2+0
[   901,6s f51157] AIThink: 12,6 ms brains 1
[   901,6s f51158] FRAME: 66,4 ms gc0+0 gc1+0 gc2+0
[   902,8s f51203] AIThink: 7,3 ms brains 1
[   903,1s f51211] HutIncome: 15,8 ms huts 71
[   903,9s f51244] AIThink: 8,9 ms brains 1
[   904,0s f51247] FRAME: 63,6 ms gc0+0 gc1+0 gc2+0
[   904,1s f51248] FRAME: 59,9 ms gc0+0 gc1+0 gc2+0
[   904,2s f51249] FRAME: 59,2 ms gc0+0 gc1+0 gc2+0
[   904,2s f51250] FRAME: 60,6 ms gc0+0 gc1+0 gc2+0
[   904,3s f51251] FRAME: 58,8 ms gc0+0 gc1+0 gc2+0
[   904,3s f51252] FRAME: 59,0 ms gc0+0 gc1+0 gc2+0
[   904,4s f51253] FRAME: 58,9 ms gc0+0 gc1+0 gc2+0
[   904,4s f51254] FRAME: 50,5 ms gc0+0 gc1+0 gc2+0
[   904,5s f51255] FRAME: 50,1 ms gc0+0 gc1+0 gc2+0
[   904,5s f51256] FRAME: 50,7 ms gc0+0 gc1+0 gc2+0
[   905,0s f51271] AIThink: 6,6 ms brains 1
[   905,1s f51274] HutIncome: 18,3 ms huts 71
[   905,2s f51278] FRAME: 53,3 ms gc0+0 gc1+0 gc2+0
[   905,4s f51286] AIThink: 8,7 ms brains 1
[   906,3s f51316] AIThink: 9,4 ms brains 1
[   907,1s f51345] HutIncome: 18,6 ms huts 71
[   907,2s f51347] AIThink: 7,0 ms brains 1
[   907,4s f51353] AIThink: 6,6 ms brains 1
[   908,6s f51392] FRAME: 56,7 ms gc0+0 gc1+0 gc2+0
[   908,7s f51396] AIThink: 7,9 ms brains 1
[   909,1s f51412] HutIncome: 22,5 ms huts 71
[   909,3s f51419] AIThink: 7,2 ms brains 1
[   909,6s f51430] AIThink: 9,3 ms brains 1
[   911,1s f51480] AIThink: 9,3 ms brains 1
[   911,1s f51482] HutIncome: 17,7 ms huts 71
[   911,5s f51495] AIThink: 7,0 ms brains 1
[   912,0s f51512] FRAME: 54,5 ms gc0+0 gc1+0 gc2+0
[   912,4s f51523] AIThink: 8,2 ms brains 1
[   913,2s f51551] HutIncome: 21,9 ms huts 71
[   913,2s f51552] FRAME: 62,8 ms gc0+0 gc1+0 gc2+0
[   913,4s f51561] AIThink: 8,5 ms brains 1
[   913,6s f51567] AIThink: 7,4 ms brains 1
[   913,8s f51573] AIThink: 9,1 ms brains 1
[   915,1s f51619] HutIncome: 17,1 ms huts 71
[   915,2s f51622] FRAME: 52,3 ms gc0+0 gc1+0 gc2+0
[   915,8s f51643] AIThink: 7,4 ms brains 1
[   915,8s f51644] AIThink: 9,1 ms brains 1
[   915,9s f51646] AIThink: 8,9 ms brains 1
[   916,2s f51656] FRAME: 51,5 ms gc0+0 gc1+0 gc2+0
[   916,5s f51663] FRAME: 51,7 ms gc0+0 gc1+0 gc2+0
[   917,1s f51687] HutIncome: 18,3 ms huts 71
[   917,2s f51688] FRAME: 50,8 ms gc0+0 gc1+0 gc2+0
[   917,7s f51707] FRAME: 54,0 ms gc0+0 gc1+0 gc2+0
[   918,0s f51714] AIThink: 8,0 ms brains 1
[   918,0s f51715] AIThink: 10,4 ms brains 1
[   918,2s f51720] FRAME: 51,9 ms gc0+0 gc1+0 gc2+0
[   918,2s f51721] AIThink: 10,4 ms brains 1
[   919,2s f51754] HutIncome: 17,9 ms huts 71
[   919,2s f51755] FRAME: 62,6 ms gc0+0 gc1+0 gc2+0
[   920,1s f51785] AIThink: 8,9 ms brains 1
[   920,1s f51786] AIThink: 10,7 ms brains 1
[   920,1s f51787] FRAME: 57,0 ms gc0+0 gc1+0 gc2+0
[   920,6s f51803] AIThink: 9,1 ms brains 1
[   921,2s f51822] FRAME: 50,0 ms gc0+0 gc1+0 gc2+0
[   921,2s f51822] HutIncome: 17,4 ms huts 71
[   922,2s f51857] FRAME: 53,2 ms gc0+0 gc1+0 gc2+0
[   922,3s f51858] AIThink: 9,9 ms brains 1
[   922,3s f51859] FRAME: 56,3 ms gc0+0 gc1+0 gc2+0
[   922,7s f51872] FRAME: 57,1 ms gc0+0 gc1+0 gc2+0
[   923,0s f51881] AIThink: 10,1 ms brains 1
[   923,0s f51882] FRAME: 50,4 ms gc0+0 gc1+0 gc2+0
[   923,2s f51887] HutIncome: 15,6 ms huts 71
[   924,2s f51920] FRAME: 52,3 ms gc0+0 gc1+0 gc2+0
[   924,3s f51920] AIThink: 9,3 ms brains 1
[   924,3s f51921] FRAME: 64,1 ms gc0+1 gc1+1 gc2+1
[   924,4s f51924] FRAME: 53,4 ms gc0+0 gc1+0 gc2+0
[   924,5s f51925] AIThink: 7,7 ms brains 1
[   925,2s f51951] FRAME: 50,6 ms gc0+0 gc1+0 gc2+0
[   925,2s f51951] HutIncome: 16,2 ms huts 71
[   925,3s f51952] FRAME: 57,2 ms gc0+0 gc1+0 gc2+0
[   925,4s f51956] AIThink: 8,7 ms brains 1
[   926,2s f51983] FRAME: 57,6 ms gc0+0 gc1+0 gc2+0
[   926,3s f51985] FRAME: 56,4 ms gc0+0 gc1+0 gc2+0
[   926,6s f51993] AIThink: 8,1 ms brains 1
[   926,9s f52002] FRAME: 50,7 ms gc0+0 gc1+0 gc2+0
[   927,3s f52014] HutIncome: 16,7 ms huts 71
[   927,8s f52032] AIThink: 8,9 ms brains 1
[   928,4s f52052] AIThink: 10,0 ms brains 1
[   928,8s f52063] AIThink: 7,9 ms brains 1
[   928,8s f52065] FRAME: 52,6 ms gc0+0 gc1+0 gc2+0
[   929,3s f52079] HutIncome: 18,3 ms huts 71
[   929,3s f52080] FRAME: 58,8 ms gc0+0 gc1+0 gc2+0
[   929,4s f52083] FRAME: 59,2 ms gc0+0 gc1+0 gc2+0
[   929,5s f52085] FRAME: 50,1 ms gc0+0 gc1+0 gc2+0
[   930,2s f52106] AIThink: 10,5 ms brains 1
[   930,2s f52107] FRAME: 66,7 ms gc0+0 gc1+0 gc2+0
[   930,9s f52130] AIThink: 8,5 ms brains 1
[   931,1s f52135] FRAME: 58,6 ms gc0+0 gc1+0 gc2+0
[   931,3s f52140] HutIncome: 16,6 ms huts 71
[   931,9s f52161] FRAME: 50,3 ms gc0+0 gc1+0 gc2+0
[   932,2s f52169] FRAME: 53,1 ms gc0+0 gc1+0 gc2+0
[   932,6s f52179] AIThink: 8,7 ms brains 1
[   932,6s f52181] AIThink: 9,2 ms brains 1
[   932,8s f52185] FRAME: 66,5 ms gc0+0 gc1+0 gc2+0
[   933,0s f52191] FRAME: 60,6 ms gc0+0 gc1+0 gc2+0
[   933,1s f52194] AIThink: 8,6 ms brains 1
[   933,2s f52197] FRAME: 53,4 ms gc0+0 gc1+0 gc2+0
[   933,3s f52198] HutIncome: 16,4 ms huts 71
[   934,7s f52245] AIThink: 10,5 ms brains 1
[   935,0s f52252] AIThink: 10,5 ms brains 1
[   935,3s f52260] AIThink: 7,9 ms brains 1
[   935,3s f52261] HutIncome: 18,9 ms huts 71
[   935,7s f52274] FRAME: 59,2 ms gc0+0 gc1+0 gc2+0
[   936,0s f52280] FRAME: 56,6 ms gc0+0 gc1+0 gc2+0
[   937,0s f52311] FRAME: 54,0 ms gc0+0 gc1+0 gc2+0
[   937,3s f52321] HutIncome: 16,0 ms huts 71
[   937,4s f52322] FRAME: 52,4 ms gc0+0 gc1+0 gc2+0
[   937,4s f52322] AIThink: 8,4 ms brains 1
[   937,4s f52324] AIThink: 7,5 ms brains 1
[   937,8s f52335] FRAME: 58,4 ms gc0+0 gc1+0 gc2+0
[   938,5s f52355] FRAME: 51,5 ms gc0+0 gc1+0 gc2+0
[   938,8s f52366] FRAME: 50,6 ms gc0+0 gc1+0 gc2+0
[   939,1s f52373] FRAME: 55,8 ms gc0+0 gc1+0 gc2+0
[   939,3s f52380] HutIncome: 16,2 ms huts 72
[   939,6s f52389] AIThink: 8,5 ms brains 1
[   939,6s f52390] FRAME: 50,8 ms gc0+0 gc1+0 gc2+0
[   939,8s f52394] AIThink: 9,7 ms brains 1
[   940,3s f52410] FRAME: 52,3 ms gc0+0 gc1+0 gc2+0
[   941,0s f52433] AIThink: 12,7 ms brains 2
[   941,3s f52442] HutIncome: 16,4 ms huts 72
[   941,8s f52455] AIThink: 8,4 ms brains 1
[   942,2s f52468] AIThink: 9,2 ms brains 1
[   942,4s f52475] FRAME: 57,5 ms gc0+0 gc1+0 gc2+0
[   942,6s f52481] FRAME: 50,1 ms gc0+0 gc1+0 gc2+0
[   943,2s f52500] FRAME: 67,9 ms gc0+0 gc1+0 gc2+0
[   943,4s f52503] HutIncome: 24,2 ms huts 72
[   943,4s f52504] FRAME: 59,0 ms gc0+0 gc1+0 gc2+0
[   943,5s f52505] FRAME: 52,6 ms gc0+0 gc1+0 gc2+0
[   943,6s f52508] FRAME: 51,3 ms gc0+0 gc1+0 gc2+0
[   943,8s f52514] FRAME: 51,8 ms gc0+0 gc1+0 gc2+0
[   943,9s f52517] AIThink: 9,6 ms brains 1
[   944,0s f52520] FRAME: 63,4 ms gc0+0 gc1+0 gc2+0
[   944,5s f52534] AIThink: 9,9 ms brains 1
[   944,6s f52536] FRAME: 56,2 ms gc0+0 gc1+0 gc2+0
[   944,9s f52542] FRAME: 51,4 ms gc0+0 gc1+0 gc2+0
[   945,3s f52553] AIThink: 11,1 ms brains 1
[   945,3s f52554] FRAME: 51,3 ms gc0+0 gc1+0 gc2+0
[   945,4s f52557] HutIncome: 17,5 ms huts 72
[   945,7s f52567] FRAME: 56,7 ms gc0+0 gc1+0 gc2+0
[   946,0s f52577] FRAME: 51,1 ms gc0+0 gc1+0 gc2+0
[   946,1s f52578] AIThink: 8,4 ms brains 1
[   946,1s f52579] FRAME: 53,1 ms gc0+0 gc1+0 gc2+0
[   946,2s f52580] FRAME: 67,4 ms gc0+0 gc1+0 gc2+0
[   946,5s f52589] FRAME: 55,8 ms gc0+0 gc1+0 gc2+0
[   946,9s f52600] AIThink: 9,5 ms brains 1
[   947,0s f52601] FRAME: 72,3 ms gc0+0 gc1+0 gc2+0
[   947,2s f52605] VeilPulse: 5,2 ms 
[   947,2s f52606] FRAME: 59,5 ms gc0+0 gc1+0 gc2+0
[   947,3s f52608] FRAME: 54,4 ms gc0+0 gc1+0 gc2+0
[   947,4s f52611] HutIncome: 17,3 ms huts 72
[   947,5s f52614] FRAME: 50,5 ms gc0+1 gc1+1 gc2+1
[   947,6s f52617] FRAME: 52,5 ms gc0+0 gc1+0 gc2+0
[   947,8s f52623] FRAME: 51,8 ms gc0+0 gc1+0 gc2+0
[   948,2s f52633] FRAME: 57,7 ms gc0+0 gc1+0 gc2+0
[   948,3s f52635] AIThink: 8,3 ms brains 1
[   948,3s f52636] FRAME: 53,1 ms gc0+0 gc1+0 gc2+0
[   948,5s f52643] FRAME: 50,4 ms gc0+0 gc1+0 gc2+0
[   948,8s f52650] FRAME: 50,7 ms gc0+0 gc1+0 gc2+0
[   949,2s f52663] FRAME: 58,4 ms gc0+0 gc1+0 gc2+0
[   949,3s f52666] AIThink: 14,7 ms brains 2
[   949,4s f52669] FRAME: 53,1 ms gc0+0 gc1+0 gc2+0
[   949,5s f52669] HutIncome: 20,5 ms huts 72
[   949,7s f52675] FRAME: 54,1 ms gc0+0 gc1+0 gc2+0
[   950,0s f52685] FRAME: 52,3 ms gc0+0 gc1+0 gc2+0
[   950,2s f52691] FRAME: 51,5 ms gc0+0 gc1+0 gc2+0
[   950,4s f52696] AIThink: 9,1 ms brains 1
[   950,4s f52697] FRAME: 53,4 ms gc0+0 gc1+0 gc2+0
[   951,2s f52719] FRAME: 61,8 ms gc0+0 gc1+0 gc2+0
[   951,5s f52728] InfluenceTick: 6,0 ms 
[   951,5s f52728] HutIncome: 18,7 ms huts 72
[   951,5s f52729] FRAME: 63,3 ms gc0+0 gc1+0 gc2+0
[   951,7s f52735] FRAME: 51,4 ms gc0+0 gc1+0 gc2+0
[   951,8s f52735] AIThink: 12,1 ms brains 1
[   951,9s f52738] FRAME: 57,6 ms gc0+0 gc1+0 gc2+0
[   952,4s f52755] FRAME: 60,5 ms gc0+0 gc1+0 gc2+0
[   952,5s f52756] FRAME: 50,8 ms gc0+1 gc1+1 gc2+1
[   952,6s f52758] AIThink: 9,0 ms brains 1
[   953,5s f52787] HutIncome: 16,0 ms huts 72
[   953,6s f52791] AIThink: 11,2 ms brains 1
[   954,0s f52801] FRAME: 70,2 ms gc0+0 gc1+0 gc2+0
[   954,1s f52803] FRAME: 60,9 ms gc0+0 gc1+0 gc2+0
[   954,2s f52805] AIThink: 10,4 ms brains 1
[   954,2s f52806] FRAME: 54,0 ms gc0+0 gc1+0 gc2+0
[   954,3s f52809] FRAME: 52,2 ms gc0+0 gc1+0 gc2+0
[   954,8s f52823] AIThink: 8,3 ms brains 1
[   954,9s f52827] FRAME: 51,3 ms gc0+0 gc1+0 gc2+0
[   955,5s f52846] HutIncome: 20,5 ms huts 73
[   955,7s f52853] AIThink: 11,0 ms brains 1
[   956,2s f52867] FRAME: 66,7 ms gc0+0 gc1+0 gc2+0
[   956,3s f52869] FRAME: 55,1 ms gc0+0 gc1+0 gc2+0
[   956,5s f52876] AIThink: 10,6 ms brains 1
[   956,7s f52882] AIThink: 9,3 ms brains 1
[   956,9s f52889] FRAME: 59,5 ms gc0+0 gc1+0 gc2+0
[   957,0s f52889] AIThink: 8,7 ms brains 1
[   957,5s f52907] HutIncome: 18,8 ms huts 73
[   958,2s f52927] FRAME: 59,6 ms gc0+0 gc1+0 gc2+0
[   958,9s f52950] AIThink: 10,0 ms brains 1
[   959,0s f52952] AIThink: 10,7 ms brains 1
[   959,0s f52953] FRAME: 56,9 ms gc0+0 gc1+0 gc2+0
[   959,1s f52955] AIThink: 8,6 ms brains 1
[   959,5s f52968] HutIncome: 17,3 ms huts 73
[   959,6s f52969] FRAME: 54,4 ms gc0+0 gc1+0 gc2+0
[   959,9s f52979] AIThink: 11,7 ms brains 1
[   961,1s f53011] FRAME: 235,8 ms gc0+0 gc1+0 gc2+0
[   961,2s f53012] FRAME: 64,9 ms gc0+0 gc1+0 gc2+0
[   961,2s f53013] FRAME: 51,5 ms gc0+1 gc1+1 gc2+1
[   961,3s f53013] AIThink: 9,4 ms brains 1
[   961,3s f53014] FRAME: 57,4 ms gc0+0 gc1+0 gc2+0
[   961,3s f53014] AIThink: 17,3 ms brains 2
[   961,6s f53021] HutIncome: 18,9 ms huts 73
[   961,6s f53022] FRAME: 56,7 ms gc0+0 gc1+0 gc2+0
[   961,9s f53031] FRAME: 56,0 ms gc0+0 gc1+0 gc2+0
[   962,0s f53034] FRAME: 56,1 ms gc0+0 gc1+0 gc2+0
[   962,2s f53039] VeilPulse: 5,1 ms 
[   962,2s f53041] FRAME: 56,5 ms gc0+0 gc1+0 gc2+0
[   962,4s f53044] FRAME: 63,8 ms gc0+0 gc1+0 gc2+0
[   962,4s f53045] FRAME: 51,5 ms gc0+0 gc1+0 gc2+0
[   962,4s f53045] InfluenceTick: 5,2 ms 
[   962,5s f53046] FRAME: 57,2 ms gc0+0 gc1+0 gc2+0
[   962,6s f53048] FRAME: 51,5 ms gc0+1 gc1+1 gc2+1
[   962,6s f53049] FRAME: 56,4 ms gc0+0 gc1+0 gc2+0
[   962,7s f53052] FRAME: 57,8 ms gc0+0 gc1+0 gc2+0
[   963,2s f53066] FRAME: 52,3 ms gc0+0 gc1+0 gc2+0
[   963,5s f53073] AIThink: 10,7 ms brains 2
[   963,6s f53075] HutIncome: 17,9 ms huts 73
[   963,6s f53076] FRAME: 62,2 ms gc0+0 gc1+0 gc2+0
[   963,7s f53079] FRAME: 57,5 ms gc0+0 gc1+0 gc2+0
[   963,7s f53079] AIThink: 10,1 ms brains 1
[   963,8s f53080] FRAME: 51,9 ms gc0+0 gc1+0 gc2+0
[   964,6s f53105] FRAME: 57,4 ms gc0+0 gc1+0 gc2+0
[   964,9s f53111] FRAME: 56,3 ms gc0+1 gc1+1 gc2+1
[   965,2s f53120] FRAME: 60,1 ms gc0+0 gc1+0 gc2+0
[   965,6s f53129] HutIncome: 18,7 ms huts 73
[   965,6s f53131] AIThink: 8,8 ms brains 1
[   965,7s f53132] FRAME: 53,8 ms gc0+0 gc1+0 gc2+0
[   965,7s f53133] AIThink: 10,4 ms brains 1
[   966,1s f53146] AIThink: 10,3 ms brains 1
[   966,2s f53149] FRAME: 67,2 ms gc0+0 gc1+0 gc2+0
[   966,3s f53151] FRAME: 59,3 ms gc0+1 gc1+1 gc2+1
[   967,4s f53185] FRAME: 53,8 ms gc0+0 gc1+0 gc2+0
[   967,6s f53190] HutIncome: 16,2 ms huts 73
[   967,8s f53196] AIThink: 9,8 ms brains 1
[   968,0s f53201] AIThink: 10,5 ms brains 1
[   968,0s f53202] FRAME: 57,3 ms gc0+0 gc1+0 gc2+0
[   968,2s f53208] FRAME: 50,6 ms gc0+0 gc1+0 gc2+0
[   968,4s f53211] FRAME: 57,3 ms gc0+0 gc1+0 gc2+0
[   968,5s f53214] AIThink: 11,0 ms brains 1
[   969,2s f53233] FRAME: 61,0 ms gc0+0 gc1+0 gc2+0
[   969,5s f53241] InfluenceTick: 5,2 ms 
[   969,5s f53242] FRAME: 55,4 ms gc0+0 gc1+0 gc2+0
[   969,6s f53244] HutIncome: 17,6 ms huts 73
[   969,6s f53245] FRAME: 59,6 ms gc0+0 gc1+0 gc2+0
[   969,9s f53255] AIThink: 8,1 ms brains 1
[   970,0s f53256] FRAME: 62,6 ms gc0+0 gc1+0 gc2+0
[   970,2s f53262] InfluenceTick: 5,7 ms 
[   970,2s f53263] FRAME: 60,9 ms gc0+0 gc1+0 gc2+0
[   970,2s f53263] AIThink: 10,2 ms brains 1
[   970,3s f53264] InfluenceTick: 5,4 ms 
[   970,3s f53265] FRAME: 53,0 ms gc0+0 gc1+0 gc2+0
[   970,4s f53268] FRAME: 52,7 ms gc0+0 gc1+0 gc2+0
[   970,6s f53273] InfluenceTick: 5,2 ms 
[   970,6s f53274] FRAME: 58,8 ms gc0+0 gc1+0 gc2+0
[   970,9s f53280] AIThink: 11,3 ms brains 1
[   970,9s f53281] FRAME: 52,7 ms gc0+0 gc1+0 gc2+0
[   971,1s f53287] FRAME: 53,7 ms gc0+0 gc1+0 gc2+0
[   971,2s f53289] FRAME: 68,6 ms gc0+1 gc1+1 gc2+1
[   971,6s f53299] HutIncome: 17,6 ms huts 73
[   971,6s f53300] FRAME: 55,2 ms gc0+0 gc1+0 gc2+0
[   972,0s f53313] FRAME: 59,0 ms gc0+0 gc1+0 gc2+0
[   972,1s f53314] AIThink: 8,7 ms brains 1
[   972,2s f53316] FRAME: 57,0 ms gc0+0 gc1+0 gc2+0
[   972,3s f53317] InfluenceTick: 5,2 ms 
[   972,3s f53318] FRAME: 51,7 ms gc0+0 gc1+0 gc2+0
[   972,4s f53321] FRAME: 52,6 ms gc0+0 gc1+0 gc2+0
[   973,2s f53342] FRAME: 51,8 ms gc0+0 gc1+0 gc2+0
[   973,3s f53344] FRAME: 51,3 ms gc0+1 gc1+1 gc2+1
[   973,3s f53344] AIThink: 10,0 ms brains 1
[   973,3s f53345] FRAME: 56,4 ms gc0+0 gc1+0 gc2+0
[   973,6s f53353] HutIncome: 16,5 ms huts 73
[   973,7s f53354] FRAME: 65,3 ms gc0+0 gc1+0 gc2+0
[   974,2s f53368] FRAME: 69,2 ms gc0+0 gc1+0 gc2+0
[   974,2s f53369] FRAME: 50,9 ms gc0+0 gc1+0 gc2+0
[   974,3s f53370] FRAME: 54,2 ms gc0+0 gc1+0 gc2+0
[   974,3s f53370] AIThink: 10,4 ms brains 1
[   974,6s f53378] AIThink: 10,2 ms brains 1
[   974,6s f53379] InfluenceTick: 5,0 ms 
[   974,7s f53382] AIThink: 12,3 ms brains 1
[   974,7s f53383] FRAME: 55,0 ms gc0+0 gc1+0 gc2+0
[   975,0s f53389] FRAME: 69,6 ms gc0+0 gc1+0 gc2+0
[   975,2s f53394] FRAME: 54,3 ms gc0+0 gc1+0 gc2+0
[   975,4s f53399] FRAME: 55,1 ms gc0+0 gc1+0 gc2+0
[   975,7s f53406] HutIncome: 22,0 ms huts 73
[   975,7s f53407] FRAME: 54,8 ms gc0+0 gc1+0 gc2+0
[   975,7s f53407] AIThink: 11,0 ms brains 1
[   975,8s f53409] FRAME: 59,6 ms gc0+0 gc1+0 gc2+0
[   976,2s f53422] FRAME: 51,1 ms gc0+0 gc1+0 gc2+0
[   976,4s f53427] AIThink: 9,3 ms brains 1
[   976,6s f53432] FRAME: 56,0 ms gc0+0 gc1+0 gc2+0
[   976,9s f53441] AIThink: 10,4 ms brains 1
[   977,2s f53448] FRAME: 55,6 ms gc0+0 gc1+0 gc2+0
[   977,3s f53451] FRAME: 56,0 ms gc0+0 gc1+0 gc2+0
[   977,4s f53453] FRAME: 84,3 ms gc0+1 gc1+1 gc2+1
[   977,7s f53459] HutIncome: 17,4 ms huts 73
[   978,0s f53467] InfluenceTick: 5,9 ms 
[   978,0s f53468] FRAME: 56,0 ms gc0+0 gc1+0 gc2+0
[   978,1s f53470] AIThink: 10,6 ms brains 1
[   978,2s f53471] FRAME: 67,7 ms gc0+0 gc1+0 gc2+0
[   978,3s f53473] FRAME: 67,5 ms gc0+0 gc1+0 gc2+0
[   978,4s f53476] FRAME: 62,2 ms gc0+1 gc1+1 gc2+1
[   978,6s f53482] FRAME: 54,9 ms gc0+0 gc1+0 gc2+0
[   978,6s f53482] AIThink: 9,2 ms brains 1
[   978,7s f53483] FRAME: 62,7 ms gc0+0 gc1+0 gc2+0
[   978,7s f53484] FRAME: 53,6 ms gc0+0 gc1+0 gc2+0
[   978,8s f53486] InfluenceTick: 5,2 ms 
[   978,8s f53487] FRAME: 52,6 ms gc0+0 gc1+0 gc2+0
[   979,2s f53496] InfluenceTick: 5,3 ms 
[   979,2s f53496] AIThink: 10,8 ms brains 1
[   979,3s f53497] FRAME: 76,4 ms gc0+0 gc1+0 gc2+0
[   979,7s f53509] FRAME: 51,0 ms gc0+1 gc1+1 gc2+1
[   979,7s f53509] HutIncome: 21,8 ms huts 73
[   979,7s f53510] FRAME: 52,3 ms gc0+0 gc1+0 gc2+0
[   979,9s f53514] FRAME: 61,6 ms gc0+0 gc1+0 gc2+0
[   980,3s f53525] InfluenceTick: 5,0 ms 
[   980,5s f53529] AIThink: 11,9 ms brains 1
[   980,5s f53530] FRAME: 57,9 ms gc0+0 gc1+0 gc2+0
[   980,6s f53531] FRAME: 53,9 ms gc0+0 gc1+0 gc2+0
[   980,7s f53534] FRAME: 56,2 ms gc0+0 gc1+0 gc2+0
[   980,8s f53535] FRAME: 58,1 ms gc0+0 gc1+0 gc2+0
[   980,8s f53536] FRAME: 53,5 ms gc0+0 gc1+0 gc2+0
[   980,8s f53536] AIThink: 24,0 ms brains 2
[   980,9s f53537] FRAME: 59,6 ms gc0+0 gc1+0 gc2+0
[   981,2s f53544] VeilPulse: 5,1 ms 
[   981,2s f53545] FRAME: 66,4 ms gc0+0 gc1+0 gc2+0
[   981,2s f53545] InfluenceTick: 5,2 ms 
[   981,3s f53546] FRAME: 69,9 ms gc0+0 gc1+0 gc2+0
[   981,3s f53547] InfluenceTick: 5,1 ms 
[   981,4s f53548] FRAME: 63,7 ms gc0+0 gc1+0 gc2+0
[   981,4s f53549] InfluenceTick: 5,4 ms 
[   981,5s f53550] FRAME: 55,2 ms gc0+0 gc1+0 gc2+0
[   981,5s f53550] AIThink: 13,0 ms brains 1
[   981,5s f53551] InfluenceTick: 5,5 ms 
[   981,6s f53552] FRAME: 59,4 ms gc0+0 gc1+0 gc2+0
[   981,6s f53553] InfluenceTick: 5,1 ms 
[   981,7s f53554] FRAME: 53,5 ms gc0+0 gc1+0 gc2+0
[   981,7s f53555] HutIncome: 18,3 ms huts 73
[   981,8s f53556] InfluenceTick: 5,1 ms 
[   982,0s f53563] FRAME: 68,1 ms gc0+0 gc1+0 gc2+0
[   982,2s f53567] InfluenceTick: 5,3 ms 
[   982,2s f53568] FRAME: 64,5 ms gc0+0 gc1+0 gc2+0
[   982,4s f53573] FRAME: 59,2 ms gc0+0 gc1+0 gc2+0
[   982,5s f53574] FRAME: 57,4 ms gc0+1 gc1+1 gc2+1
[   982,6s f53577] FRAME: 51,5 ms gc0+0 gc1+0 gc2+0
[   982,8s f53583] FRAME: 57,1 ms gc0+0 gc1+0 gc2+0
[   982,9s f53583] AIThink: 10,5 ms brains 1
[   982,9s f53584] FRAME: 65,0 ms gc0+0 gc1+0 gc2+0
[   983,0s f53585] FRAME: 50,4 ms gc0+0 gc1+0 gc2+0
[   983,0s f53585] AIThink: 9,4 ms brains 1
[   983,2s f53591] FRAME: 52,6 ms gc0+0 gc1+0 gc2+0
[   983,3s f53594] FRAME: 59,8 ms gc0+0 gc1+0 gc2+0
[   983,4s f53596] InfluenceTick: 5,0 ms 
[   983,4s f53597] FRAME: 56,3 ms gc0+0 gc1+0 gc2+0
[   983,7s f53604] AIThink: 10,9 ms brains 1
[   983,7s f53605] FRAME: 53,4 ms gc0+0 gc1+0 gc2+0
[   983,8s f53605] HutIncome: 21,0 ms huts 73
[   983,8s f53606] FRAME: 74,2 ms gc0+0 gc1+0 gc2+0
[   983,9s f53607] InfluenceTick: 5,4 ms 
[   983,9s f53608] FRAME: 54,9 ms gc0+0 gc1+0 gc2+0
[   984,0s f53611] FRAME: 50,5 ms gc0+0 gc1+0 gc2+0
[   984,2s f53614] FRAME: 67,4 ms gc0+0 gc1+0 gc2+0
[   984,2s f53615] InfluenceTick: 5,2 ms 
[   984,3s f53616] FRAME: 61,4 ms gc0+0 gc1+0 gc2+0
[   984,4s f53619] FRAME: 51,3 ms gc0+0 gc1+0 gc2+0
[   984,5s f53621] InfluenceTick: 5,1 ms 
[   984,5s f53622] FRAME: 51,4 ms gc0+0 gc1+0 gc2+0
[   985,0s f53637] AIThink: 9,9 ms brains 1
[   985,1s f53639] InfluenceTick: 5,5 ms 
[   985,1s f53640] FRAME: 51,5 ms gc0+0 gc1+0 gc2+0
[   985,2s f53640] AIThink: 9,3 ms brains 1
[   985,2s f53642] AIThink: 10,4 ms brains 1
[   985,3s f53643] FRAME: 55,5 ms gc0+0 gc1+0 gc2+0
[   985,4s f53646] FRAME: 58,0 ms gc0+0 gc1+0 gc2+0
[   985,5s f53648] InfluenceTick: 5,3 ms 
[   985,5s f53649] FRAME: 59,7 ms gc0+0 gc1+0 gc2+0
[   985,7s f53655] FRAME: 59,8 ms gc0+0 gc1+0 gc2+0
[   985,8s f53655] HutIncome: 18,2 ms huts 73
[   985,8s f53656] FRAME: 63,1 ms gc0+0 gc1+0 gc2+0
[   985,8s f53656] InfluenceTick: 5,6 ms 
[   985,9s f53657] FRAME: 56,8 ms gc0+0 gc1+0 gc2+0
[   986,0s f53659] AIThink: 10,7 ms brains 1
[   986,0s f53660] FRAME: 65,8 ms gc0+0 gc1+0 gc2+0
[   986,2s f53665] FRAME: 53,5 ms gc0+0 gc1+0 gc2+0
[   986,3s f53666] FRAME: 61,2 ms gc0+0 gc1+0 gc2+0
[   986,3s f53668] FRAME: 50,9 ms gc0+1 gc1+1 gc2+1
[   986,4s f53669] FRAME: 53,7 ms gc0+0 gc1+0 gc2+0
[   986,8s f53681] InfluenceTick: 5,3 ms 
[   986,9s f53682] FRAME: 51,5 ms gc0+0 gc1+0 gc2+0
[   987,2s f53691] FRAME: 51,1 ms gc0+0 gc1+0 gc2+0
[   987,3s f53694] AIThink: 10,3 ms brains 1
[   987,5s f53697] FRAME: 74,1 ms gc0+0 gc1+0 gc2+0
[   987,6s f53699] FRAME: 54,2 ms gc0+0 gc1+0 gc2+0
[   987,6s f53700] AIThink: 10,8 ms brains 1
[   987,8s f53705] HutIncome: 15,9 ms huts 73
[   987,8s f53706] FRAME: 60,9 ms gc0+0 gc1+0 gc2+0
[   988,1s f53713] InfluenceTick: 5,1 ms 
[   988,2s f53716] AIThink: 15,2 ms brains 1
[   988,3s f53717] FRAME: 74,1 ms gc0+0 gc1+0 gc2+0
[   988,3s f53718] FRAME: 57,4 ms gc0+0 gc1+0 gc2+0
[   988,3s f53718] InfluenceTick: 5,6 ms 
[   988,4s f53719] FRAME: 53,9 ms gc0+0 gc1+0 gc2+0
[   988,9s f53734] FRAME: 51,9 ms gc0+0 gc1+0 gc2+0
[   989,2s f53741] FRAME: 55,4 ms gc0+0 gc1+0 gc2+0
[   989,4s f53746] FRAME: 50,1 ms gc0+0 gc1+0 gc2+0
[   989,4s f53747] FRAME: 56,6 ms gc0+0 gc1+0 gc2+0
[   989,5s f53750] AIThink: 10,9 ms brains 1
[   989,6s f53751] FRAME: 56,6 ms gc0+0 gc1+0 gc2+0
[   989,8s f53757] HutIncome: 17,4 ms huts 73
[   989,9s f53759] FRAME: 52,4 ms gc0+0 gc1+0 gc2+0
[   990,0s f53762] AIThink: 10,7 ms brains 1
[   990,2s f53768] FRAME: 51,0 ms gc0+0 gc1+0 gc2+0
[   990,4s f53773] InfluenceTick: 5,2 ms 
[   990,5s f53774] FRAME: 52,4 ms gc0+0 gc1+0 gc2+0
[   990,7s f53780] InfluenceTick: 5,1 ms 
[   990,8s f53784] FRAME: 55,0 ms gc0+0 gc1+0 gc2+0
[   990,9s f53786] InfluenceTick: 5,3 ms 
[   990,9s f53787] FRAME: 65,4 ms gc0+0 gc1+0 gc2+0
[   991,1s f53789] FRAME: 62,9 ms gc0+1 gc1+1 gc2+1
[   991,2s f53791] FRAME: 56,4 ms gc0+0 gc1+0 gc2+0
[   991,2s f53793] FRAME: 50,6 ms gc0+0 gc1+0 gc2+0
[   991,3s f53794] AIThink: 11,6 ms brains 1
[   991,4s f53796] InfluenceTick: 5,0 ms 
[   991,4s f53797] FRAME: 56,2 ms gc0+0 gc1+0 gc2+0
[   991,7s f53804] FRAME: 51,6 ms gc0+0 gc1+0 gc2+0
[   991,7s f53804] AIThink: 9,1 ms brains 1
[   991,8s f53807] HutIncome: 18,3 ms huts 73
[   992,1s f53812] InfluenceTick: 5,2 ms 
[   992,1s f53813] FRAME: 69,8 ms gc0+0 gc1+0 gc2+0
[   992,2s f53815] FRAME: 60,0 ms gc0+1 gc1+1 gc2+1
[   992,3s f53817] FRAME: 62,4 ms gc0+0 gc1+0 gc2+0
[   992,4s f53818] InfluenceTick: 5,6 ms 
[   992,4s f53819] FRAME: 57,9 ms gc0+0 gc1+0 gc2+0
[   992,4s f53819] AIThink: 12,2 ms brains 1
[   992,4s f53820] FRAME: 50,8 ms gc0+0 gc1+0 gc2+0
[   992,5s f53821] FRAME: 82,0 ms gc0+0 gc1+0 gc2+0
[   992,6s f53822] InfluenceTick: 5,3 ms 
[   992,6s f53823] FRAME: 50,6 ms gc0+0 gc1+0 gc2+0
[   992,7s f53825] InfluenceTick: 5,1 ms 
[   993,0s f53832] FRAME: 55,7 ms gc0+0 gc1+0 gc2+0
[   993,2s f53838] FRAME: 60,2 ms gc0+0 gc1+0 gc2+0
[   993,3s f53840] InfluenceTick: 5,6 ms 
[   993,3s f53841] FRAME: 69,6 ms gc0+0 gc1+0 gc2+0
[   993,4s f53842] AIThink: 11,5 ms brains 1
[   993,4s f53843] FRAME: 71,3 ms gc0+0 gc1+0 gc2+0
[   993,5s f53844] InfluenceTick: 5,0 ms 
[   993,5s f53845] FRAME: 50,7 ms gc0+0 gc1+0 gc2+0
[   993,6s f53847] InfluenceTick: 5,1 ms 
[   993,9s f53854] HutIncome: 17,9 ms huts 73
[   993,9s f53855] FRAME: 66,3 ms gc0+0 gc1+0 gc2+0
[   993,9s f53855] AIThink: 11,8 ms brains 1
[   994,2s f53863] FRAME: 50,6 ms gc0+0 gc1+0 gc2+0
[   994,3s f53865] InfluenceTick: 5,2 ms 
[   994,6s f53873] FRAME: 57,4 ms gc0+0 gc1+0 gc2+0
[   994,7s f53875] InfluenceTick: 5,0 ms 
[   994,7s f53876] FRAME: 57,8 ms gc0+0 gc1+0 gc2+0
[   994,8s f53879] AIThink: 10,6 ms brains 1
[   995,0s f53885] FRAME: 51,4 ms gc0+1 gc1+1 gc2+1
[   995,5s f53898] AIThink: 11,0 ms brains 1
[   995,9s f53909] HutIncome: 16,5 ms huts 73
[   996,1s f53915] AIThink: 9,1 ms brains 1
[   996,3s f53920] FRAME: 67,9 ms gc0+1 gc1+1 gc2+1
[   996,4s f53921] InfluenceTick: 5,2 ms 
[   996,4s f53922] FRAME: 66,7 ms gc0+0 gc1+0 gc2+0
[   996,6s f53926] InfluenceTick: 5,2 ms 
[   996,7s f53930] FRAME: 68,1 ms gc0+0 gc1+0 gc2+0
[   997,1s f53942] InfluenceTick: 5,2 ms 
[   997,2s f53943] FRAME: 52,2 ms gc0+0 gc1+0 gc2+0
[   997,2s f53943] AIThink: 11,8 ms brains 1
[   997,2s f53944] FRAME: 53,2 ms gc0+0 gc1+0 gc2+0
[   997,2s f53944] InfluenceTick: 5,6 ms 
[   997,3s f53944] AIThink: 11,9 ms brains 1
[   997,3s f53945] FRAME: 71,2 ms gc0+0 gc1+0 gc2+0
[   997,4s f53947] FRAME: 50,1 ms gc0+0 gc1+0 gc2+0
[   997,9s f53962] HutIncome: 16,5 ms huts 73
[   998,0s f53964] FRAME: 55,0 ms gc0+0 gc1+0 gc2+0
[   998,0s f53966] InfluenceTick: 5,3 ms 
[   998,1s f53967] FRAME: 55,3 ms gc0+0 gc1+0 gc2+0
[   998,2s f53969] InfluenceTick: 5,3 ms 
[   998,2s f53970] FRAME: 59,1 ms gc0+0 gc1+0 gc2+0
[   998,2s f53971] AIThink: 10,1 ms brains 2
[   998,8s f53986] InfluenceTick: 5,0 ms 
[   998,8s f53987] FRAME: 58,8 ms gc0+0 gc1+0 gc2+0
[   999,0s f53993] FRAME: 50,6 ms gc0+0 gc1+0 gc2+0
[   999,2s f54000] FRAME: 50,5 ms gc0+1 gc1+1 gc2+1
[   999,4s f54007] InfluenceTick: 5,3 ms 
[   999,5s f54010] InfluenceTick: 5,2 ms 
[   999,6s f54012] AIThink: 11,0 ms brains 1
[   999,7s f54013] InfluenceTick: 5,1 ms 
[   999,7s f54014] AIThink: 11,1 ms brains 1
[   999,9s f54020] HutIncome: 16,5 ms huts 73
[   999,9s f54021] FRAME: 56,2 ms gc0+0 gc1+0 gc2+0
[  1000,2s f54031] InfluenceTick: 5,3 ms 
[  1000,4s f54036] AIThink: 9,3 ms brains 1
[  1001,7s f54080] FRAME: 56,2 ms gc0+0 gc1+0 gc2+0
[  1001,8s f54082] InfluenceTick: 5,1 ms 
[  1001,9s f54084] HutIncome: 16,8 ms huts 73
[  1002,0s f54088] AIThink: 9,9 ms brains 1
[  1002,2s f54093] FRAME: 56,7 ms gc0+0 gc1+0 gc2+0
[  1002,6s f54103] AIThink: 9,2 ms brains 1
[  1003,0s f54116] InfluenceTick: 5,1 ms 
[  1003,0s f54117] FRAME: 54,5 ms gc0+0 gc1+0 gc2+0
[  1003,7s f54140] FRAME: 50,6 ms gc0+0 gc1+0 gc2+0
[  1003,8s f54142] InfluenceTick: 5,2 ms 
[  1003,9s f54146] HutIncome: 17,2 ms huts 73
[  1003,9s f54146] AIThink: 10,6 ms brains 1
[  1004,0s f54147] FRAME: 57,5 ms gc0+0 gc1+0 gc2+0
[  1004,1s f54151] InfluenceTick: 5,1 ms 
[  1004,2s f54154] InfluenceTick: 5,8 ms 
[  1004,3s f54155] FRAME: 63,5 ms gc0+0 gc1+0 gc2+0
[  1004,4s f54158] AIThink: 12,7 ms brains 1
[  1004,5s f54160] InfluenceTick: 5,1 ms 
[  1004,6s f54163] InfluenceTick: 5,8 ms 
[  1004,6s f54164] FRAME: 51,4 ms gc0+0 gc1+0 gc2+0
[  1004,7s f54166] AIThink: 9,1 ms brains 1
[  1004,7s f54167] FRAME: 51,2 ms gc0+0 gc1+0 gc2+0
[  1004,8s f54169] InfluenceTick: 5,0 ms 
[  1005,1s f54177] InfluenceTick: 6,0 ms 
[  1005,1s f54178] FRAME: 55,9 ms gc0+0 gc1+0 gc2+0
[  1005,1s f54179] FRAME: 55,5 ms gc0+0 gc1+0 gc2+0
[  1005,2s f54179] InfluenceTick: 5,2 ms 
[  1005,2s f54180] FRAME: 58,3 ms gc0+0 gc1+0 gc2+0
[  1005,3s f54181] InfluenceTick: 5,7 ms 
[  1005,3s f54182] FRAME: 53,7 ms gc0+0 gc1+0 gc2+0
[  1005,6s f54190] InfluenceTick: 5,3 ms 
[  1005,6s f54191] FRAME: 50,7 ms gc0+0 gc1+0 gc2+0
[  1005,7s f54193] InfluenceTick: 5,4 ms 
[  1005,7s f54194] FRAME: 52,6 ms gc0+0 gc1+0 gc2+0
[  1005,8s f54196] InfluenceTick: 5,5 ms 
[  1005,8s f54197] FRAME: 50,6 ms gc0+0 gc1+0 gc2+0
[  1005,9s f54199] InfluenceTick: 5,3 ms 
[  1006,0s f54199] HutIncome: 18,7 ms huts 73
[  1006,0s f54200] FRAME: 85,1 ms gc0+0 gc1+0 gc2+0
[  1006,0s f54200] AIThink: 13,7 ms brains 1
[  1006,1s f54201] InfluenceTick: 5,3 ms 
[  1006,1s f54202] FRAME: 51,9 ms gc0+0 gc1+0 gc2+0
[  1006,1s f54202] AIThink: 12,7 ms brains 1
[  1006,2s f54205] FRAME: 52,7 ms gc0+0 gc1+0 gc2+0
[  1006,3s f54207] InfluenceTick: 5,3 ms 
[  1006,4s f54208] FRAME: 73,5 ms gc0+0 gc1+0 gc2+0
[  1006,4s f54209] InfluenceTick: 5,2 ms 
[  1006,5s f54210] FRAME: 53,8 ms gc0+0 gc1+0 gc2+0
[  1006,6s f54212] InfluenceTick: 5,5 ms 
[  1006,6s f54213] FRAME: 56,1 ms gc0+0 gc1+0 gc2+0
[  1006,7s f54215] InfluenceTick: 6,2 ms 
[  1006,7s f54216] FRAME: 59,3 ms gc0+0 gc1+0 gc2+0
[  1006,8s f54216] AIThink: 22,0 ms brains 1
[  1006,8s f54217] FRAME: 82,0 ms gc0+0 gc1+0 gc2+0
[  1006,9s f54217] InfluenceTick: 5,4 ms 
[  1006,9s f54218] FRAME: 51,6 ms gc0+0 gc1+0 gc2+0
[  1006,9s f54218] AIThink: 10,3 ms brains 1
[  1007,0s f54220] InfluenceTick: 5,8 ms 
[  1007,0s f54221] FRAME: 54,8 ms gc0+0 gc1+0 gc2+0
[  1007,1s f54223] InfluenceTick: 5,8 ms 
[  1007,1s f54224] FRAME: 51,5 ms gc0+0 gc1+0 gc2+0
[  1007,2s f54226] FRAME: 51,3 ms gc0+0 gc1+0 gc2+0
[  1007,3s f54227] FRAME: 51,2 ms gc0+0 gc1+0 gc2+0
[  1007,4s f54232] InfluenceTick: 5,1 ms 
[  1007,6s f54235] InfluenceTick: 5,2 ms 
[  1007,6s f54236] FRAME: 71,6 ms gc0+1 gc1+1 gc2+1
[  1007,7s f54237] InfluenceTick: 5,5 ms 
[  1007,7s f54238] FRAME: 51,8 ms gc0+0 gc1+0 gc2+0
[  1007,8s f54240] InfluenceTick: 5,1 ms 
[  1008,0s f54244] HutIncome: 18,6 ms huts 73
[  1008,2s f54250] FRAME: 57,0 ms gc0+0 gc1+0 gc2+0
[  1008,4s f54255] InfluenceTick: 5,5 ms 
[  1008,5s f54258] InfluenceTick: 5,0 ms 
[  1008,6s f54261] InfluenceTick: 5,3 ms 
[  1008,7s f54264] InfluenceTick: 5,3 ms 
[  1008,8s f54267] InfluenceTick: 5,7 ms 
[  1008,9s f54268] FRAME: 51,6 ms gc0+0 gc1+0 gc2+0
[  1009,0s f54270] InfluenceTick: 5,2 ms 
[  1009,1s f54273] InfluenceTick: 5,4 ms 
[  1009,1s f54273] AIThink: 10,6 ms brains 1
[  1009,1s f54274] FRAME: 62,1 ms gc0+0 gc1+0 gc2+0
[  1009,2s f54275] AIThink: 11,9 ms brains 1
[  1009,2s f54276] FRAME: 54,0 ms gc0+0 gc1+0 gc2+0
[  1009,2s f54276] InfluenceTick: 5,8 ms 
[  1009,2s f54277] FRAME: 64,2 ms gc0+0 gc1+0 gc2+0
[  1009,3s f54279] FRAME: 61,5 ms gc0+0 gc1+0 gc2+0
[  1009,4s f54280] InfluenceTick: 5,9 ms 
[  1009,4s f54281] FRAME: 59,3 ms gc0+0 gc1+0 gc2+0
[  1009,5s f54283] InfluenceTick: 5,3 ms 
[  1009,6s f54284] FRAME: 52,1 ms gc0+0 gc1+0 gc2+0
[  1009,7s f54286] InfluenceTick: 5,4 ms 
[  1009,7s f54287] FRAME: 61,0 ms gc0+0 gc1+0 gc2+0
[  1009,8s f54288] InfluenceTick: 5,6 ms 
[  1009,8s f54289] FRAME: 65,7 ms gc0+0 gc1+0 gc2+0
[  1009,9s f54290] InfluenceTick: 5,6 ms 
[  1009,9s f54291] FRAME: 50,4 ms gc0+0 gc1+0 gc2+0
[  1010,0s f54292] HutIncome: 19,4 ms huts 73
[  1010,0s f54293] FRAME: 53,1 ms gc0+0 gc1+0 gc2+0
[  1010,0s f54293] InfluenceTick: 5,5 ms 
[  1010,0s f54294] FRAME: 52,8 ms gc0+0 gc1+0 gc2+0
[  1010,1s f54296] InfluenceTick: 5,0 ms 
[  1010,2s f54297] FRAME: 64,2 ms gc0+0 gc1+0 gc2+0
[  1010,2s f54298] InfluenceTick: 5,3 ms 
[  1010,3s f54299] FRAME: 57,5 ms gc0+0 gc1+0 gc2+0
[  1010,4s f54301] InfluenceTick: 5,6 ms 
[  1010,4s f54302] FRAME: 54,0 ms gc0+0 gc1+0 gc2+0
[  1010,5s f54304] InfluenceTick: 5,2 ms 
[  1010,6s f54306] AIThink: 18,4 ms brains 1
[  1010,6s f54307] FRAME: 76,3 ms gc0+0 gc1+0 gc2+0
[  1010,7s f54307] InfluenceTick: 5,8 ms 
[  1010,7s f54308] FRAME: 66,4 ms gc0+1 gc1+1 gc2+1
[  1010,8s f54309] InfluenceTick: 5,5 ms 
[  1010,9s f54312] InfluenceTick: 6,5 ms 
[  1010,9s f54313] FRAME: 58,9 ms gc0+0 gc1+0 gc2+0
[  1011,0s f54315] InfluenceTick: 5,4 ms 
[  1011,0s f54316] FRAME: 50,3 ms gc0+0 gc1+0 gc2+0
[  1011,1s f54318] InfluenceTick: 5,6 ms 
[  1011,1s f54319] FRAME: 52,5 ms gc0+0 gc1+0 gc2+0
[  1011,2s f54320] AIThink: 10,2 ms brains 1
[  1011,3s f54321] InfluenceTick: 6,3 ms 
[  1011,3s f54322] FRAME: 58,2 ms gc0+0 gc1+0 gc2+0
[  1011,4s f54324] InfluenceTick: 5,5 ms 
[  1011,4s f54325] FRAME: 67,4 ms gc0+0 gc1+0 gc2+0
[  1011,5s f54326] InfluenceTick: 5,1 ms 
[  1011,5s f54327] AIThink: 12,3 ms brains 1
[  1011,6s f54329] InfluenceTick: 5,0 ms 
[  1011,7s f54332] InfluenceTick: 5,3 ms 
[  1011,9s f54335] InfluenceTick: 5,2 ms 
[  1012,0s f54338] InfluenceTick: 5,8 ms 
[  1012,0s f54338] HutIncome: 17,7 ms huts 73
[  1012,0s f54339] FRAME: 75,0 ms gc0+1 gc1+1 gc2+1
[  1012,2s f54344] FRAME: 51,7 ms gc0+0 gc1+0 gc2+0
[  1012,3s f54345] AIThink: 13,2 ms brains 1
[  1012,3s f54346] InfluenceTick: 5,7 ms 
[  1012,4s f54347] FRAME: 51,2 ms gc0+0 gc1+0 gc2+0
[  1012,5s f54349] InfluenceTick: 5,3 ms 
[  1012,6s f54352] InfluenceTick: 5,5 ms 
[  1012,6s f54353] FRAME: 58,9 ms gc0+0 gc1+0 gc2+0
[  1012,7s f54355] InfluenceTick: 5,4 ms 
[  1012,8s f54356] FRAME: 55,8 ms gc0+0 gc1+0 gc2+0
[  1015,7s f54446] InfluenceTick: 5,7 ms 
[  1015,8s f54449] InfluenceTick: 5,7 ms 
[  1015,9s f54452] InfluenceTick: 5,2 ms 
[  1016,0s f54455] InfluenceTick: 5,4 ms 
[  1016,1s f54458] InfluenceTick: 5,9 ms 
[  1016,2s f54459] AIThink: 11,2 ms brains 1
[  1016,2s f54460] FRAME: 57,0 ms gc0+0 gc1+0 gc2+0
[  1016,3s f54461] InfluenceTick: 5,7 ms 
[  1016,4s f54463] FRAME: 64,4 ms gc0+0 gc1+0 gc2+0
[  1016,4s f54463] InfluenceTick: 6,1 ms 
[  1016,6s f54469] InfluenceTick: 5,7 ms 
[  1016,7s f54472] InfluenceTick: 5,4 ms 
[  1016,8s f54472] AIThink: 12,3 ms brains 1
[  1016,8s f54473] FRAME: 66,7 ms gc0+0 gc1+0 gc2+0
[  1016,8s f54473] HutIncome: 18,6 ms huts 73
[  1016,8s f54474] FRAME: 64,1 ms gc0+0 gc1+0 gc2+0
[  1016,9s f54474] InfluenceTick: 5,4 ms 
[  1017,0s f54477] InfluenceTick: 5,2 ms 
[  1017,1s f54479] FRAME: 59,5 ms gc0+0 gc1+0 gc2+0
[  1017,1s f54479] InfluenceTick: 5,6 ms 
[  1017,2s f54482] FRAME: 60,1 ms gc0+0 gc1+0 gc2+0
[  1017,2s f54482] InfluenceTick: 6,2 ms 
[  1017,2s f54482] AIThink: 12,7 ms brains 1
[  1017,3s f54483] FRAME: 65,6 ms gc0+0 gc1+0 gc2+0
[  1017,3s f54484] FRAME: 58,9 ms gc0+0 gc1+0 gc2+0
[  1017,3s f54484] InfluenceTick: 6,0 ms 
[  1017,5s f54487] InfluenceTick: 5,7 ms 
[  1017,5s f54489] FRAME: 54,7 ms gc0+0 gc1+0 gc2+0
[  1017,6s f54490] FRAME: 63,8 ms gc0+0 gc1+0 gc2+0
[  1017,6s f54490] InfluenceTick: 5,9 ms 
[  1017,7s f54491] FRAME: 58,0 ms gc0+0 gc1+0 gc2+0
[  1017,7s f54492] InfluenceTick: 5,9 ms 
[  1017,8s f54493] FRAME: 67,5 ms gc0+0 gc1+0 gc2+0
[  1017,8s f54494] InfluenceTick: 6,1 ms 
[  1017,9s f54495] FRAME: 55,9 ms gc0+0 gc1+0 gc2+0
[  1017,9s f54495] AIThink: 13,8 ms brains 1
[  1017,9s f54496] InfluenceTick: 5,6 ms 
[  1018,0s f54497] FRAME: 53,4 ms gc0+0 gc1+0 gc2+0
[  1018,0s f54498] FRAME: 57,2 ms gc0+0 gc1+0 gc2+0
[  1018,1s f54498] InfluenceTick: 5,3 ms 
[  1018,1s f54499] FRAME: 61,1 ms gc0+0 gc1+0 gc2+0
[  1018,3s f54504] InfluenceTick: 5,8 ms 
[  1018,4s f54506] AIThink: 9,8 ms brains 1
[  1018,4s f54508] FRAME: 55,4 ms gc0+0 gc1+0 gc2+0
[  1018,5s f54510] InfluenceTick: 5,3 ms 
[  1018,6s f54513] InfluenceTick: 5,7 ms 
[  1018,6s f54514] FRAME: 54,0 ms gc0+0 gc1+0 gc2+0
[  1018,7s f54516] InfluenceTick: 5,5 ms 
[  1018,8s f54517] FRAME: 50,1 ms gc0+0 gc1+0 gc2+0
[  1018,8s f54518] HutIncome: 18,4 ms huts 73
[  1018,9s f54519] FRAME: 66,3 ms gc0+0 gc1+0 gc2+0
[  1018,9s f54519] InfluenceTick: 6,0 ms 
[  1018,9s f54520] FRAME: 55,5 ms gc0+0 gc1+0 gc2+0
[  1019,0s f54522] InfluenceTick: 6,3 ms 
[  1019,1s f54523] FRAME: 66,9 ms gc0+0 gc1+0 gc2+0
[  1019,1s f54524] InfluenceTick: 6,7 ms 
[  1019,1s f54524] AIThink: 14,0 ms brains 1
[  1019,2s f54525] FRAME: 75,7 ms gc0+0 gc1+0 gc2+0
[  1019,2s f54526] FRAME: 52,4 ms gc0+0 gc1+0 gc2+0
[  1019,3s f54526] InfluenceTick: 5,3 ms 
[  1019,3s f54527] FRAME: 73,9 ms gc0+0 gc1+0 gc2+0
[  1019,3s f54527] AIThink: 13,1 ms brains 1
[  1019,3s f54528] FRAME: 50,2 ms gc0+0 gc1+0 gc2+0
[  1019,4s f54528] InfluenceTick: 6,2 ms 
[  1019,4s f54529] FRAME: 54,4 ms gc0+0 gc1+0 gc2+0
[  1019,5s f54531] InfluenceTick: 5,7 ms 
[  1019,5s f54532] FRAME: 51,4 ms gc0+0 gc1+0 gc2+0
[  1019,6s f54534] InfluenceTick: 5,3 ms 
[  1019,7s f54537] InfluenceTick: 5,7 ms 
[  1019,8s f54538] FRAME: 58,1 ms gc0+0 gc1+0 gc2+0
[  1019,9s f54540] InfluenceTick: 5,6 ms 
[  1019,9s f54541] FRAME: 55,3 ms gc0+1 gc1+1 gc2+1
[  1020,0s f54543] InfluenceTick: 5,4 ms 
[  1020,0s f54544] FRAME: 61,1 ms gc0+0 gc1+0 gc2+0
[  1020,1s f54545] InfluenceTick: 5,3 ms 
[  1020,1s f54546] FRAME: 64,5 ms gc0+0 gc1+0 gc2+0
[  1020,2s f54546] AIThink: 11,9 ms brains 1
[  1020,2s f54547] InfluenceTick: 5,6 ms 
[  1020,2s f54548] FRAME: 52,3 ms gc0+0 gc1+0 gc2+0
[  1020,3s f54550] InfluenceTick: 5,3 ms 
[  1020,4s f54551] FRAME: 62,6 ms gc0+0 gc1+0 gc2+0
[  1020,5s f54553] InfluenceTick: 5,9 ms 
[  1020,5s f54554] FRAME: 53,7 ms gc0+0 gc1+0 gc2+0
[  1020,6s f54555] InfluenceTick: 5,8 ms 
[  1020,6s f54555] AIThink: 11,2 ms brains 1
[  1020,6s f54556] FRAME: 66,4 ms gc0+0 gc1+0 gc2+0
[  1020,7s f54557] InfluenceTick: 5,3 ms 
[  1020,8s f54560] InfluenceTick: 5,7 ms 
[  1020,8s f54561] FRAME: 52,8 ms gc0+0 gc1+0 gc2+0
[  1020,8s f54562] HutIncome: 17,3 ms huts 73
[  1020,9s f54563] InfluenceTick: 5,7 ms 
[  1020,9s f54564] FRAME: 50,5 ms gc0+0 gc1+0 gc2+0
[  1021,0s f54565] FRAME: 50,2 ms gc0+0 gc1+0 gc2+0
[  1021,0s f54565] InfluenceTick: 5,8 ms 
[  1021,0s f54566] FRAME: 64,8 ms gc0+0 gc1+0 gc2+0
[  1021,1s f54567] InfluenceTick: 5,4 ms 
[  1021,2s f54570] InfluenceTick: 5,8 ms 
[  1021,3s f54573] InfluenceTick: 5,7 ms 
[  1021,3s f54574] FRAME: 50,6 ms gc0+0 gc1+0 gc2+0
[  1021,4s f54575] FRAME: 56,2 ms gc0+0 gc1+0 gc2+0
[  1021,4s f54575] InfluenceTick: 6,3 ms 
[  1021,5s f54576] FRAME: 61,5 ms gc0+0 gc1+0 gc2+0
[  1021,5s f54576] AIThink: 14,1 ms brains 1
[  1021,5s f54577] FRAME: 56,0 ms gc0+0 gc1+0 gc2+0
[  1021,6s f54577] InfluenceTick: 5,9 ms 
[  1021,6s f54578] FRAME: 54,1 ms gc0+0 gc1+0 gc2+0
[  1021,7s f54580] InfluenceTick: 6,3 ms 
[  1021,7s f54581] FRAME: 52,0 ms gc0+0 gc1+0 gc2+0
[  1021,8s f54583] InfluenceTick: 5,2 ms 
[  1021,8s f54584] FRAME: 59,6 ms gc0+0 gc1+0 gc2+0
[  1021,9s f54586] InfluenceTick: 6,1 ms 
[  1021,9s f54587] FRAME: 55,6 ms gc0+0 gc1+0 gc2+0
[  1022,0s f54589] InfluenceTick: 5,3 ms 
[  1022,1s f54590] FRAME: 55,1 ms gc0+0 gc1+0 gc2+0
[  1022,2s f54592] InfluenceTick: 5,5 ms 
[  1022,3s f54595] InfluenceTick: 5,4 ms 
[  1022,4s f54598] InfluenceTick: 5,8 ms 
[  1022,4s f54598] AIThink: 12,7 ms brains 1
[  1022,4s f54599] FRAME: 66,5 ms gc0+0 gc1+0 gc2+0
[  1022,5s f54600] InfluenceTick: 5,8 ms 
[  1022,5s f54601] FRAME: 60,7 ms gc0+1 gc1+1 gc2+1
[  1022,6s f54603] InfluenceTick: 5,3 ms 
[  1022,7s f54604] FRAME: 65,4 ms gc0+0 gc1+0 gc2+0
[  1022,7s f54605] AIThink: 11,5 ms brains 1
[  1022,8s f54606] InfluenceTick: 5,8 ms 
[  1022,8s f54607] FRAME: 52,0 ms gc0+0 gc1+0 gc2+0
[  1022,9s f54608] HutIncome: 20,0 ms huts 73
[  1022,9s f54609] FRAME: 52,6 ms gc0+0 gc1+0 gc2+0
[  1022,9s f54609] InfluenceTick: 5,4 ms 
[  1022,9s f54610] FRAME: 62,5 ms gc0+0 gc1+0 gc2+0
[  1023,0s f54611] FRAME: 50,6 ms gc0+0 gc1+0 gc2+0
[  1023,0s f54611] InfluenceTick: 5,4 ms 
[  1023,0s f54612] FRAME: 53,9 ms gc0+0 gc1+0 gc2+0
[  1023,1s f54613] InfluenceTick: 6,1 ms 
[  1023,1s f54614] FRAME: 54,5 ms gc0+0 gc1+0 gc2+0
[  1023,2s f54616] InfluenceTick: 6,1 ms 
[  1023,3s f54617] FRAME: 51,1 ms gc0+0 gc1+0 gc2+0
[  1023,3s f54619] InfluenceTick: 5,3 ms 
[  1023,4s f54620] FRAME: 52,3 ms gc0+1 gc1+1 gc2+1
[  1023,5s f54622] InfluenceTick: 5,6 ms 
[  1023,5s f54623] FRAME: 50,0 ms gc0+0 gc1+0 gc2+0
[  1023,5s f54623] AIThink: 13,1 ms brains 1
[  1023,5s f54624] FRAME: 62,4 ms gc0+0 gc1+0 gc2+0
[  1023,6s f54624] InfluenceTick: 5,9 ms 
[  1023,6s f54625] FRAME: 52,0 ms gc0+0 gc1+0 gc2+0
[  1023,7s f54627] InfluenceTick: 6,0 ms 
[  1023,7s f54628] FRAME: 53,1 ms gc0+0 gc1+0 gc2+0
[  1023,8s f54630] InfluenceTick: 5,6 ms 
[  1023,9s f54632] AIThink: 12,4 ms brains 1
[  1023,9s f54633] InfluenceTick: 5,6 ms 
[  1024,0s f54634] FRAME: 62,6 ms gc0+0 gc1+0 gc2+0
[  1024,0s f54635] InfluenceTick: 5,4 ms 
[  1024,1s f54636] FRAME: 58,5 ms gc0+0 gc1+0 gc2+0
[  1024,2s f54638] InfluenceTick: 5,2 ms 
[  1024,3s f54641] InfluenceTick: 5,3 ms 
[  1024,4s f54644] InfluenceTick: 6,4 ms 
[  1024,4s f54645] FRAME: 54,3 ms gc0+0 gc1+0 gc2+0
[  1024,5s f54647] InfluenceTick: 5,7 ms 
[  1024,5s f54648] FRAME: 55,0 ms gc0+0 gc1+0 gc2+0
[  1024,6s f54650] InfluenceTick: 5,0 ms 
[  1024,7s f54651] AIThink: 14,4 ms brains 1
[  1024,7s f54653] InfluenceTick: 6,2 ms 
[  1024,8s f54654] FRAME: 54,2 ms gc0+0 gc1+0 gc2+0
[  1024,8s f54655] InfluenceTick: 5,6 ms 
[  1024,9s f54656] FRAME: 50,7 ms gc0+0 gc1+0 gc2+0
[  1024,9s f54656] HutIncome: 19,4 ms huts 73
[  1024,9s f54656] AIThink: 10,5 ms brains 1
[  1024,9s f54657] FRAME: 63,5 ms gc0+0 gc1+0 gc2+0
[  1025,0s f54657] InfluenceTick: 5,9 ms 
[  1025,0s f54658] FRAME: 51,5 ms gc0+0 gc1+0 gc2+0
[  1025,1s f54660] InfluenceTick: 5,7 ms 
[  1025,1s f54661] FRAME: 52,9 ms gc0+0 gc1+0 gc2+0
[  1025,2s f54663] InfluenceTick: 5,4 ms 
[  1025,2s f54664] FRAME: 63,0 ms gc0+0 gc1+0 gc2+0
[  1025,3s f54666] InfluenceTick: 5,3 ms 
[  1025,4s f54669] InfluenceTick: 5,7 ms 
[  1025,5s f54670] FRAME: 54,6 ms gc0+0 gc1+0 gc2+0
[  1025,6s f54672] InfluenceTick: 5,6 ms 
[  1025,7s f54675] InfluenceTick: 5,7 ms 
[  1025,8s f54678] InfluenceTick: 5,1 ms 
[  1025,9s f54681] InfluenceTick: 5,0 ms 
[  1026,1s f54687] InfluenceTick: 5,7 ms 
[  1026,2s f54690] InfluenceTick: 5,2 ms 
[  1026,3s f54691] AIThink: 10,7 ms brains 1
[  1026,3s f54693] InfluenceTick: 5,3 ms 
[  1026,4s f54694] FRAME: 54,8 ms gc0+0 gc1+0 gc2+0
[  1026,4s f54696] InfluenceTick: 5,2 ms 
[  1026,6s f54702] InfluenceTick: 5,3 ms 
[  1026,8s f54706] InfluenceTick: 5,6 ms 
[  1026,8s f54707] FRAME: 55,8 ms gc0+0 gc1+0 gc2+0
[  1026,9s f54709] InfluenceTick: 5,7 ms 
[  1026,9s f54709] HutIncome: 18,3 ms huts 73
[  1027,0s f54710] FRAME: 82,6 ms gc0+0 gc1+0 gc2+0
[  1027,0s f54711] InfluenceTick: 5,1 ms 
[  1027,1s f54712] AIThink: 11,4 ms brains 1
[  1027,2s f54714] InfluenceTick: 6,1 ms 
[  1027,3s f54717] InfluenceTick: 5,3 ms 
[  1027,4s f54720] FRAME: 55,3 ms gc0+0 gc1+0 gc2+0
[  1027,4s f54720] InfluenceTick: 5,4 ms 
[  1027,4s f54721] FRAME: 55,2 ms gc0+0 gc1+0 gc2+0
[  1027,5s f54723] InfluenceTick: 5,3 ms 
[  1027,6s f54727] InfluenceTick: 5,7 ms 
[  1027,7s f54728] FRAME: 50,0 ms gc0+0 gc1+0 gc2+0
[  1027,7s f54729] AIThink: 13,4 ms brains 1
[  1027,7s f54730] FRAME: 55,2 ms gc0+0 gc1+0 gc2+0
[  1027,8s f54730] InfluenceTick: 5,3 ms 
[  1027,8s f54731] FRAME: 64,9 ms gc0+0 gc1+0 gc2+0
[  1027,9s f54733] InfluenceTick: 5,2 ms 
[  1028,0s f54736] InfluenceTick: 5,4 ms 
[  1028,0s f54737] FRAME: 58,3 ms gc0+0 gc1+0 gc2+0
[  1028,1s f54739] InfluenceTick: 6,3 ms 
[  1028,2s f54740] FRAME: 52,1 ms gc0+0 gc1+0 gc2+0
[  1028,3s f54742] InfluenceTick: 5,7 ms 
[  1028,4s f54745] InfluenceTick: 5,4 ms 
[  1028,5s f54748] InfluenceTick: 5,4 ms 
[  1028,6s f54753] AIThink: 11,8 ms brains 1
[  1028,7s f54754] InfluenceTick: 5,6 ms 
[  1028,7s f54755] FRAME: 60,4 ms gc0+0 gc1+0 gc2+0
[  1028,8s f54756] InfluenceTick: 5,2 ms 
[  1028,9s f54759] InfluenceTick: 5,3 ms 
[  1028,9s f54760] HutIncome: 17,8 ms huts 73
[  1029,1s f54763] FRAME: 64,9 ms gc0+1 gc1+1 gc2+1
[  1029,1s f54765] InfluenceTick: 5,6 ms 
[  1029,2s f54765] AIThink: 12,6 ms brains 1
[  1029,2s f54766] FRAME: 60,8 ms gc0+0 gc1+0 gc2+0
[  1029,2s f54767] AIThink: 10,3 ms brains 1
[  1029,4s f54771] InfluenceTick: 5,2 ms 
[  1029,5s f54774] InfluenceTick: 5,5 ms 
[  1029,6s f54777] InfluenceTick: 5,1 ms 
[  1029,7s f54780] InfluenceTick: 5,4 ms 
[  1029,8s f54783] InfluenceTick: 5,6 ms 
[  1029,9s f54784] FRAME: 55,7 ms gc0+0 gc1+0 gc2+0
[  1029,9s f54785] InfluenceTick: 5,5 ms 
[  1030,0s f54788] InfluenceTick: 5,9 ms 
[  1030,2s f54791] InfluenceTick: 5,4 ms 
[  1030,2s f54792] FRAME: 51,5 ms gc0+1 gc1+1 gc2+1
[  1030,3s f54794] InfluenceTick: 6,1 ms 
[  1030,4s f54797] InfluenceTick: 5,1 ms 
[  1030,5s f54800] InfluenceTick: 5,3 ms 
[  1030,8s f54808] InfluenceTick: 5,2 ms 
[  1030,9s f54811] InfluenceTick: 5,1 ms 
[  1031,0s f54814] HutIncome: 17,3 ms huts 73
[  1031,0s f54815] InfluenceTick: 5,2 ms 
[  1031,0s f54816] FRAME: 50,7 ms gc0+0 gc1+0 gc2+0
[  1031,0s f54816] AIThink: 11,1 ms brains 1
[  1031,1s f54818] InfluenceTick: 5,3 ms 
[  1031,2s f54819] FRAME: 75,9 ms gc0+0 gc1+0 gc2+0
[  1031,3s f54820] InfluenceTick: 5,9 ms 
[  1031,4s f54824] AIThink: 10,0 ms brains 2
[  1031,5s f54826] InfluenceTick: 5,8 ms 
[  1031,6s f54829] InfluenceTick: 5,0 ms 
[  1031,7s f54832] InfluenceTick: 5,3 ms 
[  1031,8s f54835] InfluenceTick: 5,9 ms 
[  1031,9s f54838] InfluenceTick: 5,1 ms 
[  1032,0s f54841] InfluenceTick: 5,1 ms 
[  1032,1s f54842] FRAME: 54,0 ms gc0+0 gc1+0 gc2+0
[  1032,1s f54844] InfluenceTick: 5,4 ms 
[  1032,3s f54847] InfluenceTick: 5,6 ms 
[  1032,3s f54848] FRAME: 56,4 ms gc0+0 gc1+0 gc2+0
[  1032,4s f54850] InfluenceTick: 5,4 ms 
[  1032,4s f54851] FRAME: 64,6 ms gc0+1 gc1+1 gc2+1
[  1032,5s f54853] InfluenceTick: 5,0 ms 
[  1032,6s f54857] InfluenceTick: 5,4 ms 
[  1032,7s f54860] InfluenceTick: 5,3 ms 
[  1032,8s f54863] InfluenceTick: 5,4 ms 
[  1033,0s f54867] InfluenceTick: 5,4 ms 
[  1033,0s f54867] HutIncome: 17,4 ms huts 73
[  1033,0s f54868] FRAME: 69,6 ms gc0+0 gc1+0 gc2+0
[  1033,1s f54869] InfluenceTick: 5,7 ms 
[  1033,2s f54873] FRAME: 53,1 ms gc0+0 gc1+0 gc2+0
[  1033,4s f54879] InfluenceTick: 5,5 ms 
[  1033,5s f54879] AIThink: 11,9 ms brains 1
[  1033,5s f54880] FRAME: 59,2 ms gc0+0 gc1+0 gc2+0
[  1033,6s f54882] AIThink: 10,4 ms brains 1
[  1033,6s f54883] FRAME: 56,8 ms gc0+0 gc1+0 gc2+0
[  1033,7s f54884] AIThink: 13,3 ms brains 1
[  1033,7s f54885] FRAME: 58,4 ms gc0+0 gc1+0 gc2+0
[  1033,7s f54885] InfluenceTick: 5,4 ms 
[  1033,9s f54892] InfluenceTick: 5,0 ms 
[  1034,0s f54894] AIThink: 13,0 ms brains 1
[  1034,1s f54896] FRAME: 51,0 ms gc0+0 gc1+0 gc2+0
[  1034,3s f54901] InfluenceTick: 5,2 ms 
[  1034,3s f54902] FRAME: 54,7 ms gc0+0 gc1+0 gc2+0
[  1034,4s f54904] InfluenceTick: 5,9 ms 
[  1034,5s f54907] InfluenceTick: 5,2 ms 
[  1034,5s f54908] FRAME: 58,3 ms gc0+0 gc1+0 gc2+0
[  1035,0s f54922] HutIncome: 15,5 ms huts 73
[  1035,1s f54924] InfluenceTick: 5,3 ms 
[  1035,1s f54925] FRAME: 56,9 ms gc0+0 gc1+0 gc2+0
[  1035,3s f54931] InfluenceTick: 5,1 ms 
[  1035,4s f54935] FRAME: 54,1 ms gc0+0 gc1+0 gc2+0
[  1035,7s f54943] AIThink: 9,9 ms brains 1
[  1035,8s f54946] AIThink: 11,1 ms brains 2
[  1035,9s f54947] InfluenceTick: 5,4 ms 
[  1035,9s f54948] FRAME: 52,4 ms gc0+0 gc1+0 gc2+0
[  1036,1s f54953] InfluenceTick: 5,0 ms 
[  1036,2s f54956] InfluenceTick: 5,9 ms 
[  1036,2s f54957] FRAME: 64,1 ms gc0+0 gc1+0 gc2+0
[  1036,4s f54963] InfluenceTick: 5,1 ms 
[  1037,0s f54980] HutIncome: 15,8 ms huts 73
[  1037,0s f54981] FRAME: 51,1 ms gc0+0 gc1+0 gc2+0
[  1037,1s f54981] InfluenceTick: 5,2 ms 
[  1037,1s f54982] FRAME: 71,1 ms gc0+0 gc1+0 gc2+0
[  1037,1s f54983] InfluenceTick: 5,3 ms 
[  1037,4s f54991] FRAME: 52,4 ms gc0+0 gc1+0 gc2+0
[  1037,5s f54993] InfluenceTick: 5,4 ms 
[  1037,9s f55004] AIThink: 9,7 ms brains 1
[  1037,9s f55005] FRAME: 53,6 ms gc0+0 gc1+0 gc2+0
[  1038,1s f55010] InfluenceTick: 5,3 ms 
[  1038,1s f55010] AIThink: 13,3 ms brains 1
[  1038,2s f55011] FRAME: 64,5 ms gc0+0 gc1+0 gc2+0
[  1038,2s f55011] AIThink: 14,5 ms brains 2
[  1038,2s f55012] InfluenceTick: 6,2 ms 
[  1038,2s f55012] AIThink: 12,6 ms brains 1
[  1038,3s f55013] FRAME: 70,1 ms gc0+0 gc1+0 gc2+0
[  1038,3s f55014] InfluenceTick: 5,6 ms 
[  1038,4s f55015] FRAME: 65,0 ms gc0+0 gc1+0 gc2+0
[  1038,5s f55018] FRAME: 55,0 ms gc0+0 gc1+0 gc2+0
[  1038,7s f55022] InfluenceTick: 5,3 ms 
[  1038,8s f55025] FRAME: 55,8 ms gc0+0 gc1+0 gc2+0
[  1038,8s f55025] InfluenceTick: 5,2 ms 
[  1038,8s f55026] FRAME: 53,4 ms gc0+0 gc1+0 gc2+0
[  1039,0s f55031] HutIncome: 16,4 ms huts 73
[  1039,1s f55032] FRAME: 76,7 ms gc0+0 gc1+0 gc2+0
[  1039,1s f55033] InfluenceTick: 5,8 ms 
[  1039,5s f55045] FRAME: 50,3 ms gc0+0 gc1+0 gc2+0
[  1039,6s f55047] InfluenceTick: 5,7 ms 
[  1039,7s f55048] FRAME: 50,9 ms gc0+0 gc1+0 gc2+0
[  1039,8s f55053] InfluenceTick: 5,0 ms 
[  1039,9s f55054] FRAME: 51,6 ms gc0+0 gc1+0 gc2+0
[  1040,0s f55056] InfluenceTick: 6,1 ms 
[  1040,0s f55057] FRAME: 55,0 ms gc0+0 gc1+0 gc2+0
[  1040,0s f55058] FRAME: 64,1 ms gc0+0 gc1+0 gc2+0
[  1040,1s f55058] InfluenceTick: 6,4 ms 
[  1040,1s f55058] AIThink: 10,6 ms brains 1
[  1040,1s f55059] FRAME: 81,3 ms gc0+1 gc1+1 gc2+1
[  1040,2s f55060] InfluenceTick: 5,2 ms 
[  1040,2s f55061] FRAME: 52,6 ms gc0+0 gc1+0 gc2+0
[  1040,3s f55063] InfluenceTick: 5,5 ms 
[  1040,3s f55064] FRAME: 50,5 ms gc0+0 gc1+0 gc2+0
[  1040,5s f55066] InfluenceTick: 5,5 ms 
[  1040,5s f55067] FRAME: 81,1 ms gc0+0 gc1+0 gc2+0
[  1040,6s f55068] InfluenceTick: 5,3 ms 
[  1040,6s f55069] AIThink: 11,6 ms brains 1
[  1040,7s f55071] InfluenceTick: 5,6 ms 
[  1040,7s f55072] FRAME: 53,7 ms gc0+0 gc1+0 gc2+0
[  1040,8s f55074] InfluenceTick: 5,3 ms 
[  1040,9s f55077] InfluenceTick: 5,2 ms 
[  1041,0s f55079] HutIncome: 16,8 ms huts 73
[  1041,1s f55080] FRAME: 56,6 ms gc0+0 gc1+0 gc2+0
[  1041,1s f55080] InfluenceTick: 5,3 ms 
[  1041,1s f55081] FRAME: 61,4 ms gc0+0 gc1+0 gc2+0
[  1041,2s f55082] InfluenceTick: 5,9 ms 
[  1041,2s f55083] FRAME: 51,2 ms gc0+0 gc1+0 gc2+0
[  1041,3s f55085] InfluenceTick: 5,5 ms 
[  1041,3s f55086] FRAME: 52,5 ms gc0+0 gc1+0 gc2+0
[  1041,4s f55088] InfluenceTick: 5,3 ms 
[  1041,5s f55089] FRAME: 62,4 ms gc0+0 gc1+0 gc2+0
[  1041,6s f55091] InfluenceTick: 5,1 ms 
[  1041,7s f55095] InfluenceTick: 5,7 ms 
[  1041,7s f55096] FRAME: 62,5 ms gc0+0 gc1+0 gc2+0
[  1041,8s f55098] InfluenceTick: 5,5 ms 
[  1041,9s f55102] InfluenceTick: 5,0 ms 
[  1042,2s f55108] InfluenceTick: 5,5 ms 
[  1042,2s f55109] FRAME: 52,9 ms gc0+0 gc1+0 gc2+0
[  1042,2s f55110] AIThink: 9,3 ms brains 1
[  1042,6s f55121] AIThink: 11,0 ms brains 1
[  1043,0s f55132] AIThink: 9,9 ms brains 1
[  1043,0s f55133] HutIncome: 16,9 ms huts 73
[  1043,1s f55134] FRAME: 72,5 ms gc0+0 gc1+0 gc2+0
[  1043,1s f55135] InfluenceTick: 5,3 ms 
[  1043,2s f55136] FRAME: 54,1 ms gc0+0 gc1+0 gc2+0
[  1043,3s f55138] InfluenceTick: 5,3 ms 
[  1043,4s f55142] InfluenceTick: 5,0 ms 
[  1043,7s f55150] InfluenceTick: 5,5 ms 
[  1043,7s f55151] FRAME: 54,9 ms gc0+0 gc1+0 gc2+0
[  1043,8s f55153] InfluenceTick: 5,1 ms 
[  1043,8s f55154] FRAME: 68,9 ms gc0+0 gc1+0 gc2+0
[  1044,0s f55159] InfluenceTick: 5,2 ms 
[  1044,0s f55160] FRAME: 51,9 ms gc0+0 gc1+0 gc2+0
[  1044,3s f55169] InfluenceTick: 6,1 ms 
[  1044,4s f55171] AIThink: 9,8 ms brains 1
[  1044,8s f55183] AIThink: 11,1 ms brains 1
[  1045,1s f55189] FRAME: 66,3 ms gc0+0 gc1+0 gc2+0
[  1045,1s f55189] HutIncome: 20,8 ms huts 73
[  1045,1s f55190] FRAME: 57,3 ms gc0+0 gc1+0 gc2+0
[  1045,2s f55190] InfluenceTick: 6,0 ms 
[  1045,2s f55191] FRAME: 54,6 ms gc0+0 gc1+0 gc2+0
[  1045,4s f55196] AIThink: 10,9 ms brains 1
[  1045,4s f55197] InfluenceTick: 5,6 ms 
[  1045,5s f55200] InfluenceTick: 5,5 ms 
[  1045,7s f55207] InfluenceTick: 5,2 ms 
[  1046,0s f55214] FRAME: 50,6 ms gc0+0 gc1+0 gc2+0
[  1046,3s f55223] InfluenceTick: 5,8 ms 
[  1046,4s f55224] FRAME: 66,6 ms gc0+0 gc1+0 gc2+0
[  1046,5s f55229] AIThink: 10,5 ms brains 1
[  1046,6s f55230] InfluenceTick: 5,6 ms 
[  1046,6s f55230] AIThink: 10,5 ms brains 1
[  1046,6s f55231] FRAME: 62,6 ms gc0+0 gc1+0 gc2+0
[  1047,1s f55243] InfluenceTick: 5,6 ms 
[  1047,1s f55244] FRAME: 57,1 ms gc0+0 gc1+0 gc2+0
[  1047,1s f55244] HutIncome: 16,9 ms huts 73
[  1047,2s f55245] FRAME: 50,4 ms gc0+0 gc1+0 gc2+0
[  1047,2s f55245] InfluenceTick: 5,3 ms 
[  1047,2s f55246] FRAME: 60,0 ms gc0+1 gc1+1 gc2+1
[  1047,3s f55248] InfluenceTick: 5,0 ms 
[  1047,4s f55251] InfluenceTick: 5,1 ms 
[  1047,5s f55254] InfluenceTick: 5,3 ms 
[  1047,6s f55255] FRAME: 58,7 ms gc0+0 gc1+0 gc2+0
[  1047,7s f55258] AIThink: 10,8 ms brains 1
[  1047,8s f55259] InfluenceTick: 5,2 ms 
[  1047,9s f55262] InfluenceTick: 5,0 ms 
[  1048,0s f55266] FRAME: 53,9 ms gc0+1 gc1+1 gc2+1
[  1048,2s f55271] InfluenceTick: 5,0 ms 
[  1048,3s f55274] InfluenceTick: 5,1 ms 
[  1048,4s f55275] FRAME: 55,2 ms gc0+0 gc1+0 gc2+0
[  1048,4s f55277] InfluenceTick: 5,1 ms 
[  1048,5s f55278] FRAME: 57,9 ms gc0+0 gc1+0 gc2+0
[  1048,6s f55279] InfluenceTick: 5,2 ms 
[  1048,7s f55282] InfluenceTick: 6,0 ms 
[  1048,7s f55283] FRAME: 53,2 ms gc0+0 gc1+0 gc2+0
[  1048,8s f55284] AIThink: 13,5 ms brains 1
[  1048,8s f55285] FRAME: 54,9 ms gc0+0 gc1+0 gc2+0
[  1048,8s f55285] InfluenceTick: 6,7 ms 
[  1048,8s f55286] FRAME: 57,7 ms gc0+0 gc1+0 gc2+0
[  1048,9s f55288] InfluenceTick: 5,0 ms 
[  1049,0s f55289] FRAME: 58,6 ms gc0+0 gc1+0 gc2+0
[  1049,1s f55291] InfluenceTick: 5,5 ms 
[  1049,1s f55292] FRAME: 62,8 ms gc0+1 gc1+1 gc2+1
[  1049,2s f55293] HutIncome: 17,4 ms huts 73
[  1049,2s f55294] InfluenceTick: 5,0 ms 
[  1049,2s f55295] FRAME: 50,6 ms gc0+0 gc1+0 gc2+0
[  1049,3s f55297] InfluenceTick: 5,7 ms 
[  1049,4s f55298] FRAME: 68,5 ms gc0+0 gc1+0 gc2+0
[  1049,4s f55299] InfluenceTick: 5,7 ms 
[  1049,5s f55300] FRAME: 52,5 ms gc0+0 gc1+0 gc2+0
[  1049,6s f55302] InfluenceTick: 5,3 ms 
[  1049,7s f55305] InfluenceTick: 5,5 ms 
[  1049,7s f55306] FRAME: 51,7 ms gc0+0 gc1+0 gc2+0
[  1049,8s f55308] InfluenceTick: 5,5 ms 
[  1049,8s f55309] FRAME: 52,5 ms gc0+0 gc1+0 gc2+0
[  1050,0s f55314] InfluenceTick: 5,3 ms 
[  1050,1s f55315] FRAME: 61,4 ms gc0+0 gc1+0 gc2+0
[  1050,1s f55316] AIThink: 11,1 ms brains 1
[  1050,2s f55317] InfluenceTick: 5,5 ms 
[  1050,2s f55318] FRAME: 61,9 ms gc0+0 gc1+0 gc2+0
[  1050,3s f55320] InfluenceTick: 5,7 ms 
[  1050,3s f55321] FRAME: 53,8 ms gc0+0 gc1+0 gc2+0
[  1050,4s f55323] InfluenceTick: 5,5 ms 
[  1050,5s f55324] FRAME: 50,5 ms gc0+0 gc1+0 gc2+0
[  1050,6s f55326] InfluenceTick: 5,4 ms 
[  1050,8s f55332] InfluenceTick: 5,1 ms 
[  1050,9s f55336] AIThink: 9,6 ms brains 1
[  1051,0s f55338] InfluenceTick: 5,3 ms 
[  1051,1s f55339] FRAME: 72,0 ms gc0+0 gc1+0 gc2+0
[  1051,1s f55340] InfluenceTick: 5,8 ms 
[  1051,2s f55341] FRAME: 76,2 ms gc0+0 gc1+0 gc2+0
[  1051,2s f55341] HutIncome: 17,2 ms huts 73
[  1051,2s f55342] FRAME: 54,6 ms gc0+0 gc1+0 gc2+0
[  1051,6s f55351] AIThink: 11,4 ms brains 1
[  1051,6s f55352] FRAME: 58,1 ms gc0+0 gc1+0 gc2+0
[  1051,7s f55354] FRAME: 56,5 ms gc0+0 gc1+0 gc2+0
[  1051,8s f55356] InfluenceTick: 5,6 ms 
[  1052,0s f55363] FRAME: 50,8 ms gc0+0 gc1+0 gc2+0
[  1052,1s f55365] InfluenceTick: 5,2 ms 
[  1052,3s f55368] InfluenceTick: 5,2 ms 
[  1052,3s f55369] FRAME: 72,8 ms gc0+0 gc1+0 gc2+0
[  1052,4s f55370] InfluenceTick: 5,3 ms 
[  1052,5s f55374] AIThink: 10,2 ms brains 1
[  1052,8s f55382] AIThink: 10,2 ms brains 1
[  1052,8s f55383] FRAME: 62,9 ms gc0+0 gc1+0 gc2+0
[  1052,9s f55384] InfluenceTick: 5,2 ms 
[  1052,9s f55385] FRAME: 55,5 ms gc0+0 gc1+0 gc2+0
[  1053,0s f55387] InfluenceTick: 5,3 ms 
[  1053,1s f55388] FRAME: 52,9 ms gc0+0 gc1+0 gc2+0
[  1053,1s f55388] AIThink: 13,1 ms brains 1
[  1053,1s f55389] FRAME: 61,1 ms gc0+0 gc1+0 gc2+0
[  1053,1s f55389] InfluenceTick: 5,4 ms 
[  1053,2s f55390] FRAME: 58,5 ms gc0+1 gc1+1 gc2+1
[  1053,2s f55390] HutIncome: 17,2 ms huts 73
[  1053,5s f55397] InfluenceTick: 5,0 ms 
[  1053,5s f55398] FRAME: 57,6 ms gc0+0 gc1+0 gc2+0
[  1053,6s f55399] InfluenceTick: 5,2 ms 
[  1053,7s f55402] InfluenceTick: 5,6 ms 
[  1053,7s f55403] FRAME: 51,0 ms gc0+0 gc1+0 gc2+0
[  1053,8s f55405] InfluenceTick: 5,0 ms 
[  1053,8s f55406] FRAME: 50,6 ms gc0+0 gc1+0 gc2+0
[  1053,9s f55408] InfluenceTick: 5,0 ms 
[  1054,3s f55420] InfluenceTick: 5,1 ms 
[  1054,6s f55426] InfluenceTick: 5,0 ms 
[  1054,7s f55429] InfluenceTick: 5,3 ms 
[  1054,9s f55435] InfluenceTick: 5,1 ms 
[  1054,9s f55435] AIThink: 11,4 ms brains 2
[  1054,9s f55436] FRAME: 59,0 ms gc0+0 gc1+0 gc2+0
[  1055,0s f55438] InfluenceTick: 5,1 ms 
[  1055,1s f55439] FRAME: 59,1 ms gc0+0 gc1+0 gc2+0
[  1055,2s f55441] InfluenceTick: 5,8 ms 
[  1055,2s f55442] FRAME: 53,9 ms gc0+0 gc1+0 gc2+0
[  1055,2s f55442] HutIncome: 19,1 ms huts 73
[  1055,2s f55443] FRAME: 59,4 ms gc0+0 gc1+0 gc2+0
[  1055,3s f55443] InfluenceTick: 6,0 ms 
[  1055,3s f55443] AIThink: 11,2 ms brains 1
[  1055,3s f55444] FRAME: 94,6 ms gc0+0 gc1+0 gc2+0
[  1055,4s f55445] InfluenceTick: 6,1 ms 
[  1055,4s f55446] FRAME: 53,4 ms gc0+0 gc1+0 gc2+0
[  1055,5s f55448] InfluenceTick: 6,0 ms 
[  1055,6s f55449] FRAME: 56,8 ms gc0+0 gc1+0 gc2+0
[  1055,7s f55451] InfluenceTick: 5,4 ms 
[  1055,7s f55452] FRAME: 51,6 ms gc0+0 gc1+0 gc2+0
[  1055,7s f55453] FRAME: 53,9 ms gc0+0 gc1+0 gc2+0
[  1055,8s f55453] InfluenceTick: 5,7 ms 
[  1055,8s f55454] FRAME: 52,4 ms gc0+0 gc1+0 gc2+0
[  1055,9s f55456] InfluenceTick: 5,8 ms 
[  1055,9s f55457] FRAME: 54,9 ms gc0+0 gc1+0 gc2+0
[  1056,0s f55460] FRAME: 57,2 ms gc0+0 gc1+0 gc2+0
[  1056,1s f55462] FRAME: 50,2 ms gc0+0 gc1+0 gc2+0
[  1056,2s f55462] InfluenceTick: 5,9 ms 
[  1056,2s f55463] FRAME: 56,1 ms gc0+0 gc1+0 gc2+0
[  1056,3s f55465] InfluenceTick: 5,6 ms 
[  1056,3s f55466] FRAME: 54,3 ms gc0+0 gc1+0 gc2+0
[  1056,4s f55468] InfluenceTick: 5,4 ms 
[  1056,4s f55469] FRAME: 50,3 ms gc0+0 gc1+0 gc2+0
[  1056,5s f55471] InfluenceTick: 5,6 ms 
[  1056,6s f55472] FRAME: 66,9 ms gc0+0 gc1+0 gc2+0
[  1056,7s f55474] InfluenceTick: 6,6 ms 
[  1056,7s f55475] FRAME: 64,0 ms gc0+1 gc1+1 gc2+1
[  1056,7s f55476] InfluenceTick: 5,0 ms 
[  1056,8s f55477] FRAME: 51,0 ms gc0+0 gc1+0 gc2+0
[  1056,9s f55479] InfluenceTick: 5,8 ms 
[  1056,9s f55480] FRAME: 58,0 ms gc0+0 gc1+0 gc2+0
[  1057,0s f55481] FRAME: 70,8 ms gc0+0 gc1+0 gc2+0
[  1057,0s f55481] InfluenceTick: 5,7 ms 
[  1057,0s f55482] FRAME: 73,2 ms gc0+0 gc1+0 gc2+0
[  1057,1s f55483] FRAME: 51,8 ms gc0+0 gc1+0 gc2+0
[  1057,1s f55483] InfluenceTick: 6,5 ms 
[  1057,2s f55484] FRAME: 62,9 ms gc0+0 gc1+0 gc2+0
[  1057,2s f55485] InfluenceTick: 5,5 ms 
[  1057,2s f55485] HutIncome: 17,0 ms huts 73
[  1057,3s f55486] FRAME: 68,8 ms gc0+0 gc1+0 gc2+0
[  1057,3s f55486] AIThink: 10,7 ms brains 1
[  1057,4s f55487] InfluenceTick: 6,1 ms 
[  1057,4s f55488] FRAME: 67,2 ms gc0+0 gc1+0 gc2+0
[  1057,5s f55489] AIThink: 9,5 ms brains 1
[  1057,5s f55490] FRAME: 67,2 ms gc0+0 gc1+0 gc2+0
[  1057,6s f55491] InfluenceTick: 6,1 ms 
[  1057,6s f55492] FRAME: 54,2 ms gc0+0 gc1+0 gc2+0
[  1057,7s f55494] InfluenceTick: 5,5 ms 
[  1057,7s f55495] FRAME: 50,2 ms gc0+0 gc1+0 gc2+0
[  1057,8s f55497] InfluenceTick: 5,4 ms 
[  1057,8s f55498] FRAME: 59,1 ms gc0+1 gc1+1 gc2+1
[  1058,0s f55501] FRAME: 60,2 ms gc0+0 gc1+0 gc2+0
[  1058,0s f55502] InfluenceTick: 6,0 ms 
[  1058,1s f55503] FRAME: 66,6 ms gc0+0 gc1+0 gc2+0
[  1058,2s f55504] InfluenceTick: 5,1 ms 
[  1058,2s f55505] FRAME: 63,1 ms gc0+0 gc1+0 gc2+0
[  1058,3s f55506] InfluenceTick: 6,5 ms 
[  1058,3s f55507] FRAME: 59,9 ms gc0+0 gc1+0 gc2+0
[  1058,3s f55507] AIThink: 13,1 ms brains 1
[  1058,3s f55508] FRAME: 53,4 ms gc0+0 gc1+0 gc2+0
[  1058,4s f55508] InfluenceTick: 6,1 ms 
[  1058,4s f55509] FRAME: 56,5 ms gc0+0 gc1+0 gc2+0
[  1058,5s f55511] InfluenceTick: 5,4 ms 
[  1058,5s f55512] FRAME: 65,8 ms gc0+0 gc1+0 gc2+0
[  1058,6s f55513] FRAME: 55,0 ms gc0+0 gc1+0 gc2+0
[  1058,6s f55513] InfluenceTick: 5,4 ms 
[  1058,6s f55514] FRAME: 50,2 ms gc0+0 gc1+0 gc2+0
[  1058,7s f55516] InfluenceTick: 5,2 ms 
[  1058,8s f55517] FRAME: 56,1 ms gc0+1 gc1+1 gc2+1
[  1058,9s f55519] InfluenceTick: 5,0 ms 
[  1058,9s f55520] FRAME: 52,1 ms gc0+0 gc1+0 gc2+0
[  1059,0s f55522] InfluenceTick: 5,2 ms 
[  1059,0s f55523] FRAME: 67,1 ms gc0+0 gc1+0 gc2+0
[  1059,1s f55524] InfluenceTick: 5,9 ms 
[  1059,1s f55524] AIThink: 11,6 ms brains 1
[  1059,1s f55525] FRAME: 67,2 ms gc0+0 gc1+0 gc2+0
[  1059,2s f55526] InfluenceTick: 5,7 ms 
[  1059,2s f55527] FRAME: 56,3 ms gc0+0 gc1+0 gc2+0
[  1059,3s f55527] HutIncome: 19,9 ms huts 73
[  1059,3s f55528] FRAME: 55,7 ms gc0+0 gc1+0 gc2+0
[  1059,3s f55528] InfluenceTick: 5,5 ms 
[  1059,3s f55529] FRAME: 53,7 ms gc0+0 gc1+0 gc2+0
[  1059,4s f55531] InfluenceTick: 5,5 ms 
[  1059,5s f55532] FRAME: 52,2 ms gc0+0 gc1+0 gc2+0
[  1059,6s f55534] InfluenceTick: 5,0 ms 
[  1059,6s f55535] AIThink: 9,5 ms brains 1
[  1059,7s f55537] InfluenceTick: 5,2 ms 
[  1059,7s f55537] AIThink: 9,6 ms brains 1
[  1059,7s f55538] FRAME: 56,4 ms gc0+0 gc1+0 gc2+0
[  1059,8s f55540] InfluenceTick: 5,9 ms 
[  1059,9s f55541] FRAME: 70,0 ms gc0+0 gc1+0 gc2+0
[  1059,9s f55542] InfluenceTick: 5,0 ms 
[  1059,9s f55543] FRAME: 50,8 ms gc0+1 gc1+1 gc2+1
[  1060,1s f55546] FRAME: 55,6 ms gc0+0 gc1+0 gc2+0
[  1060,4s f55555] InfluenceTick: 5,0 ms 
[  1060,6s f55561] InfluenceTick: 5,1 ms 
[  1060,8s f55567] InfluenceTick: 5,6 ms 
[  1060,9s f55568] FRAME: 58,7 ms gc0+0 gc1+0 gc2+0
[  1060,9s f55570] InfluenceTick: 5,5 ms 
[  1061,1s f55573] InfluenceTick: 5,6 ms 
[  1061,1s f55574] FRAME: 73,1 ms gc0+1 gc1+1 gc2+1
[  1061,2s f55575] InfluenceTick: 6,0 ms 
[  1061,2s f55575] AIThink: 11,6 ms brains 1
[  1061,2s f55576] FRAME: 68,8 ms gc0+0 gc1+0 gc2+0
[  1061,3s f55577] InfluenceTick: 5,4 ms 
[  1061,3s f55577] HutIncome: 18,0 ms huts 73
[  1061,3s f55578] FRAME: 71,1 ms gc0+0 gc1+0 gc2+0
[  1061,5s f55582] InfluenceTick: 5,7 ms 
[  1061,5s f55583] FRAME: 52,0 ms gc0+0 gc1+0 gc2+0
[  1061,6s f55585] InfluenceTick: 5,9 ms 
[  1061,7s f55586] FRAME: 54,6 ms gc0+0 gc1+0 gc2+0
[  1061,8s f55588] InfluenceTick: 5,7 ms 
[  1061,8s f55589] FRAME: 50,1 ms gc0+0 gc1+0 gc2+0
[  1061,8s f55589] AIThink: 11,7 ms brains 1
[  1061,9s f55591] InfluenceTick: 5,2 ms 
[  1061,9s f55592] FRAME: 67,1 ms gc0+0 gc1+0 gc2+0
[  1062,0s f55593] InfluenceTick: 5,9 ms 
[  1062,0s f55594] FRAME: 63,2 ms gc0+0 gc1+0 gc2+0
[  1062,1s f55594] AIThink: 11,0 ms brains 1
[  1062,1s f55595] FRAME: 58,5 ms gc0+0 gc1+0 gc2+0
[  1062,1s f55595] InfluenceTick: 6,1 ms 
[  1062,2s f55596] FRAME: 67,3 ms gc0+0 gc1+0 gc2+0
[  1062,2s f55597] InfluenceTick: 5,6 ms 
[  1062,4s f55600] InfluenceTick: 7,5 ms 
[  1062,4s f55601] FRAME: 70,0 ms gc0+0 gc1+0 gc2+0
[  1062,6s f55605] InfluenceTick: 5,7 ms 
[  1062,6s f55606] FRAME: 54,8 ms gc0+0 gc1+0 gc2+0
[  1062,7s f55608] InfluenceTick: 5,7 ms 
[  1062,7s f55609] FRAME: 62,4 ms gc0+0 gc1+0 gc2+0
[  1062,8s f55610] AIThink: 13,4 ms brains 1
[  1062,8s f55611] FRAME: 51,7 ms gc0+0 gc1+0 gc2+0
[  1062,9s f55611] InfluenceTick: 5,4 ms 
[  1062,9s f55612] FRAME: 54,8 ms gc0+0 gc1+0 gc2+0
[  1063,0s f55614] InfluenceTick: 5,5 ms 
[  1063,0s f55615] FRAME: 55,8 ms gc0+0 gc1+0 gc2+0
[  1063,1s f55617] InfluenceTick: 5,8 ms 
[  1063,1s f55618] FRAME: 54,8 ms gc0+0 gc1+0 gc2+0
[  1063,2s f55619] FRAME: 56,3 ms gc0+0 gc1+0 gc2+0
[  1063,2s f55619] InfluenceTick: 6,4 ms 
[  1063,2s f55620] FRAME: 58,7 ms gc0+0 gc1+0 gc2+0
[  1063,3s f55620] AIThink: 12,0 ms brains 1
[  1063,3s f55621] FRAME: 52,9 ms gc0+0 gc1+0 gc2+0
[  1063,3s f55621] InfluenceTick: 5,4 ms 
[  1063,3s f55621] HutIncome: 17,5 ms huts 73
[  1063,4s f55622] FRAME: 72,8 ms gc0+1 gc1+1 gc2+1
[  1063,4s f55623] InfluenceTick: 5,5 ms 
[  1063,5s f55626] InfluenceTick: 5,6 ms 
[  1063,7s f55629] InfluenceTick: 5,6 ms 
[  1063,7s f55630] FRAME: 55,0 ms gc0+0 gc1+0 gc2+0
[  1063,8s f55632] InfluenceTick: 5,8 ms 
[  1063,8s f55633] FRAME: 54,7 ms gc0+0 gc1+0 gc2+0
[  1063,9s f55635] InfluenceTick: 5,8 ms 
[  1063,9s f55636] FRAME: 52,6 ms gc0+0 gc1+0 gc2+0
[  1064,0s f55636] AIThink: 12,0 ms brains 1
[  1064,0s f55637] FRAME: 53,4 ms gc0+0 gc1+0 gc2+0
[  1064,0s f55637] InfluenceTick: 5,8 ms 
[  1064,1s f55638] FRAME: 83,7 ms gc0+0 gc1+0 gc2+0
[  1064,1s f55639] InfluenceTick: 5,5 ms 
[  1064,2s f55640] FRAME: 53,3 ms gc0+0 gc1+0 gc2+0
[  1064,3s f55642] InfluenceTick: 5,2 ms 
[  1064,4s f55645] InfluenceTick: 5,8 ms 
[  1064,5s f55647] AIThink: 12,0 ms brains 1
[  1064,5s f55648] FRAME: 50,6 ms gc0+0 gc1+0 gc2+0
[  1064,5s f55648] InfluenceTick: 5,6 ms 
[  1064,5s f55649] FRAME: 53,5 ms gc0+0 gc1+0 gc2+0
[  1064,6s f55651] InfluenceTick: 5,8 ms 
[  1064,7s f55652] FRAME: 56,1 ms gc0+1 gc1+1 gc2+1
[  1064,8s f55654] InfluenceTick: 6,8 ms 
[  1064,8s f55655] FRAME: 50,8 ms gc0+0 gc1+0 gc2+0
[  1064,9s f55657] InfluenceTick: 5,8 ms 
[  1064,9s f55658] FRAME: 54,4 ms gc0+0 gc1+0 gc2+0
[  1065,0s f55660] InfluenceTick: 5,6 ms 
[  1065,0s f55660] AIThink: 12,5 ms brains 1
[  1065,1s f55661] FRAME: 74,6 ms gc0+0 gc1+0 gc2+0
[  1065,1s f55662] InfluenceTick: 5,6 ms 
[  1065,2s f55663] FRAME: 54,1 ms gc0+0 gc1+0 gc2+0
[  1065,3s f55665] InfluenceTick: 5,4 ms 
[  1065,3s f55666] FRAME: 65,1 ms gc0+0 gc1+0 gc2+0
[  1065,3s f55667] HutIncome: 17,8 ms huts 73
[  1065,4s f55668] FRAME: 55,3 ms gc0+0 gc1+0 gc2+0
[  1065,4s f55668] InfluenceTick: 7,1 ms 
[  1065,4s f55669] FRAME: 63,9 ms gc0+0 gc1+0 gc2+0
[  1065,5s f55670] InfluenceTick: 5,7 ms 
[  1065,5s f55671] FRAME: 53,5 ms gc0+0 gc1+0 gc2+0
[  1065,6s f55672] InfluenceTick: 6,3 ms 
[  1065,6s f55673] FRAME: 57,6 ms gc0+0 gc1+0 gc2+0
[  1065,7s f55674] FRAME: 51,1 ms gc0+0 gc1+0 gc2+0
[  1065,7s f55674] InfluenceTick: 5,6 ms 
[  1065,7s f55675] FRAME: 51,4 ms gc0+0 gc1+0 gc2+0
[  1065,8s f55677] InfluenceTick: 6,1 ms 
[  1065,9s f55680] InfluenceTick: 5,7 ms 
[  1066,0s f55681] FRAME: 54,6 ms gc0+0 gc1+0 gc2+0
[  1066,0s f55682] InfluenceTick: 5,2 ms 
[  1066,1s f55683] FRAME: 59,3 ms gc0+0 gc1+0 gc2+0
[  1066,1s f55683] AIThink: 11,6 ms brains 1
[  1066,1s f55684] FRAME: 63,9 ms gc0+0 gc1+0 gc2+0
[  1066,2s f55684] InfluenceTick: 5,8 ms 
[  1066,2s f55685] FRAME: 55,6 ms gc0+0 gc1+0 gc2+0
[  1066,3s f55687] InfluenceTick: 5,1 ms 
[  1066,3s f55688] FRAME: 54,7 ms gc0+0 gc1+0 gc2+0
[  1066,4s f55690] InfluenceTick: 6,1 ms 
[  1066,4s f55691] FRAME: 51,9 ms gc0+0 gc1+0 gc2+0
[  1066,5s f55693] InfluenceTick: 5,1 ms 
[  1066,6s f55694] FRAME: 62,7 ms gc0+0 gc1+0 gc2+0
[  1066,7s f55696] InfluenceTick: 6,1 ms 
[  1066,7s f55697] FRAME: 56,6 ms gc0+0 gc1+0 gc2+0
[  1066,8s f55699] InfluenceTick: 5,5 ms 
[  1066,8s f55700] FRAME: 51,2 ms gc0+0 gc1+0 gc2+0
[  1066,9s f55701] AIThink: 12,6 ms brains 1
[  1066,9s f55702] FRAME: 52,8 ms gc0+0 gc1+0 gc2+0
[  1066,9s f55702] InfluenceTick: 6,0 ms 
[  1066,9s f55703] FRAME: 56,4 ms gc0+0 gc1+0 gc2+0
[  1067,0s f55704] FRAME: 59,8 ms gc0+0 gc1+0 gc2+0
[  1067,0s f55704] InfluenceTick: 5,4 ms 
[  1067,1s f55705] FRAME: 61,4 ms gc0+0 gc1+0 gc2+0
[  1067,3s f55710] InfluenceTick: 5,7 ms 
[  1067,3s f55710] AIThink: 12,1 ms brains 1
[  1067,3s f55711] FRAME: 67,0 ms gc0+1 gc1+1 gc2+1
[  1067,4s f55712] InfluenceTick: 5,3 ms 
[  1067,4s f55712] HutIncome: 16,9 ms huts 73
[  1067,4s f55713] FRAME: 79,8 ms gc0+0 gc1+0 gc2+0
[  1067,5s f55713] AIThink: 11,7 ms brains 1
[  1067,5s f55714] InfluenceTick: 6,2 ms 
[  1067,5s f55715] FRAME: 57,7 ms gc0+0 gc1+0 gc2+0
[  1067,6s f55717] InfluenceTick: 5,4 ms 
[  1067,7s f55718] FRAME: 52,0 ms gc0+0 gc1+0 gc2+0
[  1067,8s f55723] InfluenceTick: 5,3 ms 
[  1068,0s f55726] InfluenceTick: 5,1 ms 
[  1068,1s f55729] InfluenceTick: 5,9 ms 
[  1068,2s f55732] InfluenceTick: 5,2 ms 
[  1068,2s f55733] FRAME: 62,6 ms gc0+0 gc1+0 gc2+0
[  1068,3s f55733] AIThink: 10,1 ms brains 1
[  1068,3s f55734] InfluenceTick: 5,2 ms 
[  1068,4s f55737] InfluenceTick: 5,8 ms 
[  1068,5s f55738] FRAME: 53,2 ms gc0+0 gc1+0 gc2+0
[  1068,5s f55740] InfluenceTick: 5,3 ms 
[  1068,6s f55741] FRAME: 60,5 ms gc0+0 gc1+0 gc2+0
[  1068,9s f55750] InfluenceTick: 5,3 ms 
[  1068,9s f55751] FRAME: 50,1 ms gc0+0 gc1+0 gc2+0
[  1069,1s f55754] FRAME: 56,8 ms gc0+0 gc1+0 gc2+0
[  1069,1s f55755] InfluenceTick: 5,9 ms 
[  1069,2s f55756] FRAME: 55,5 ms gc0+0 gc1+0 gc2+0
[  1069,3s f55758] AIThink: 9,8 ms brains 1
[  1069,3s f55759] FRAME: 57,4 ms gc0+0 gc1+0 gc2+0
[  1069,4s f55761] InfluenceTick: 5,0 ms 
[  1069,4s f55762] FRAME: 54,6 ms gc0+0 gc1+0 gc2+0
[  1069,4s f55762] HutIncome: 17,9 ms huts 73
[  1069,5s f55763] FRAME: 52,5 ms gc0+0 gc1+0 gc2+0
[  1069,5s f55763] InfluenceTick: 5,5 ms 
[  1069,5s f55764] FRAME: 52,0 ms gc0+0 gc1+0 gc2+0
[  1069,6s f55764] AIThink: 16,9 ms brains 2
[  1069,6s f55765] FRAME: 72,0 ms gc0+0 gc1+0 gc2+0
[  1069,6s f55765] InfluenceTick: 6,0 ms 
[  1069,6s f55766] FRAME: 58,5 ms gc0+0 gc1+0 gc2+0
[  1069,7s f55768] InfluenceTick: 5,8 ms 
[  1069,8s f55769] FRAME: 52,0 ms gc0+0 gc1+0 gc2+0
[  1069,9s f55771] InfluenceTick: 5,2 ms 
[  1070,0s f55774] InfluenceTick: 7,1 ms 
[  1070,0s f55775] FRAME: 76,4 ms gc0+0 gc1+0 gc2+0
[  1070,1s f55776] InfluenceTick: 6,1 ms 
[  1070,1s f55777] FRAME: 55,2 ms gc0+0 gc1+0 gc2+0
[  1070,2s f55779] InfluenceTick: 5,7 ms 
[  1070,3s f55780] FRAME: 50,8 ms gc0+0 gc1+0 gc2+0
[  1070,4s f55782] InfluenceTick: 5,2 ms 
[  1070,4s f55783] FRAME: 69,2 ms gc0+0 gc1+0 gc2+0
[  1070,4s f55783] AIThink: 11,7 ms brains 1
[  1070,5s f55784] FRAME: 55,7 ms gc0+0 gc1+0 gc2+0
[  1070,5s f55784] InfluenceTick: 6,0 ms 
[  1070,5s f55785] FRAME: 64,1 ms gc0+0 gc1+0 gc2+0
[  1070,6s f55786] InfluenceTick: 5,4 ms 
[  1070,6s f55787] FRAME: 53,6 ms gc0+0 gc1+0 gc2+0
[  1070,7s f55788] FRAME: 54,7 ms gc0+1 gc1+1 gc2+1
[  1070,7s f55788] InfluenceTick: 5,6 ms 
[  1070,7s f55789] FRAME: 57,4 ms gc0+0 gc1+0 gc2+0
[  1070,8s f55791] InfluenceTick: 6,1 ms 
[  1070,8s f55792] FRAME: 52,1 ms gc0+0 gc1+0 gc2+0
[  1070,9s f55794] InfluenceTick: 6,4 ms 
[  1071,0s f55795] FRAME: 55,9 ms gc0+0 gc1+0 gc2+0
[  1071,1s f55797] InfluenceTick: 5,6 ms 
[  1071,1s f55798] FRAME: 50,6 ms gc0+0 gc1+0 gc2+0
[  1071,2s f55800] InfluenceTick: 5,9 ms 
[  1071,2s f55801] FRAME: 69,8 ms gc0+0 gc1+0 gc2+0
[  1071,3s f55802] InfluenceTick: 5,5 ms 
[  1071,3s f55803] FRAME: 52,4 ms gc0+0 gc1+0 gc2+0
[  1071,4s f55805] InfluenceTick: 6,0 ms 
[  1071,4s f55806] FRAME: 52,9 ms gc0+0 gc1+0 gc2+0
[  1071,5s f55806] HutIncome: 17,2 ms huts 73
[  1071,5s f55807] FRAME: 50,0 ms gc0+0 gc1+0 gc2+0
[  1071,6s f55810] InfluenceTick: 5,8 ms 
[  1071,7s f55810] AIThink: 11,7 ms brains 2
[  1071,7s f55811] FRAME: 90,9 ms gc0+0 gc1+0 gc2+0
[  1071,7s f55812] InfluenceTick: 5,6 ms 
[  1071,9s f55815] InfluenceTick: 5,8 ms 
[  1071,9s f55816] FRAME: 50,4 ms gc0+0 gc1+0 gc2+0
[  1072,0s f55818] InfluenceTick: 5,7 ms 
[  1072,0s f55819] FRAME: 64,5 ms gc0+0 gc1+0 gc2+0
[  1072,1s f55820] FRAME: 55,1 ms gc0+0 gc1+0 gc2+0
[  1072,1s f55820] InfluenceTick: 5,4 ms 
[  1072,1s f55821] FRAME: 51,5 ms gc0+0 gc1+0 gc2+0
[  1072,2s f55823] InfluenceTick: 5,6 ms 
[  1072,2s f55824] FRAME: 51,2 ms gc0+0 gc1+0 gc2+0
[  1072,3s f55826] InfluenceTick: 5,6 ms 
[  1072,4s f55827] FRAME: 52,5 ms gc0+0 gc1+0 gc2+0
[  1072,5s f55829] InfluenceTick: 5,1 ms 
[  1072,5s f55830] FRAME: 61,8 ms gc0+0 gc1+0 gc2+0
[  1072,6s f55832] InfluenceTick: 5,6 ms 
[  1072,6s f55832] AIThink: 9,6 ms brains 1
[  1072,6s f55833] FRAME: 61,5 ms gc0+0 gc1+0 gc2+0
[  1072,7s f55835] InfluenceTick: 5,4 ms 
[  1072,8s f55838] InfluenceTick: 6,1 ms 
[  1072,8s f55839] FRAME: 50,9 ms gc0+0 gc1+0 gc2+0
[  1073,0s f55842] FRAME: 51,0 ms gc0+0 gc1+0 gc2+0
[  1073,1s f55844] InfluenceTick: 6,1 ms 
[  1073,1s f55845] FRAME: 58,3 ms gc0+0 gc1+0 gc2+0
[  1073,2s f55847] InfluenceTick: 6,0 ms 
[  1073,2s f55848] FRAME: 55,3 ms gc0+0 gc1+0 gc2+0
[  1073,3s f55849] InfluenceTick: 5,8 ms 
[  1073,3s f55850] FRAME: 56,2 ms gc0+0 gc1+0 gc2+0
[  1073,4s f55852] InfluenceTick: 5,2 ms 
[  1073,5s f55853] HutIncome: 24,5 ms huts 73
[  1073,5s f55854] FRAME: 63,7 ms gc0+0 gc1+0 gc2+0
[  1073,6s f55854] InfluenceTick: 6,3 ms 
[  1073,6s f55855] FRAME: 58,8 ms gc0+0 gc1+0 gc2+0
[  1073,7s f55857] InfluenceTick: 5,5 ms 
[  1073,7s f55858] FRAME: 60,9 ms gc0+0 gc1+0 gc2+0
[  1073,7s f55858] AIThink: 11,9 ms brains 1
[  1073,8s f55859] FRAME: 61,9 ms gc0+0 gc1+0 gc2+0
[  1073,8s f55859] InfluenceTick: 5,8 ms 
[  1073,8s f55860] FRAME: 60,0 ms gc0+0 gc1+0 gc2+0
[  1073,9s f55862] InfluenceTick: 6,1 ms 
[  1073,9s f55863] FRAME: 53,7 ms gc0+0 gc1+0 gc2+0
[  1074,0s f55864] FRAME: 53,6 ms gc0+0 gc1+0 gc2+0
[  1074,0s f55864] InfluenceTick: 5,3 ms 
[  1074,0s f55864] AIThink: 10,8 ms brains 2
[  1074,1s f55865] FRAME: 69,2 ms gc0+0 gc1+0 gc2+0
[  1074,1s f55866] FRAME: 51,1 ms gc0+0 gc1+0 gc2+0
[  1074,1s f55866] InfluenceTick: 5,9 ms 
[  1074,2s f55867] FRAME: 53,1 ms gc0+0 gc1+0 gc2+0
[  1074,3s f55869] InfluenceTick: 5,8 ms 
[  1074,3s f55870] FRAME: 52,0 ms gc0+0 gc1+0 gc2+0
[  1074,4s f55872] InfluenceTick: 5,5 ms 
[  1074,4s f55873] FRAME: 55,7 ms gc0+0 gc1+0 gc2+0
[  1074,5s f55875] InfluenceTick: 5,3 ms 
[  1074,6s f55876] FRAME: 65,7 ms gc0+0 gc1+0 gc2+0
[  1074,6s f55878] InfluenceTick: 6,2 ms 
[  1074,7s f55879] FRAME: 51,9 ms gc0+0 gc1+0 gc2+0
[  1074,7s f55880] AIThink: 10,9 ms brains 1
[  1074,8s f55881] InfluenceTick: 5,8 ms 
[  1074,8s f55882] FRAME: 50,8 ms gc0+0 gc1+0 gc2+0
[  1074,9s f55884] InfluenceTick: 5,8 ms 
[  1074,9s f55885] FRAME: 53,0 ms gc0+0 gc1+0 gc2+0
[  1075,0s f55886] InfluenceTick: 5,8 ms 
[  1075,0s f55887] FRAME: 68,8 ms gc0+1 gc1+1 gc2+1
[  1075,1s f55888] InfluenceTick: 5,8 ms 
[  1075,1s f55889] FRAME: 54,1 ms gc0+0 gc1+0 gc2+0
[  1075,2s f55891] InfluenceTick: 5,5 ms 
[  1075,2s f55892] FRAME: 52,5 ms gc0+0 gc1+0 gc2+0
[  1075,3s f55894] InfluenceTick: 5,6 ms 
[  1075,5s f55897] InfluenceTick: 6,1 ms 
[  1075,5s f55898] FRAME: 55,2 ms gc0+0 gc1+0 gc2+0
[  1075,5s f55898] HutIncome: 19,5 ms huts 73
[  1075,5s f55899] FRAME: 54,5 ms gc0+0 gc1+0 gc2+0
[  1075,6s f55899] InfluenceTick: 6,0 ms 
[  1075,6s f55900] FRAME: 56,3 ms gc0+0 gc1+0 gc2+0
[  1075,7s f55902] InfluenceTick: 5,8 ms 
[  1075,7s f55903] FRAME: 53,4 ms gc0+0 gc1+0 gc2+0
[  1075,8s f55904] FRAME: 53,1 ms gc0+0 gc1+0 gc2+0
[  1075,8s f55904] InfluenceTick: 5,4 ms 
[  1075,8s f55905] FRAME: 72,3 ms gc0+0 gc1+0 gc2+0
[  1075,9s f55906] InfluenceTick: 5,4 ms 
[  1075,9s f55907] FRAME: 52,3 ms gc0+0 gc1+0 gc2+0
[  1076,0s f55909] InfluenceTick: 5,4 ms 
[  1076,1s f55910] FRAME: 58,5 ms gc0+0 gc1+0 gc2+0
[  1076,2s f55912] InfluenceTick: 5,6 ms 
[  1076,2s f55913] FRAME: 53,7 ms gc0+1 gc1+1 gc2+1
[  1076,3s f55914] InfluenceTick: 6,2 ms 
[  1076,3s f55915] FRAME: 57,8 ms gc0+0 gc1+0 gc2+0
[  1076,4s f55917] InfluenceTick: 6,1 ms 
[  1076,4s f55918] FRAME: 53,1 ms gc0+0 gc1+0 gc2+0
[  1076,4s f55918] AIThink: 12,4 ms brains 1
[  1076,5s f55919] InfluenceTick: 5,7 ms 
[  1076,5s f55920] FRAME: 52,1 ms gc0+0 gc1+0 gc2+0
[  1076,6s f55922] InfluenceTick: 6,2 ms 
[  1076,6s f55923] FRAME: 56,4 ms gc0+0 gc1+0 gc2+0
[  1076,7s f55924] FRAME: 55,1 ms gc0+0 gc1+0 gc2+0
[  1076,7s f55924] InfluenceTick: 6,4 ms 
[  1076,8s f55925] FRAME: 57,5 ms gc0+0 gc1+0 gc2+0
[  1076,8s f55927] InfluenceTick: 6,0 ms 
[  1076,9s f55928] FRAME: 52,4 ms gc0+0 gc1+0 gc2+0
[  1076,9s f55928] AIThink: 10,6 ms brains 1
[  1077,0s f55930] InfluenceTick: 5,3 ms 
[  1077,1s f55933] InfluenceTick: 5,3 ms 
[  1077,1s f55934] FRAME: 63,4 ms gc0+0 gc1+0 gc2+0
[  1077,2s f55936] InfluenceTick: 5,6 ms 
[  1077,2s f55937] FRAME: 53,2 ms gc0+0 gc1+0 gc2+0
[  1077,3s f55939] InfluenceTick: 5,3 ms 
[  1077,5s f55942] InfluenceTick: 5,0 ms 
[  1077,6s f55944] HutIncome: 19,3 ms huts 73
[  1077,6s f55945] FRAME: 54,1 ms gc0+0 gc1+0 gc2+0
[  1077,6s f55945] InfluenceTick: 6,6 ms 
[  1077,6s f55946] FRAME: 59,1 ms gc0+0 gc1+0 gc2+0
[  1077,7s f55948] InfluenceTick: 5,6 ms 
[  1077,8s f55949] FRAME: 51,6 ms gc0+0 gc1+0 gc2+0
[  1077,9s f55951] InfluenceTick: 6,1 ms 
[  1077,9s f55952] FRAME: 52,0 ms gc0+0 gc1+0 gc2+0
[  1077,9s f55952] AIThink: 12,0 ms brains 1
[  1078,0s f55953] InfluenceTick: 5,1 ms 
[  1078,0s f55954] FRAME: 65,8 ms gc0+0 gc1+0 gc2+0
[  1078,1s f55955] InfluenceTick: 5,7 ms 
[  1078,1s f55956] FRAME: 62,6 ms gc0+0 gc1+0 gc2+0
[  1078,2s f55958] InfluenceTick: 6,2 ms 
[  1078,2s f55959] FRAME: 55,1 ms gc0+0 gc1+0 gc2+0
[  1078,3s f55961] InfluenceTick: 5,2 ms 
[  1078,4s f55964] InfluenceTick: 5,2 ms 
[  1078,5s f55966] AIThink: 13,2 ms brains 1
[  1078,6s f55967] InfluenceTick: 6,8 ms 
[  1078,6s f55968] FRAME: 54,6 ms gc0+0 gc1+0 gc2+0
[  1078,7s f55969] InfluenceTick: 5,5 ms 
[  1078,7s f55970] FRAME: 57,4 ms gc0+0 gc1+0 gc2+0
[  1078,8s f55972] FRAME: 54,3 ms gc0+0 gc1+0 gc2+0
[  1078,8s f55972] InfluenceTick: 6,1 ms 
[  1078,8s f55972] AIThink: 11,7 ms brains 1
[  1078,9s f55973] FRAME: 66,0 ms gc0+0 gc1+0 gc2+0
[  1078,9s f55975] InfluenceTick: 6,2 ms 
[  1079,0s f55976] FRAME: 56,4 ms gc0+0 gc1+0 gc2+0
[  1079,0s f55977] InfluenceTick: 5,6 ms 
[  1079,1s f55977] AIThink: 10,1 ms brains 1
[  1079,1s f55978] FRAME: 72,1 ms gc0+0 gc1+0 gc2+0
[  1079,2s f55979] InfluenceTick: 5,7 ms 
[  1079,2s f55980] FRAME: 57,1 ms gc0+0 gc1+0 gc2+0
[  1079,3s f55981] InfluenceTick: 5,6 ms 
[  1079,3s f55982] FRAME: 57,0 ms gc0+0 gc1+0 gc2+0
[  1079,4s f55984] InfluenceTick: 6,0 ms 
[  1079,4s f55985] FRAME: 51,2 ms gc0+0 gc1+0 gc2+0
[  1079,5s f55987] InfluenceTick: 5,8 ms 
[  1079,5s f55988] FRAME: 53,3 ms gc0+1 gc1+1 gc2+1
[  1079,6s f55989] HutIncome: 16,5 ms huts 73
[  1079,6s f55990] FRAME: 60,1 ms gc0+0 gc1+0 gc2+0
[  1079,7s f55990] InfluenceTick: 5,6 ms 
[  1079,7s f55991] FRAME: 69,7 ms gc0+0 gc1+0 gc2+0
[  1079,8s f55992] InfluenceTick: 5,5 ms 
[  1079,8s f55993] FRAME: 55,2 ms gc0+0 gc1+0 gc2+0
[  1079,9s f55995] InfluenceTick: 5,4 ms 
[  1079,9s f55996] FRAME: 52,0 ms gc0+0 gc1+0 gc2+0
[  1080,0s f55998] InfluenceTick: 6,0 ms 
[  1080,0s f55999] FRAME: 61,5 ms gc0+0 gc1+0 gc2+0
[  1080,1s f56000] FRAME: 56,1 ms gc0+0 gc1+0 gc2+0
[  1080,1s f56000] InfluenceTick: 5,8 ms 
[  1080,1s f56001] FRAME: 52,7 ms gc0+0 gc1+0 gc2+0
[  1080,2s f56003] InfluenceTick: 6,2 ms 
[  1080,3s f56004] FRAME: 52,6 ms gc0+0 gc1+0 gc2+0
[  1080,4s f56006] InfluenceTick: 5,8 ms 
[  1080,4s f56007] FRAME: 53,7 ms gc0+0 gc1+0 gc2+0
[  1080,5s f56009] InfluenceTick: 5,8 ms 
[  1080,5s f56010] FRAME: 67,6 ms gc0+0 gc1+0 gc2+0
[  1080,6s f56011] InfluenceTick: 6,2 ms 
[  1080,6s f56012] FRAME: 53,9 ms gc0+0 gc1+0 gc2+0
[  1080,7s f56014] InfluenceTick: 6,3 ms 
[  1080,7s f56015] FRAME: 57,3 ms gc0+0 gc1+0 gc2+0
[  1080,8s f56016] InfluenceTick: 5,7 ms 
[  1080,8s f56017] FRAME: 50,6 ms gc0+0 gc1+0 gc2+0
[  1080,9s f56019] InfluenceTick: 5,0 ms 
[  1081,0s f56020] FRAME: 50,2 ms gc0+0 gc1+0 gc2+0
[  1081,1s f56022] InfluenceTick: 5,6 ms 
[  1081,2s f56025] InfluenceTick: 5,8 ms 
[  1081,2s f56025] AIThink: 10,5 ms brains 1
[  1081,2s f56026] FRAME: 70,3 ms gc0+0 gc1+0 gc2+0
[  1081,3s f56026] AIThink: 11,4 ms brains 1
[  1081,3s f56027] InfluenceTick: 5,9 ms 
[  1081,3s f56028] FRAME: 65,2 ms gc0+0 gc1+0 gc2+0
[  1081,4s f56029] InfluenceTick: 5,8 ms 
[  1081,5s f56032] InfluenceTick: 6,0 ms 
[  1081,6s f56033] FRAME: 54,8 ms gc0+0 gc1+0 gc2+0
[  1081,6s f56034] HutIncome: 17,2 ms huts 73
[  1081,6s f56035] FRAME: 58,5 ms gc0+0 gc1+0 gc2+0
[  1081,7s f56035] InfluenceTick: 5,5 ms 
[  1081,7s f56036] FRAME: 59,1 ms gc0+0 gc1+0 gc2+0
[  1081,8s f56037] InfluenceTick: 6,0 ms 
[  1081,8s f56038] FRAME: 53,4 ms gc0+0 gc1+0 gc2+0
[  1081,9s f56040] InfluenceTick: 6,1 ms 
[  1081,9s f56041] FRAME: 59,8 ms gc0+0 gc1+0 gc2+0
[  1082,0s f56043] InfluenceTick: 5,8 ms 
[  1082,1s f56044] FRAME: 63,3 ms gc0+0 gc1+0 gc2+0
[  1082,1s f56044] AIThink: 14,2 ms brains 1
[  1082,1s f56045] FRAME: 53,5 ms gc0+0 gc1+0 gc2+0
[  1082,2s f56045] InfluenceTick: 5,5 ms 
[  1082,2s f56046] FRAME: 71,0 ms gc0+0 gc1+0 gc2+0
[  1082,3s f56047] InfluenceTick: 5,7 ms 
[  1082,3s f56048] FRAME: 53,7 ms gc0+0 gc1+0 gc2+0
[  1082,4s f56050] InfluenceTick: 5,7 ms 
[  1082,4s f56051] FRAME: 51,8 ms gc0+0 gc1+0 gc2+0
[  1082,5s f56053] InfluenceTick: 5,3 ms 
[  1082,6s f56056] InfluenceTick: 5,9 ms 
[  1082,7s f56057] FRAME: 58,7 ms gc0+0 gc1+0 gc2+0
[  1082,8s f56059] InfluenceTick: 6,1 ms 
[  1082,8s f56060] FRAME: 54,1 ms gc0+0 gc1+0 gc2+0
[  1082,9s f56062] InfluenceTick: 6,0 ms 
[  1082,9s f56063] FRAME: 56,0 ms gc0+0 gc1+0 gc2+0
[  1083,0s f56065] InfluenceTick: 5,9 ms 
[  1083,1s f56065] AIThink: 12,9 ms brains 1
[  1083,1s f56066] FRAME: 96,2 ms gc0+1 gc1+1 gc2+1
[  1083,2s f56067] InfluenceTick: 5,1 ms 
[  1083,3s f56070] InfluenceTick: 6,3 ms 
[  1083,3s f56071] FRAME: 53,9 ms gc0+0 gc1+0 gc2+0
[  1083,4s f56073] InfluenceTick: 5,8 ms 
[  1083,4s f56074] FRAME: 51,0 ms gc0+0 gc1+0 gc2+0
[  1083,4s f56074] AIThink: 11,1 ms brains 1
[  1083,5s f56075] FRAME: 65,7 ms gc0+0 gc1+0 gc2+0
[  1083,5s f56075] InfluenceTick: 6,7 ms 
[  1083,5s f56076] FRAME: 61,2 ms gc0+0 gc1+0 gc2+0
[  1083,6s f56076] AIThink: 10,9 ms brains 1
[  1083,6s f56077] InfluenceTick: 5,6 ms 
[  1083,6s f56078] FRAME: 53,6 ms gc0+0 gc1+0 gc2+0
[  1083,7s f56078] HutIncome: 19,4 ms huts 73
[  1083,7s f56079] FRAME: 68,1 ms gc0+0 gc1+0 gc2+0
[  1083,7s f56079] InfluenceTick: 5,5 ms 
[  1083,8s f56080] FRAME: 62,1 ms gc0+0 gc1+0 gc2+0
[  1083,9s f56082] InfluenceTick: 5,8 ms 
[  1083,9s f56083] FRAME: 65,1 ms gc0+0 gc1+0 gc2+0
[  1084,0s f56084] InfluenceTick: 5,3 ms 
[  1084,0s f56085] FRAME: 56,8 ms gc0+0 gc1+0 gc2+0
[  1084,1s f56086] InfluenceTick: 5,2 ms 
[  1084,1s f56087] FRAME: 57,6 ms gc0+0 gc1+0 gc2+0
[  1084,2s f56089] InfluenceTick: 5,8 ms 
[  1084,2s f56089] AIThink: 12,0 ms brains 1
[  1084,2s f56090] FRAME: 68,4 ms gc0+0 gc1+0 gc2+0
[  1084,3s f56091] FRAME: 54,9 ms gc0+0 gc1+0 gc2+0
[  1084,3s f56091] InfluenceTick: 5,9 ms 
[  1084,3s f56092] FRAME: 61,2 ms gc0+1 gc1+1 gc2+1
[  1084,4s f56094] InfluenceTick: 5,8 ms 
[  1084,5s f56095] FRAME: 50,6 ms gc0+0 gc1+0 gc2+0
[  1084,5s f56097] InfluenceTick: 5,1 ms 
[  1084,6s f56098] FRAME: 52,4 ms gc0+0 gc1+0 gc2+0
[  1084,7s f56100] InfluenceTick: 6,3 ms 
[  1084,7s f56101] FRAME: 71,6 ms gc0+0 gc1+0 gc2+0
[  1084,8s f56102] InfluenceTick: 5,6 ms 
[  1084,8s f56103] FRAME: 63,5 ms gc0+0 gc1+0 gc2+0
[  1084,9s f56104] InfluenceTick: 6,7 ms 
[  1084,9s f56105] FRAME: 58,4 ms gc0+0 gc1+0 gc2+0
[  1085,0s f56106] InfluenceTick: 6,2 ms 
[  1085,0s f56107] FRAME: 63,4 ms gc0+0 gc1+0 gc2+0
[  1085,1s f56108] FRAME: 53,2 ms gc0+0 gc1+0 gc2+0
[  1085,1s f56108] InfluenceTick: 5,6 ms 
[  1085,2s f56109] FRAME: 68,5 ms gc0+0 gc1+0 gc2+0
[  1085,2s f56110] InfluenceTick: 5,1 ms 
[  1085,3s f56111] AIThink: 14,2 ms brains 1
[  1085,3s f56112] FRAME: 51,7 ms gc0+0 gc1+0 gc2+0
[  1085,3s f56112] InfluenceTick: 6,2 ms 
[  1085,3s f56113] FRAME: 56,8 ms gc0+0 gc1+0 gc2+0
[  1085,4s f56115] InfluenceTick: 5,9 ms 
[  1085,5s f56116] FRAME: 57,4 ms gc0+0 gc1+0 gc2+0
[  1085,6s f56118] InfluenceTick: 5,9 ms 
[  1085,6s f56119] FRAME: 71,6 ms gc0+0 gc1+0 gc2+0
[  1085,6s f56119] AIThink: 10,0 ms brains 1
[  1085,7s f56120] FRAME: 57,9 ms gc0+1 gc1+1 gc2+1
[  1085,7s f56120] InfluenceTick: 5,5 ms 
[  1085,7s f56120] HutIncome: 17,8 ms huts 73
[  1085,8s f56121] FRAME: 72,7 ms gc0+0 gc1+0 gc2+0
[  1085,8s f56122] InfluenceTick: 5,4 ms 
[  1085,8s f56123] FRAME: 53,7 ms gc0+0 gc1+0 gc2+0
[  1086,0s f56125] InfluenceTick: 5,6 ms 
[  1086,0s f56125] AIThink: 10,2 ms brains 1
[  1086,0s f56126] FRAME: 73,6 ms gc0+0 gc1+0 gc2+0
[  1086,1s f56127] InfluenceTick: 5,2 ms 
[  1086,1s f56128] FRAME: 59,0 ms gc0+0 gc1+0 gc2+0
[  1086,2s f56129] InfluenceTick: 5,9 ms 
[  1086,2s f56130] FRAME: 55,3 ms gc0+0 gc1+0 gc2+0
[  1086,3s f56132] InfluenceTick: 5,9 ms 
[  1086,3s f56133] FRAME: 54,8 ms gc0+0 gc1+0 gc2+0
[  1086,4s f56135] FRAME: 58,6 ms gc0+0 gc1+0 gc2+0
[  1086,4s f56135] InfluenceTick: 5,8 ms 
[  1086,5s f56136] FRAME: 59,7 ms gc0+0 gc1+0 gc2+0
[  1086,6s f56138] InfluenceTick: 7,0 ms 
[  1086,6s f56139] FRAME: 63,0 ms gc0+0 gc1+0 gc2+0
[  1086,7s f56140] InfluenceTick: 6,3 ms 
[  1086,7s f56141] FRAME: 58,2 ms gc0+0 gc1+0 gc2+0
[  1086,8s f56143] InfluenceTick: 6,0 ms 
[  1086,8s f56144] FRAME: 69,1 ms gc0+0 gc1+0 gc2+0
[  1086,9s f56145] InfluenceTick: 5,9 ms 
[  1086,9s f56146] FRAME: 60,5 ms gc0+0 gc1+0 gc2+0
[  1087,0s f56147] InfluenceTick: 5,8 ms 
[  1087,0s f56148] FRAME: 60,6 ms gc0+0 gc1+0 gc2+0
[  1087,1s f56149] InfluenceTick: 5,7 ms 
[  1087,2s f56150] FRAME: 60,0 ms gc0+0 gc1+0 gc2+0
[  1087,2s f56152] FRAME: 52,5 ms gc0+0 gc1+0 gc2+0
[  1087,3s f56152] InfluenceTick: 5,6 ms 
[  1087,3s f56153] FRAME: 50,6 ms gc0+0 gc1+0 gc2+0
[  1087,4s f56155] InfluenceTick: 5,8 ms 
[  1087,4s f56156] FRAME: 51,3 ms gc0+0 gc1+0 gc2+0
[  1087,5s f56158] InfluenceTick: 6,4 ms 
[  1087,5s f56159] FRAME: 60,9 ms gc0+0 gc1+0 gc2+0
[  1087,6s f56160] InfluenceTick: 5,1 ms 
[  1087,7s f56161] FRAME: 74,9 ms gc0+0 gc1+0 gc2+0
[  1087,7s f56162] InfluenceTick: 5,9 ms 
[  1087,8s f56162] HutIncome: 17,6 ms huts 73
[  1087,8s f56163] FRAME: 80,5 ms gc0+0 gc1+0 gc2+0
[  1087,8s f56163] AIThink: 10,4 ms brains 1
[  1087,8s f56164] FRAME: 56,9 ms gc0+0 gc1+0 gc2+0
[  1087,9s f56164] InfluenceTick: 5,7 ms 
[  1087,9s f56165] FRAME: 58,8 ms gc0+0 gc1+0 gc2+0
[  1088,0s f56167] InfluenceTick: 5,7 ms 
[  1088,1s f56168] FRAME: 71,1 ms gc0+1 gc1+1 gc2+1
[  1088,1s f56169] FRAME: 59,1 ms gc0+0 gc1+0 gc2+0
[  1088,1s f56169] InfluenceTick: 5,4 ms 
[  1088,2s f56170] FRAME: 67,7 ms gc0+0 gc1+0 gc2+0
[  1088,2s f56171] FRAME: 52,7 ms gc0+0 gc1+0 gc2+0
[  1088,3s f56171] InfluenceTick: 6,3 ms 
[  1088,3s f56172] FRAME: 59,3 ms gc0+0 gc1+0 gc2+0
[  1088,4s f56173] AIThink: 10,5 ms brains 1
[  1088,4s f56174] InfluenceTick: 5,7 ms 
[  1088,4s f56174] AIThink: 11,3 ms brains 1
[  1088,5s f56175] FRAME: 78,6 ms gc0+0 gc1+0 gc2+0
[  1088,5s f56176] FRAME: 59,4 ms gc0+0 gc1+0 gc2+0
[  1088,5s f56176] InfluenceTick: 5,2 ms 
[  1088,6s f56177] FRAME: 61,4 ms gc0+0 gc1+0 gc2+0
[  1088,7s f56179] InfluenceTick: 5,6 ms 
[  1088,7s f56180] FRAME: 55,4 ms gc0+0 gc1+0 gc2+0
[  1088,8s f56182] InfluenceTick: 5,7 ms 
[  1088,8s f56183] FRAME: 55,5 ms gc0+0 gc1+0 gc2+0
[  1089,0s f56185] InfluenceTick: 6,5 ms 
[  1089,0s f56186] FRAME: 59,3 ms gc0+0 gc1+0 gc2+0
[  1089,1s f56187] InfluenceTick: 5,2 ms 
[  1089,1s f56188] FRAME: 59,7 ms gc0+0 gc1+0 gc2+0
[  1089,2s f56190] InfluenceTick: 6,2 ms 
[  1089,2s f56191] FRAME: 59,2 ms gc0+0 gc1+0 gc2+0
[  1089,3s f56192] InfluenceTick: 5,8 ms 
[  1089,3s f56193] FRAME: 58,4 ms gc0+0 gc1+0 gc2+0
[  1089,4s f56194] InfluenceTick: 6,5 ms 
[  1089,4s f56195] FRAME: 57,8 ms gc0+0 gc1+0 gc2+0
[  1089,5s f56197] InfluenceTick: 5,6 ms 
[  1089,6s f56198] FRAME: 54,6 ms gc0+0 gc1+0 gc2+0
[  1089,7s f56200] InfluenceTick: 6,2 ms 
[  1089,7s f56201] FRAME: 59,5 ms gc0+0 gc1+0 gc2+0
[  1089,8s f56202] HutIncome: 17,1 ms huts 73
[  1089,8s f56202] AIThink: 12,0 ms brains 1
[  1089,8s f56203] FRAME: 91,3 ms gc0+0 gc1+0 gc2+0
[  1089,8s f56203] InfluenceTick: 5,5 ms 
[  1089,9s f56204] FRAME: 65,1 ms gc0+0 gc1+0 gc2+0
[  1090,0s f56206] InfluenceTick: 6,5 ms 
[  1090,0s f56206] AIThink: 11,7 ms brains 1
[  1090,0s f56207] FRAME: 79,1 ms gc0+0 gc1+0 gc2+0
[  1090,1s f56208] InfluenceTick: 6,2 ms 
[  1090,2s f56209] FRAME: 71,7 ms gc0+0 gc1+0 gc2+0
[  1090,2s f56210] FRAME: 60,5 ms gc0+0 gc1+0 gc2+0
[  1090,2s f56210] InfluenceTick: 5,7 ms 
[  1090,3s f56211] FRAME: 59,0 ms gc0+1 gc1+1 gc2+1
[  1090,4s f56213] InfluenceTick: 5,7 ms 
[  1090,4s f56214] FRAME: 54,8 ms gc0+0 gc1+0 gc2+0
[  1090,5s f56216] InfluenceTick: 6,1 ms 
[  1090,5s f56217] FRAME: 54,1 ms gc0+0 gc1+0 gc2+0
[  1090,6s f56219] FRAME: 51,5 ms gc0+0 gc1+0 gc2+0
[  1090,6s f56219] InfluenceTick: 6,0 ms 
[  1090,7s f56220] FRAME: 56,9 ms gc0+0 gc1+0 gc2+0
[  1090,7s f56221] AIThink: 11,7 ms brains 1
[  1090,8s f56222] FRAME: 50,1 ms gc0+0 gc1+0 gc2+0
[  1090,8s f56222] InfluenceTick: 7,8 ms 
[  1090,8s f56223] FRAME: 61,4 ms gc0+0 gc1+0 gc2+0
[  1090,9s f56224] InfluenceTick: 5,4 ms 
[  1090,9s f56225] FRAME: 53,6 ms gc0+0 gc1+0 gc2+0
[  1091,0s f56227] InfluenceTick: 5,8 ms 
[  1091,1s f56228] FRAME: 68,1 ms gc0+0 gc1+0 gc2+0
[  1091,1s f56229] InfluenceTick: 5,6 ms 
[  1091,2s f56230] FRAME: 55,8 ms gc0+0 gc1+0 gc2+0
[  1091,3s f56232] InfluenceTick: 5,5 ms 
[  1091,3s f56233] FRAME: 50,3 ms gc0+0 gc1+0 gc2+0
[  1091,4s f56235] InfluenceTick: 5,5 ms 
[  1091,4s f56236] FRAME: 57,7 ms gc0+0 gc1+0 gc2+0
[  1091,5s f56237] InfluenceTick: 5,8 ms 
[  1091,5s f56238] FRAME: 54,8 ms gc0+0 gc1+0 gc2+0
[  1091,6s f56240] InfluenceTick: 5,8 ms 
[  1091,6s f56241] FRAME: 56,7 ms gc0+0 gc1+0 gc2+0
[  1091,7s f56243] InfluenceTick: 5,1 ms 
[  1091,8s f56244] HutIncome: 17,6 ms huts 72
[  1091,8s f56245] FRAME: 52,9 ms gc0+0 gc1+0 gc2+0
[  1091,9s f56245] InfluenceTick: 5,5 ms 
[  1091,9s f56246] FRAME: 64,9 ms gc0+0 gc1+0 gc2+0
[  1091,9s f56247] InfluenceTick: 5,4 ms 
[  1092,1s f56250] InfluenceTick: 6,6 ms 
[  1092,1s f56251] FRAME: 56,6 ms gc0+0 gc1+0 gc2+0
[  1092,1s f56251] AIThink: 11,2 ms brains 1
[  1092,2s f56252] FRAME: 54,1 ms gc0+0 gc1+0 gc2+0
[  1092,2s f56252] InfluenceTick: 5,9 ms 
[  1092,2s f56253] FRAME: 54,9 ms gc0+0 gc1+0 gc2+0
[  1092,3s f56254] InfluenceTick: 6,0 ms 
[  1092,3s f56255] FRAME: 53,4 ms gc0+0 gc1+0 gc2+0
[  1092,4s f56257] InfluenceTick: 5,6 ms 
[  1092,5s f56258] FRAME: 54,1 ms gc0+0 gc1+0 gc2+0
[  1092,6s f56260] InfluenceTick: 5,1 ms 
[  1092,6s f56261] FRAME: 51,6 ms gc0+0 gc1+0 gc2+0
[  1092,7s f56263] InfluenceTick: 6,4 ms 
[  1092,7s f56264] FRAME: 72,8 ms gc0+0 gc1+0 gc2+0
[  1092,8s f56265] InfluenceTick: 7,0 ms 
[  1092,8s f56266] FRAME: 65,3 ms gc0+0 gc1+0 gc2+0
[  1092,9s f56267] InfluenceTick: 5,8 ms 
[  1092,9s f56268] FRAME: 53,8 ms gc0+0 gc1+0 gc2+0
[  1093,0s f56270] InfluenceTick: 5,4 ms 
[  1093,1s f56271] FRAME: 68,7 ms gc0+1 gc1+1 gc2+1
[  1093,1s f56272] FRAME: 59,7 ms gc0+0 gc1+0 gc2+0
[  1093,2s f56272] InfluenceTick: 5,9 ms 
[  1093,2s f56272] AIThink: 10,9 ms brains 1
[  1093,2s f56273] FRAME: 69,8 ms gc0+0 gc1+0 gc2+0
[  1093,3s f56274] InfluenceTick: 5,8 ms 
[  1093,3s f56275] FRAME: 50,9 ms gc0+0 gc1+0 gc2+0
[  1093,4s f56277] InfluenceTick: 5,8 ms 
[  1093,4s f56278] FRAME: 56,4 ms gc0+0 gc1+0 gc2+0
[  1093,5s f56280] InfluenceTick: 5,7 ms 
[  1093,6s f56281] FRAME: 67,0 ms gc0+0 gc1+0 gc2+0
[  1093,6s f56282] InfluenceTick: 5,4 ms 
[  1093,6s f56283] FRAME: 54,7 ms gc0+0 gc1+0 gc2+0
[  1093,7s f56285] InfluenceTick: 6,3 ms 
[  1093,8s f56286] FRAME: 60,4 ms gc0+0 gc1+0 gc2+0
[  1093,8s f56286] HutIncome: 19,4 ms huts 72
[  1093,8s f56287] FRAME: 59,6 ms gc0+0 gc1+0 gc2+0
[  1093,9s f56287] InfluenceTick: 7,0 ms 
[  1093,9s f56288] FRAME: 66,6 ms gc0+0 gc1+0 gc2+0
[  1094,0s f56289] FRAME: 59,0 ms gc0+0 gc1+0 gc2+0
[  1094,0s f56289] InfluenceTick: 7,2 ms 
[  1094,0s f56289] VeilPulse: 5,1 ms 
[  1094,0s f56290] FRAME: 83,8 ms gc0+0 gc1+0 gc2+0
[  1094,1s f56291] InfluenceTick: 6,9 ms 
[  1094,2s f56292] FRAME: 62,8 ms gc0+0 gc1+0 gc2+0
[  1094,2s f56293] InfluenceTick: 6,0 ms 
[  1094,3s f56294] FRAME: 60,8 ms gc0+0 gc1+0 gc2+0
[  1094,3s f56294] AIThink: 12,1 ms brains 1
[  1094,3s f56295] FRAME: 55,7 ms gc0+0 gc1+0 gc2+0
[  1094,4s f56295] InfluenceTick: 6,1 ms 
[  1094,4s f56296] FRAME: 83,5 ms gc0+0 gc1+0 gc2+0
[  1094,5s f56297] InfluenceTick: 5,3 ms 
[  1094,5s f56298] FRAME: 57,3 ms gc0+0 gc1+0 gc2+0
[  1094,6s f56299] FRAME: 51,1 ms gc0+1 gc1+1 gc2+1
[  1094,6s f56299] InfluenceTick: 5,6 ms 
[  1094,6s f56300] FRAME: 52,0 ms gc0+0 gc1+0 gc2+0
[  1094,7s f56302] InfluenceTick: 6,1 ms 
[  1094,7s f56303] FRAME: 59,8 ms gc0+0 gc1+0 gc2+0
[  1094,8s f56304] FRAME: 58,3 ms gc0+0 gc1+0 gc2+0
[  1094,8s f56304] InfluenceTick: 6,0 ms 
[  1094,9s f56305] FRAME: 60,9 ms gc0+0 gc1+0 gc2+0
[  1094,9s f56306] InfluenceTick: 6,0 ms 
[  1095,0s f56307] FRAME: 54,7 ms gc0+0 gc1+0 gc2+0
[  1095,0s f56308] InfluenceTick: 5,1 ms 
[  1095,1s f56309] FRAME: 61,6 ms gc0+0 gc1+0 gc2+0
[  1095,1s f56310] InfluenceTick: 6,0 ms 
[  1095,2s f56311] FRAME: 61,1 ms gc0+0 gc1+0 gc2+0
[  1095,2s f56312] FRAME: 55,3 ms gc0+0 gc1+0 gc2+0
[  1095,3s f56312] InfluenceTick: 5,7 ms 
[  1095,3s f56313] FRAME: 53,7 ms gc0+0 gc1+0 gc2+0
[  1095,4s f56315] InfluenceTick: 6,3 ms 
[  1095,4s f56316] FRAME: 56,7 ms gc0+0 gc1+0 gc2+0
[  1095,5s f56318] InfluenceTick: 6,1 ms 
[  1095,5s f56319] FRAME: 55,2 ms gc0+0 gc1+0 gc2+0
[  1095,6s f56319] AIThink: 11,2 ms brains 1
[  1095,6s f56320] FRAME: 52,5 ms gc0+0 gc1+0 gc2+0
[  1095,6s f56320] InfluenceTick: 5,7 ms 
[  1095,7s f56321] FRAME: 70,5 ms gc0+0 gc1+0 gc2+0
[  1095,7s f56322] InfluenceTick: 5,6 ms 
[  1095,8s f56323] FRAME: 67,8 ms gc0+0 gc1+0 gc2+0
[  1095,8s f56324] InfluenceTick: 5,8 ms 
[  1095,9s f56324] HutIncome: 17,7 ms huts 72
[  1095,9s f56325] FRAME: 78,5 ms gc0+0 gc1+0 gc2+0
[  1096,0s f56326] InfluenceTick: 5,2 ms 
[  1096,0s f56327] FRAME: 54,7 ms gc0+0 gc1+0 gc2+0
[  1096,0s f56328] FRAME: 50,8 ms gc0+0 gc1+0 gc2+0
[  1096,1s f56328] InfluenceTick: 5,2 ms 
[  1096,1s f56329] FRAME: 75,0 ms gc0+0 gc1+0 gc2+0
[  1096,2s f56330] InfluenceTick: 6,0 ms 
[  1096,2s f56331] FRAME: 54,2 ms gc0+0 gc1+0 gc2+0
[  1096,3s f56333] InfluenceTick: 6,1 ms 
[  1096,3s f56334] FRAME: 58,5 ms gc0+0 gc1+0 gc2+0
[  1096,4s f56336] InfluenceTick: 5,9 ms 
[  1096,5s f56336] AIThink: 10,5 ms brains 1
[  1096,5s f56337] FRAME: 65,2 ms gc0+0 gc1+0 gc2+0
[  1096,5s f56337] AIThink: 13,7 ms brains 1
[  1096,6s f56338] FRAME: 72,3 ms gc0+0 gc1+0 gc2+0
[  1096,6s f56338] InfluenceTick: 6,2 ms 
[  1096,6s f56339] FRAME: 64,4 ms gc0+0 gc1+0 gc2+0
[  1096,7s f56340] InfluenceTick: 5,5 ms 
[  1096,7s f56341] FRAME: 63,1 ms gc0+0 gc1+0 gc2+0
[  1096,8s f56342] InfluenceTick: 5,8 ms 
[  1096,8s f56343] FRAME: 61,1 ms gc0+0 gc1+0 gc2+0
[  1096,9s f56345] InfluenceTick: 5,9 ms 
[  1097,0s f56346] FRAME: 72,9 ms gc0+0 gc1+0 gc2+0
[  1097,0s f56347] InfluenceTick: 6,2 ms 
[  1097,1s f56348] FRAME: 63,1 ms gc0+0 gc1+0 gc2+0
[  1097,1s f56349] FRAME: 53,1 ms gc0+0 gc1+0 gc2+0
[  1097,2s f56349] InfluenceTick: 6,0 ms 
[  1097,2s f56350] FRAME: 78,2 ms gc0+1 gc1+1 gc2+1
[  1097,3s f56351] InfluenceTick: 6,0 ms 
[  1097,3s f56352] FRAME: 59,2 ms gc0+0 gc1+0 gc2+0
[  1097,4s f56353] FRAME: 64,4 ms gc0+0 gc1+0 gc2+0
[  1097,4s f56353] InfluenceTick: 6,6 ms 
[  1097,4s f56354] FRAME: 60,2 ms gc0+0 gc1+0 gc2+0
[  1097,5s f56356] InfluenceTick: 5,4 ms 
[  1097,6s f56357] FRAME: 50,8 ms gc0+0 gc1+0 gc2+0
[  1097,6s f56359] FRAME: 52,3 ms gc0+0 gc1+0 gc2+0
[  1097,7s f56359] InfluenceTick: 5,9 ms 
[  1097,7s f56360] FRAME: 71,9 ms gc0+0 gc1+0 gc2+0
[  1097,8s f56361] FRAME: 50,6 ms gc0+0 gc1+0 gc2+0
[  1097,8s f56361] InfluenceTick: 6,0 ms 
[  1097,8s f56362] FRAME: 70,0 ms gc0+0 gc1+0 gc2+0
[  1097,9s f56362] HutIncome: 16,7 ms huts 72
[  1097,9s f56363] FRAME: 61,8 ms gc0+0 gc1+0 gc2+0
[  1097,9s f56363] InfluenceTick: 5,7 ms 
[  1098,0s f56364] FRAME: 77,3 ms gc0+0 gc1+0 gc2+0
[  1098,0s f56364] AIThink: 10,6 ms brains 1
[  1098,0s f56365] FRAME: 54,4 ms gc0+0 gc1+0 gc2+0
[  1098,1s f56365] InfluenceTick: 5,8 ms 
[  1098,1s f56366] FRAME: 77,4 ms gc0+1 gc1+1 gc2+1
[  1098,2s f56367] InfluenceTick: 5,6 ms 
[  1098,2s f56368] FRAME: 87,1 ms gc0+0 gc1+0 gc2+0
[  1098,3s f56369] InfluenceTick: 5,7 ms 
[  1098,3s f56370] FRAME: 57,7 ms gc0+0 gc1+0 gc2+0
[  1098,4s f56372] InfluenceTick: 5,3 ms 
[  1098,5s f56373] FRAME: 51,9 ms gc0+0 gc1+0 gc2+0
[  1098,6s f56375] InfluenceTick: 5,6 ms 
[  1098,6s f56376] FRAME: 52,0 ms gc0+0 gc1+0 gc2+0
[  1098,6s f56376] AIThink: 13,2 ms brains 1
[  1098,7s f56377] FRAME: 80,3 ms gc0+0 gc1+0 gc2+0
[  1098,7s f56377] InfluenceTick: 5,3 ms 
[  1098,7s f56378] FRAME: 74,6 ms gc0+0 gc1+0 gc2+0
[  1098,8s f56378] AIThink: 15,8 ms brains 1
[  1098,8s f56379] FRAME: 61,3 ms gc0+0 gc1+0 gc2+0
[  1098,8s f56379] InfluenceTick: 6,6 ms 
[  1098,9s f56380] FRAME: 76,4 ms gc0+0 gc1+0 gc2+0
[  1098,9s f56380] AIThink: 11,3 ms brains 1
[  1098,9s f56381] FRAME: 61,2 ms gc0+0 gc1+0 gc2+0
[  1099,0s f56381] InfluenceTick: 6,0 ms 
[  1099,0s f56382] FRAME: 56,0 ms gc0+0 gc1+0 gc2+0
[  1099,1s f56383] FRAME: 58,8 ms gc0+0 gc1+0 gc2+0
[  1099,1s f56384] FRAME: 57,5 ms gc0+0 gc1+0 gc2+0
[  1099,2s f56386] InfluenceTick: 5,1 ms 
[  1099,3s f56387] FRAME: 51,8 ms gc0+0 gc1+0 gc2+0
[  1099,4s f56389] InfluenceTick: 6,0 ms 
[  1099,4s f56390] FRAME: 62,8 ms gc0+0 gc1+0 gc2+0
[  1099,5s f56391] InfluenceTick: 5,6 ms 
[  1099,5s f56392] FRAME: 68,8 ms gc0+0 gc1+0 gc2+0
[  1099,6s f56393] InfluenceTick: 5,8 ms 
[  1099,6s f56394] FRAME: 62,0 ms gc0+0 gc1+0 gc2+0
[  1099,7s f56395] InfluenceTick: 6,4 ms 
[  1099,7s f56396] FRAME: 64,0 ms gc0+0 gc1+0 gc2+0
[  1099,8s f56398] InfluenceTick: 5,1 ms 
[  1099,8s f56399] FRAME: 52,3 ms gc0+0 gc1+0 gc2+0
[  1099,9s f56400] HutIncome: 18,4 ms huts 72
[  1099,9s f56401] FRAME: 72,1 ms gc0+0 gc1+0 gc2+0
[  1100,0s f56401] InfluenceTick: 6,1 ms 
[  1100,0s f56402] FRAME: 58,2 ms gc0+0 gc1+0 gc2+0
[  1100,1s f56403] InfluenceTick: 5,4 ms 
[  1100,1s f56404] FRAME: 59,7 ms gc0+0 gc1+0 gc2+0
[  1100,2s f56405] InfluenceTick: 6,1 ms 
[  1100,2s f56406] FRAME: 59,3 ms gc0+0 gc1+0 gc2+0
[  1100,2s f56407] FRAME: 52,0 ms gc0+0 gc1+0 gc2+0
[  1100,3s f56407] InfluenceTick: 5,5 ms 
[  1100,3s f56408] FRAME: 67,3 ms gc0+0 gc1+0 gc2+0
[  1100,4s f56409] InfluenceTick: 5,7 ms 
[  1100,4s f56409] AIThink: 20,8 ms brains 1
[  1100,4s f56410] FRAME: 76,7 ms gc0+0 gc1+0 gc2+0
[  1100,5s f56411] InfluenceTick: 6,1 ms 
[  1100,5s f56412] FRAME: 57,8 ms gc0+0 gc1+0 gc2+0
[  1100,6s f56414] InfluenceTick: 5,8 ms 
[  1100,7s f56415] FRAME: 51,9 ms gc0+0 gc1+0 gc2+0
[  1100,8s f56417] InfluenceTick: 5,5 ms 
[  1100,8s f56417] AIThink: 10,6 ms brains 2
[  1100,8s f56418] FRAME: 102,9 ms gc0+0 gc1+0 gc2+0
[  1100,9s f56418] InfluenceTick: 5,1 ms 
[  1100,9s f56419] FRAME: 67,0 ms gc0+0 gc1+0 gc2+0
[  1101,0s f56420] InfluenceTick: 5,7 ms 
[  1101,0s f56421] FRAME: 64,4 ms gc0+0 gc1+0 gc2+0
[  1101,1s f56422] InfluenceTick: 5,8 ms 
[  1101,1s f56423] FRAME: 60,4 ms gc0+0 gc1+0 gc2+0
[  1101,2s f56425] FRAME: 52,2 ms gc0+0 gc1+0 gc2+0
[  1101,2s f56425] InfluenceTick: 6,0 ms 
[  1101,3s f56426] FRAME: 59,6 ms gc0+0 gc1+0 gc2+0
[  1101,3s f56427] FRAME: 53,9 ms gc0+0 gc1+0 gc2+0
[  1101,4s f56427] InfluenceTick: 5,4 ms 
[  1101,4s f56428] FRAME: 64,8 ms gc0+0 gc1+0 gc2+0
[  1101,4s f56429] FRAME: 50,7 ms gc0+0 gc1+0 gc2+0
[  1101,5s f56429] InfluenceTick: 6,1 ms 
[  1101,5s f56430] FRAME: 61,2 ms gc0+0 gc1+0 gc2+0
[  1101,6s f56432] InfluenceTick: 6,4 ms 
[  1101,7s f56433] FRAME: 79,0 ms gc0+0 gc1+0 gc2+0
[  1101,7s f56434] InfluenceTick: 5,7 ms 
[  1101,8s f56435] FRAME: 62,6 ms gc0+0 gc1+0 gc2+0
[  1101,8s f56436] InfluenceTick: 7,6 ms 
[  1101,9s f56437] FRAME: 64,6 ms gc0+0 gc1+0 gc2+0
[  1101,9s f56437] HutIncome: 20,7 ms huts 72
[  1101,9s f56438] FRAME: 62,1 ms gc0+0 gc1+0 gc2+0
[  1102,0s f56438] InfluenceTick: 6,1 ms 
[  1102,0s f56439] FRAME: 69,2 ms gc0+0 gc1+0 gc2+0
[  1102,1s f56440] FRAME: 64,7 ms gc0+0 gc1+0 gc2+0
[  1102,1s f56440] InfluenceTick: 5,3 ms 
[  1102,1s f56441] FRAME: 59,0 ms gc0+0 gc1+0 gc2+0
[  1102,2s f56443] InfluenceTick: 6,0 ms 
[  1102,3s f56444] FRAME: 57,5 ms gc0+0 gc1+0 gc2+0
[  1102,4s f56446] FRAME: 51,4 ms gc0+0 gc1+0 gc2+0
[  1102,4s f56446] InfluenceTick: 5,6 ms 
[  1102,4s f56447] FRAME: 62,1 ms gc0+0 gc1+0 gc2+0
[  1102,5s f56448] InfluenceTick: 6,1 ms 
[  1102,5s f56449] FRAME: 59,4 ms gc0+0 gc1+0 gc2+0
[  1102,6s f56451] InfluenceTick: 5,8 ms 
[  1102,7s f56452] FRAME: 59,2 ms gc0+0 gc1+0 gc2+0
[  1102,7s f56453] InfluenceTick: 5,8 ms 
[  1102,8s f56454] FRAME: 54,9 ms gc0+0 gc1+0 gc2+0
[  1102,8s f56454] AIThink: 22,5 ms brains 1
[  1102,8s f56455] FRAME: 60,6 ms gc0+0 gc1+0 gc2+0
[  1102,8s f56455] InfluenceTick: 6,2 ms 
[  1102,9s f56456] FRAME: 58,9 ms gc0+0 gc1+0 gc2+0
[  1102,9s f56457] FRAME: 55,8 ms gc0+0 gc1+0 gc2+0
[  1103,0s f56457] InfluenceTick: 6,7 ms 
[  1103,0s f56457] AIThink: 10,6 ms brains 1
[  1103,0s f56458] FRAME: 81,0 ms gc0+0 gc1+0 gc2+0
[  1103,1s f56459] FRAME: 58,5 ms gc0+0 gc1+0 gc2+0
[  1103,1s f56459] InfluenceTick: 5,4 ms 
[  1103,1s f56460] FRAME: 74,1 ms gc0+1 gc1+1 gc2+1
[  1103,2s f56461] InfluenceTick: 5,9 ms 
[  1103,2s f56462] FRAME: 60,3 ms gc0+0 gc1+0 gc2+0
[  1103,3s f56463] InfluenceTick: 5,1 ms 
[  1103,4s f56464] FRAME: 67,9 ms gc0+0 gc1+0 gc2+0
[  1103,5s f56468] InfluenceTick: 5,8 ms 
[  1103,6s f56469] FRAME: 57,9 ms gc0+0 gc1+0 gc2+0
[  1103,7s f56471] InfluenceTick: 5,5 ms 
[  1103,7s f56472] FRAME: 50,2 ms gc0+0 gc1+0 gc2+0
[  1103,8s f56473] InfluenceTick: 5,8 ms 
[  1103,8s f56474] FRAME: 56,7 ms gc0+0 gc1+0 gc2+0
[  1103,9s f56476] InfluenceTick: 5,6 ms 
[  1103,9s f56477] FRAME: 52,4 ms gc0+0 gc1+0 gc2+0
[  1104,0s f56477] HutIncome: 19,1 ms huts 72
[  1104,0s f56478] FRAME: 59,7 ms gc0+0 gc1+0 gc2+0
[  1104,0s f56478] InfluenceTick: 6,6 ms 
[  1104,1s f56479] FRAME: 76,1 ms gc0+0 gc1+0 gc2+0
[  1104,1s f56480] InfluenceTick: 5,2 ms 
[  1104,2s f56481] FRAME: 71,2 ms gc0+0 gc1+0 gc2+0
[  1104,2s f56482] InfluenceTick: 5,7 ms 
[  1104,3s f56483] FRAME: 55,1 ms gc0+0 gc1+0 gc2+0
[  1104,3s f56484] InfluenceTick: 6,6 ms 
[  1104,4s f56485] FRAME: 66,6 ms gc0+0 gc1+0 gc2+0
[  1104,5s f56486] InfluenceTick: 5,4 ms 
[  1104,5s f56487] FRAME: 62,4 ms gc0+0 gc1+0 gc2+0
[  1104,6s f56489] FRAME: 61,9 ms gc0+0 gc1+0 gc2+0
[  1104,6s f56489] InfluenceTick: 5,4 ms 
[  1104,7s f56490] FRAME: 65,2 ms gc0+0 gc1+0 gc2+0
[  1104,7s f56491] InfluenceTick: 5,1 ms 
[  1104,8s f56492] FRAME: 51,8 ms gc0+0 gc1+0 gc2+0
[  1104,8s f56494] InfluenceTick: 5,5 ms 
[  1104,9s f56495] FRAME: 54,2 ms gc0+0 gc1+0 gc2+0
[  1105,0s f56497] InfluenceTick: 5,5 ms 
[  1105,0s f56498] FRAME: 78,2 ms gc0+0 gc1+0 gc2+0
[  1105,1s f56499] InfluenceTick: 6,0 ms 
[  1105,1s f56500] FRAME: 59,5 ms gc0+0 gc1+0 gc2+0
[  1105,2s f56500] AIThink: 36,7 ms brains 2
[  1105,2s f56501] FRAME: 81,2 ms gc0+0 gc1+0 gc2+0
[  1105,2s f56501] InfluenceTick: 6,5 ms 
[  1105,3s f56502] FRAME: 67,2 ms gc0+0 gc1+0 gc2+0
[  1105,3s f56503] InfluenceTick: 7,2 ms 
[  1105,4s f56504] FRAME: 59,9 ms gc0+0 gc1+0 gc2+0
[  1105,5s f56505] InfluenceTick: 5,6 ms 
[  1105,5s f56506] FRAME: 52,2 ms gc0+0 gc1+0 gc2+0
[  1105,5s f56506] AIThink: 17,3 ms brains 1
[  1105,5s f56507] FRAME: 55,2 ms gc0+0 gc1+0 gc2+0
[  1105,6s f56507] InfluenceTick: 5,8 ms 
[  1105,6s f56508] FRAME: 63,5 ms gc0+1 gc1+1 gc2+1
[  1105,7s f56509] InfluenceTick: 6,2 ms 
[  1105,7s f56510] FRAME: 61,1 ms gc0+0 gc1+0 gc2+0
[  1105,8s f56512] InfluenceTick: 5,4 ms 
[  1105,8s f56513] FRAME: 51,3 ms gc0+0 gc1+0 gc2+0
[  1105,9s f56514] FRAME: 51,0 ms gc0+0 gc1+0 gc2+0
[  1105,9s f56514] InfluenceTick: 5,8 ms 
[  1105,9s f56515] FRAME: 57,5 ms gc0+0 gc1+0 gc2+0
[  1106,0s f56515] HutIncome: 18,1 ms huts 72
[  1106,0s f56516] FRAME: 54,8 ms gc0+0 gc1+0 gc2+0
[  1106,0s f56516] InfluenceTick: 6,0 ms 
[  1106,1s f56517] FRAME: 67,8 ms gc0+0 gc1+0 gc2+0
[  1106,1s f56518] InfluenceTick: 5,8 ms 
[  1106,2s f56519] FRAME: 54,5 ms gc0+0 gc1+0 gc2+0
[  1106,3s f56521] InfluenceTick: 5,6 ms 
[  1106,3s f56522] FRAME: 69,0 ms gc0+0 gc1+0 gc2+0
[  1106,4s f56523] InfluenceTick: 6,0 ms 
[  1106,4s f56524] FRAME: 60,0 ms gc0+0 gc1+0 gc2+0
[  1106,5s f56525] InfluenceTick: 5,0 ms 
[  1106,5s f56526] FRAME: 62,9 ms gc0+0 gc1+0 gc2+0
[  1106,6s f56527] InfluenceTick: 6,3 ms 
[  1106,6s f56528] FRAME: 56,7 ms gc0+0 gc1+0 gc2+0
[  1106,7s f56530] FRAME: 53,9 ms gc0+0 gc1+0 gc2+0
[  1106,7s f56530] InfluenceTick: 5,8 ms 
[  1106,8s f56531] FRAME: 58,7 ms gc0+0 gc1+0 gc2+0
[  1106,9s f56533] InfluenceTick: 6,2 ms 
[  1106,9s f56534] FRAME: 60,5 ms gc0+0 gc1+0 gc2+0
[  1107,0s f56535] InfluenceTick: 6,0 ms 
[  1107,0s f56536] FRAME: 53,9 ms gc0+0 gc1+0 gc2+0
[  1107,1s f56537] InfluenceTick: 6,4 ms 
[  1107,1s f56538] FRAME: 65,0 ms gc0+0 gc1+0 gc2+0
[  1107,2s f56539] InfluenceTick: 6,0 ms 
[  1107,2s f56540] FRAME: 54,1 ms gc0+0 gc1+0 gc2+0
[  1107,3s f56542] InfluenceTick: 5,3 ms 
[  1107,4s f56543] AIThink: 11,1 ms brains 2
[  1107,4s f56545] InfluenceTick: 5,1 ms 
[  1107,5s f56546] FRAME: 51,3 ms gc0+0 gc1+0 gc2+0
[  1107,5s f56547] AIThink: 20,5 ms brains 1
[  1107,6s f56548] FRAME: 62,0 ms gc0+0 gc1+0 gc2+0
[  1107,6s f56548] InfluenceTick: 5,2 ms 
[  1107,6s f56549] FRAME: 69,0 ms gc0+0 gc1+0 gc2+0
[  1107,7s f56550] InfluenceTick: 6,0 ms 
[  1107,7s f56551] FRAME: 53,7 ms gc0+0 gc1+0 gc2+0
[  1107,8s f56551] AIThink: 12,5 ms brains 2
[  1107,8s f56552] FRAME: 60,2 ms gc0+0 gc1+0 gc2+0
[  1107,8s f56552] InfluenceTick: 5,3 ms 
[  1107,9s f56553] FRAME: 62,7 ms gc0+0 gc1+0 gc2+0
[  1108,0s f56556] HutIncome: 15,1 ms huts 72
[  1108,0s f56557] FRAME: 55,4 ms gc0+0 gc1+0 gc2+0
[  1108,1s f56557] InfluenceTick: 5,3 ms 
[  1108,1s f56558] FRAME: 73,8 ms gc0+0 gc1+0 gc2+0
[  1108,2s f56559] InfluenceTick: 6,0 ms 
[  1108,2s f56560] FRAME: 56,6 ms gc0+0 gc1+0 gc2+0
[  1108,3s f56563] FRAME: 50,9 ms gc0+0 gc1+0 gc2+0
[  1108,4s f56565] InfluenceTick: 5,4 ms 
[  1108,6s f56571] InfluenceTick: 5,8 ms 
[  1108,7s f56572] FRAME: 53,5 ms gc0+0 gc1+0 gc2+0
[  1108,8s f56574] InfluenceTick: 5,5 ms 
[  1108,8s f56575] FRAME: 56,3 ms gc0+0 gc1+0 gc2+0
[  1108,9s f56577] InfluenceTick: 5,3 ms 
[  1109,0s f56580] InfluenceTick: 5,6 ms 
[  1109,1s f56581] FRAME: 59,3 ms gc0+0 gc1+0 gc2+0
[  1109,2s f56583] InfluenceTick: 6,0 ms 
[  1109,2s f56584] FRAME: 56,0 ms gc0+0 gc1+0 gc2+0
[  1109,3s f56586] InfluenceTick: 5,4 ms 
[  1109,3s f56587] FRAME: 64,7 ms gc0+0 gc1+0 gc2+0
[  1109,4s f56588] InfluenceTick: 5,3 ms 
[  1109,4s f56589] FRAME: 50,7 ms gc0+0 gc1+0 gc2+0
[  1109,4s f56589] AIThink: 10,5 ms brains 1
[  1109,5s f56591] InfluenceTick: 5,8 ms 
[  1109,5s f56591] AIThink: 9,9 ms brains 1
[  1109,6s f56592] FRAME: 66,1 ms gc0+0 gc1+0 gc2+0
[  1109,6s f56593] InfluenceTick: 5,7 ms 
[  1109,7s f56594] FRAME: 55,8 ms gc0+0 gc1+0 gc2+0
[  1109,8s f56596] FRAME: 55,9 ms gc0+0 gc1+0 gc2+0
[  1109,8s f56596] InfluenceTick: 5,2 ms 
[  1109,8s f56597] FRAME: 52,1 ms gc0+0 gc1+0 gc2+0
[  1109,9s f56599] InfluenceTick: 6,1 ms 
[  1109,9s f56599] AIThink: 21,3 ms brains 1
[  1110,0s f56600] FRAME: 78,1 ms gc0+0 gc1+0 gc2+0
[  1110,0s f56600] HutIncome: 17,2 ms huts 72
[  1110,0s f56600] AIThink: 11,2 ms brains 1
[  1110,1s f56601] FRAME: 80,4 ms gc0+0 gc1+0 gc2+0
[  1110,1s f56601] InfluenceTick: 5,6 ms 
[  1110,1s f56602] FRAME: 65,6 ms gc0+0 gc1+0 gc2+0
[  1110,2s f56603] InfluenceTick: 5,6 ms 
[  1110,2s f56604] FRAME: 54,1 ms gc0+0 gc1+0 gc2+0
[  1110,3s f56606] InfluenceTick: 5,1 ms 
[  1110,3s f56607] FRAME: 50,3 ms gc0+0 gc1+0 gc2+0
[  1110,6s f56612] InfluenceTick: 5,6 ms 
[  1110,6s f56613] FRAME: 62,1 ms gc0+0 gc1+0 gc2+0
[  1110,7s f56615] InfluenceTick: 5,3 ms 
[  1110,7s f56616] FRAME: 59,9 ms gc0+0 gc1+0 gc2+0
[  1110,9s f56621] InfluenceTick: 5,1 ms 
[  1111,1s f56625] FRAME: 53,5 ms gc0+0 gc1+0 gc2+0
[  1111,2s f56627] InfluenceTick: 5,1 ms 
[  1111,3s f56630] InfluenceTick: 5,0 ms 
[  1111,4s f56633] InfluenceTick: 5,1 ms 
[  1111,4s f56634] FRAME: 60,3 ms gc0+0 gc1+0 gc2+0
[  1111,5s f56635] FRAME: 50,7 ms gc0+0 gc1+0 gc2+0
[  1111,5s f56636] FRAME: 53,5 ms gc0+0 gc1+0 gc2+0
[  1111,6s f56636] AIThink: 10,3 ms brains 1
[  1111,6s f56638] InfluenceTick: 5,1 ms 
[  1111,7s f56640] AIThink: 9,0 ms brains 1
[  1111,9s f56644] InfluenceTick: 5,6 ms 
[  1111,9s f56645] FRAME: 69,4 ms gc0+0 gc1+0 gc2+0
[  1112,0s f56646] InfluenceTick: 6,4 ms 
[  1112,0s f56647] FRAME: 73,4 ms gc0+0 gc1+0 gc2+0
[  1112,1s f56647] HutIncome: 18,3 ms huts 72
[  1112,1s f56648] FRAME: 66,0 ms gc0+0 gc1+0 gc2+0
[  1112,1s f56648] InfluenceTick: 5,2 ms 
[  1112,2s f56649] FRAME: 54,7 ms gc0+0 gc1+0 gc2+0
[  1112,2s f56650] InfluenceTick: 6,1 ms 
[  1112,3s f56650] AIThink: 13,8 ms brains 1
[  1112,3s f56651] FRAME: 84,7 ms gc0+0 gc1+0 gc2+0
[  1112,3s f56651] AIThink: 20,3 ms brains 1
[  1112,4s f56652] FRAME: 56,0 ms gc0+0 gc1+0 gc2+0
[  1112,4s f56652] InfluenceTick: 6,1 ms 
[  1112,4s f56653] FRAME: 59,6 ms gc0+0 gc1+0 gc2+0
[  1112,5s f56655] InfluenceTick: 5,3 ms 
[  1112,6s f56658] InfluenceTick: 5,1 ms 
[  1112,6s f56659] FRAME: 51,0 ms gc0+0 gc1+0 gc2+0
[  1112,8s f56662] FRAME: 60,1 ms gc0+0 gc1+0 gc2+0
[  1113,0s f56667] InfluenceTick: 5,2 ms 
[  1113,0s f56668] FRAME: 56,9 ms gc0+0 gc1+0 gc2+0
[  1113,1s f56669] InfluenceTick: 5,3 ms 
[  1113,1s f56670] FRAME: 71,9 ms gc0+0 gc1+0 gc2+0
[  1113,3s f56674] InfluenceTick: 5,1 ms 
[  1113,4s f56678] FRAME: 52,1 ms gc0+0 gc1+0 gc2+0
[  1113,5s f56680] InfluenceTick: 5,2 ms 
[  1113,7s f56683] InfluenceTick: 5,4 ms 
[  1113,7s f56684] FRAME: 52,2 ms gc0+0 gc1+0 gc2+0
[  1113,9s f56688] AIThink: 9,4 ms brains 1
[  1113,9s f56689] InfluenceTick: 5,3 ms 
[  1113,9s f56690] FRAME: 50,7 ms gc0+0 gc1+0 gc2+0
[  1114,0s f56692] FRAME: 50,0 ms gc0+0 gc1+0 gc2+0
[  1114,0s f56692] InfluenceTick: 5,6 ms 
[  1114,1s f56693] FRAME: 59,7 ms gc0+0 gc1+0 gc2+0
[  1114,1s f56693] HutIncome: 16,7 ms huts 72
[  1114,1s f56694] FRAME: 56,7 ms gc0+0 gc1+0 gc2+0
[  1114,2s f56694] InfluenceTick: 5,7 ms 
[  1114,2s f56695] FRAME: 58,6 ms gc0+0 gc1+0 gc2+0
[  1114,3s f56697] InfluenceTick: 5,1 ms 
[  1114,4s f56700] InfluenceTick: 5,2 ms 
[  1114,6s f56706] InfluenceTick: 5,4 ms 
[  1114,7s f56707] FRAME: 63,3 ms gc0+0 gc1+0 gc2+0
[  1114,7s f56707] AIThink: 21,2 ms brains 2
[  1114,7s f56708] FRAME: 57,9 ms gc0+0 gc1+0 gc2+0
[  1114,7s f56708] InfluenceTick: 5,6 ms 
[  1114,8s f56709] FRAME: 56,0 ms gc0+0 gc1+0 gc2+0
[  1115,0s f56713] InfluenceTick: 5,3 ms 
[  1115,1s f56716] InfluenceTick: 5,7 ms 
[  1115,1s f56717] FRAME: 56,8 ms gc0+0 gc1+0 gc2+0
[  1115,2s f56719] InfluenceTick: 5,6 ms 
[  1115,3s f56720] FRAME: 64,2 ms gc0+0 gc1+0 gc2+0
[  1115,4s f56722] InfluenceTick: 6,2 ms 
[  1115,4s f56723] FRAME: 59,1 ms gc0+0 gc1+0 gc2+0
[  1115,5s f56724] InfluenceTick: 5,5 ms 
[  1115,5s f56725] FRAME: 60,2 ms gc0+0 gc1+0 gc2+0
[  1115,7s f56730] InfluenceTick: 5,6 ms 
[  1115,7s f56731] FRAME: 51,8 ms gc0+0 gc1+0 gc2+0
[  1116,0s f56738] AIThink: 9,3 ms brains 1
[  1116,1s f56739] FRAME: 64,4 ms gc0+0 gc1+0 gc2+0
[  1116,1s f56739] InfluenceTick: 5,9 ms 
[  1116,1s f56740] FRAME: 61,6 ms gc0+1 gc1+1 gc2+1
[  1116,2s f56740] HutIncome: 18,9 ms huts 72
[  1116,2s f56741] FRAME: 56,5 ms gc0+0 gc1+0 gc2+0
[  1116,2s f56741] InfluenceTick: 6,0 ms 
[  1116,3s f56742] FRAME: 63,8 ms gc0+0 gc1+0 gc2+0
[  1116,3s f56743] InfluenceTick: 5,7 ms 
[  1116,4s f56744] FRAME: 52,2 ms gc0+0 gc1+0 gc2+0
[  1116,5s f56746] InfluenceTick: 5,2 ms 
[  1116,5s f56747] FRAME: 67,7 ms gc0+0 gc1+0 gc2+0
[  1116,6s f56748] InfluenceTick: 7,4 ms 
[  1116,6s f56749] FRAME: 61,8 ms gc0+0 gc1+0 gc2+0
[  1116,7s f56750] InfluenceTick: 5,3 ms 
[  1116,7s f56751] FRAME: 51,7 ms gc0+0 gc1+0 gc2+0
[  1116,8s f56753] InfluenceTick: 5,6 ms 
[  1116,9s f56756] InfluenceTick: 6,0 ms 
[  1116,9s f56757] FRAME: 60,1 ms gc0+0 gc1+0 gc2+0
[  1117,0s f56759] InfluenceTick: 5,6 ms 
[  1117,1s f56760] FRAME: 60,0 ms gc0+0 gc1+0 gc2+0
[  1117,1s f56760] AIThink: 27,2 ms brains 1
[  1117,2s f56761] FRAME: 68,7 ms gc0+0 gc1+0 gc2+0
[  1117,2s f56761] InfluenceTick: 5,8 ms 
[  1117,2s f56762] FRAME: 58,9 ms gc0+0 gc1+0 gc2+0
[  1117,3s f56764] InfluenceTick: 5,5 ms 
[  1117,4s f56765] FRAME: 55,7 ms gc0+0 gc1+0 gc2+0
[  1117,4s f56767] InfluenceTick: 6,0 ms 
[  1117,5s f56768] FRAME: 56,4 ms gc0+0 gc1+0 gc2+0
[  1117,6s f56769] InfluenceTick: 5,4 ms 
[  1117,6s f56770] FRAME: 53,5 ms gc0+0 gc1+0 gc2+0
[  1117,7s f56772] InfluenceTick: 5,3 ms 
[  1117,7s f56773] FRAME: 78,4 ms gc0+0 gc1+0 gc2+0
[  1117,8s f56774] InfluenceTick: 5,6 ms 
[  1117,8s f56775] FRAME: 53,8 ms gc0+0 gc1+0 gc2+0
[  1117,9s f56775] AIThink: 11,7 ms brains 1
[  1117,9s f56776] FRAME: 50,7 ms gc0+0 gc1+0 gc2+0
[  1117,9s f56776] InfluenceTick: 5,8 ms 
[  1117,9s f56777] FRAME: 56,5 ms gc0+0 gc1+0 gc2+0
[  1118,0s f56778] FRAME: 54,6 ms gc0+0 gc1+0 gc2+0
[  1118,0s f56778] InfluenceTick: 5,7 ms 
[  1118,1s f56779] FRAME: 72,9 ms gc0+0 gc1+0 gc2+0
[  1118,1s f56780] FRAME: 52,2 ms gc0+0 gc1+0 gc2+0
[  1118,2s f56780] InfluenceTick: 5,2 ms 
[  1118,2s f56781] FRAME: 60,0 ms gc0+0 gc1+0 gc2+0
[  1118,2s f56781] HutIncome: 17,8 ms huts 72
[  1118,2s f56781] AIThink: 10,6 ms brains 1
[  1118,3s f56782] FRAME: 68,8 ms gc0+0 gc1+0 gc2+0
[  1118,3s f56782] InfluenceTick: 5,5 ms 
[  1118,3s f56783] FRAME: 57,2 ms gc0+0 gc1+0 gc2+0
[  1118,4s f56785] InfluenceTick: 6,0 ms 
[  1118,5s f56786] FRAME: 57,7 ms gc0+0 gc1+0 gc2+0
[  1118,6s f56788] FRAME: 55,0 ms gc0+1 gc1+1 gc2+1
[  1118,6s f56788] InfluenceTick: 5,8 ms 
[  1118,6s f56789] FRAME: 54,0 ms gc0+0 gc1+0 gc2+0
[  1118,7s f56791] InfluenceTick: 5,6 ms 
[  1118,7s f56792] FRAME: 52,3 ms gc0+0 gc1+0 gc2+0
[  1118,8s f56794] InfluenceTick: 5,1 ms 
[  1119,0s f56797] InfluenceTick: 5,3 ms 
[  1119,0s f56797] AIThink: 11,8 ms brains 1
[  1119,0s f56798] FRAME: 80,3 ms gc0+0 gc1+0 gc2+0
[  1119,1s f56799] InfluenceTick: 6,0 ms 
[  1119,1s f56800] FRAME: 67,8 ms gc0+0 gc1+0 gc2+0
[  1119,2s f56801] InfluenceTick: 5,3 ms 
[  1119,2s f56802] FRAME: 54,3 ms gc0+0 gc1+0 gc2+0
[  1119,3s f56804] InfluenceTick: 5,6 ms 
[  1119,3s f56805] FRAME: 52,8 ms gc0+0 gc1+0 gc2+0
[  1119,4s f56806] FRAME: 51,4 ms gc0+0 gc1+0 gc2+0
[  1119,4s f56806] InfluenceTick: 5,8 ms 
[  1119,5s f56807] FRAME: 68,2 ms gc0+0 gc1+0 gc2+0
[  1119,5s f56807] AIThink: 21,2 ms brains 1
[  1119,5s f56808] FRAME: 58,5 ms gc0+0 gc1+0 gc2+0
[  1119,5s f56808] InfluenceTick: 5,9 ms 
[  1119,6s f56809] FRAME: 59,2 ms gc0+0 gc1+0 gc2+0
[  1119,7s f56811] InfluenceTick: 5,9 ms 
[  1119,7s f56812] FRAME: 53,4 ms gc0+0 gc1+0 gc2+0
[  1119,8s f56814] InfluenceTick: 6,0 ms 
[  1119,8s f56815] FRAME: 71,9 ms gc0+0 gc1+0 gc2+0
[  1119,9s f56816] InfluenceTick: 5,8 ms 
[  1119,9s f56817] FRAME: 62,2 ms gc0+1 gc1+1 gc2+1
[  1120,0s f56818] InfluenceTick: 5,9 ms 
[  1120,0s f56819] FRAME: 65,7 ms gc0+0 gc1+0 gc2+0
[  1120,1s f56820] InfluenceTick: 5,7 ms 
[  1120,2s f56821] FRAME: 63,5 ms gc0+0 gc1+0 gc2+0
[  1120,2s f56822] InfluenceTick: 5,7 ms 
[  1120,3s f56822] HutIncome: 17,4 ms huts 72
[  1120,3s f56823] FRAME: 88,4 ms gc0+0 gc1+0 gc2+0
[  1120,3s f56824] InfluenceTick: 5,4 ms 
[  1120,4s f56825] FRAME: 50,7 ms gc0+0 gc1+0 gc2+0
[  1120,4s f56825] AIThink: 10,7 ms brains 1
[  1120,5s f56827] InfluenceTick: 5,4 ms 
[  1120,5s f56828] FRAME: 60,0 ms gc0+0 gc1+0 gc2+0
[  1120,6s f56830] InfluenceTick: 6,0 ms 
[  1120,7s f56831] FRAME: 57,1 ms gc0+0 gc1+0 gc2+0
[  1120,7s f56832] FRAME: 54,9 ms gc0+0 gc1+0 gc2+0
[  1120,7s f56832] InfluenceTick: 5,5 ms 
[  1120,8s f56833] FRAME: 54,2 ms gc0+0 gc1+0 gc2+0
[  1120,9s f56835] InfluenceTick: 6,0 ms 
[  1120,9s f56836] FRAME: 55,7 ms gc0+0 gc1+0 gc2+0
[  1121,0s f56838] InfluenceTick: 5,6 ms 
[  1121,0s f56839] FRAME: 65,3 ms gc0+0 gc1+0 gc2+0
[  1121,1s f56840] InfluenceTick: 5,7 ms 
[  1121,1s f56841] FRAME: 73,6 ms gc0+0 gc1+0 gc2+0
[  1121,2s f56842] InfluenceTick: 6,0 ms 
[  1121,3s f56843] FRAME: 63,4 ms gc0+0 gc1+0 gc2+0
[  1121,3s f56844] InfluenceTick: 5,5 ms 
[  1121,3s f56845] FRAME: 50,6 ms gc0+0 gc1+0 gc2+0
[  1121,4s f56847] InfluenceTick: 5,6 ms 
[  1121,5s f56848] FRAME: 57,6 ms gc0+0 gc1+0 gc2+0
[  1121,5s f56849] FRAME: 58,6 ms gc0+0 gc1+0 gc2+0
[  1121,6s f56849] InfluenceTick: 5,4 ms 
[  1121,6s f56850] FRAME: 57,2 ms gc0+0 gc1+0 gc2+0
[  1121,7s f56852] InfluenceTick: 5,6 ms 
[  1121,7s f56853] FRAME: 51,9 ms gc0+0 gc1+0 gc2+0
[  1121,8s f56855] InfluenceTick: 5,8 ms 
[  1121,9s f56856] FRAME: 57,6 ms gc0+0 gc1+0 gc2+0
[  1121,9s f56856] AIThink: 22,8 ms brains 1
[  1121,9s f56857] FRAME: 62,4 ms gc0+0 gc1+0 gc2+0
[  1122,0s f56857] InfluenceTick: 6,3 ms 
[  1122,0s f56858] FRAME: 77,5 ms gc0+0 gc1+0 gc2+0
[  1122,1s f56859] FRAME: 55,6 ms gc0+0 gc1+0 gc2+0
[  1122,1s f56859] InfluenceTick: 5,8 ms 
[  1122,1s f56860] FRAME: 61,9 ms gc0+0 gc1+0 gc2+0
[  1122,2s f56861] InfluenceTick: 5,2 ms 
[  1122,2s f56862] FRAME: 53,8 ms gc0+0 gc1+0 gc2+0
[  1122,2s f56862] HutIncome: 17,6 ms huts 72
[  1122,3s f56863] FRAME: 56,8 ms gc0+0 gc1+0 gc2+0
[  1122,3s f56863] InfluenceTick: 6,3 ms 
[  1122,3s f56864] FRAME: 63,6 ms gc0+0 gc1+0 gc2+0
[  1122,4s f56865] FRAME: 56,9 ms gc0+0 gc1+0 gc2+0
[  1122,4s f56865] InfluenceTick: 5,5 ms 
[  1122,4s f56866] FRAME: 56,0 ms gc0+0 gc1+0 gc2+0
[  1122,5s f56868] InfluenceTick: 5,9 ms 
[  1122,6s f56869] FRAME: 61,8 ms gc0+0 gc1+0 gc2+0
[  1122,6s f56869] AIThink: 9,8 ms brains 1
[  1122,6s f56870] FRAME: 51,7 ms gc0+1 gc1+1 gc2+1
[  1122,6s f56870] InfluenceTick: 5,8 ms 
[  1122,7s f56871] FRAME: 58,9 ms gc0+0 gc1+0 gc2+0
[  1122,8s f56873] InfluenceTick: 5,2 ms 
[  1122,8s f56874] FRAME: 66,1 ms gc0+0 gc1+0 gc2+0
[  1122,9s f56875] InfluenceTick: 5,9 ms 
[  1122,9s f56876] FRAME: 53,1 ms gc0+0 gc1+0 gc2+0
[  1123,1s f56881] InfluenceTick: 5,4 ms 
[  1123,2s f56882] FRAME: 52,5 ms gc0+0 gc1+0 gc2+0
[  1123,2s f56883] FRAME: 52,4 ms gc0+0 gc1+0 gc2+0
[  1123,3s f56883] InfluenceTick: 6,3 ms 
[  1123,3s f56884] FRAME: 62,4 ms gc0+0 gc1+0 gc2+0
[  1123,3s f56885] InfluenceTick: 5,5 ms 
[  1123,4s f56886] FRAME: 51,0 ms gc0+0 gc1+0 gc2+0
[  1123,5s f56888] InfluenceTick: 5,8 ms 
[  1123,5s f56888] AIThink: 11,5 ms brains 1
[  1123,5s f56889] FRAME: 67,3 ms gc0+0 gc1+0 gc2+0
[  1123,6s f56890] InfluenceTick: 5,7 ms 
[  1123,6s f56891] FRAME: 66,9 ms gc0+1 gc1+1 gc2+1
[  1123,7s f56892] InfluenceTick: 5,7 ms 
[  1123,7s f56893] FRAME: 57,7 ms gc0+0 gc1+0 gc2+0
[  1123,8s f56895] InfluenceTick: 6,0 ms 
[  1123,9s f56896] FRAME: 57,0 ms gc0+0 gc1+0 gc2+0
[  1124,0s f56898] InfluenceTick: 5,6 ms 
[  1124,0s f56899] FRAME: 51,2 ms gc0+0 gc1+0 gc2+0
[  1124,1s f56901] InfluenceTick: 6,2 ms 
[  1124,1s f56902] FRAME: 61,0 ms gc0+0 gc1+0 gc2+0
[  1124,2s f56902] AIThink: 12,6 ms brains 1
[  1124,2s f56903] FRAME: 55,2 ms gc0+0 gc1+0 gc2+0
[  1124,2s f56903] InfluenceTick: 5,6 ms 
[  1124,2s f56904] FRAME: 54,8 ms gc0+0 gc1+0 gc2+0
[  1124,3s f56904] HutIncome: 19,5 ms huts 72
[  1124,3s f56904] AIThink: 20,2 ms brains 1
[  1124,3s f56905] FRAME: 78,5 ms gc0+0 gc1+0 gc2+0
[  1124,3s f56905] InfluenceTick: 6,0 ms 
[  1124,4s f56906] FRAME: 59,9 ms gc0+0 gc1+0 gc2+0
[  1124,5s f56908] InfluenceTick: 5,8 ms 
[  1124,5s f56909] FRAME: 73,2 ms gc0+0 gc1+0 gc2+0
[  1124,6s f56910] InfluenceTick: 5,6 ms 
[  1124,6s f56911] FRAME: 52,2 ms gc0+0 gc1+0 gc2+0
[  1124,7s f56913] FRAME: 57,1 ms gc0+0 gc1+0 gc2+0
[  1124,7s f56913] InfluenceTick: 6,1 ms 
[  1124,8s f56913] AIThink: 10,5 ms brains 1
[  1124,8s f56914] FRAME: 68,4 ms gc0+0 gc1+0 gc2+0
[  1124,9s f56915] InfluenceTick: 5,1 ms 
[  1124,9s f56916] FRAME: 52,1 ms gc0+0 gc1+0 gc2+0
[  1124,9s f56917] FRAME: 56,4 ms gc0+0 gc1+0 gc2+0
[  1125,0s f56917] InfluenceTick: 7,0 ms 
[  1125,0s f56918] FRAME: 65,0 ms gc0+0 gc1+0 gc2+0
[  1125,1s f56919] FRAME: 51,4 ms gc0+0 gc1+0 gc2+0
[  1125,1s f56919] InfluenceTick: 5,8 ms 
[  1125,1s f56920] FRAME: 62,2 ms gc0+0 gc1+0 gc2+0
[  1125,2s f56921] InfluenceTick: 5,9 ms 
[  1125,2s f56922] FRAME: 57,8 ms gc0+0 gc1+0 gc2+0
[  1125,3s f56924] InfluenceTick: 5,8 ms 
[  1125,4s f56925] FRAME: 67,8 ms gc0+0 gc1+0 gc2+0
[  1125,4s f56926] InfluenceTick: 5,8 ms 
[  1125,5s f56927] FRAME: 54,9 ms gc0+0 gc1+0 gc2+0
[  1125,6s f56929] InfluenceTick: 6,2 ms 
[  1125,6s f56930] FRAME: 60,5 ms gc0+0 gc1+0 gc2+0
[  1125,7s f56932] InfluenceTick: 5,6 ms 
[  1125,7s f56933] FRAME: 52,2 ms gc0+0 gc1+0 gc2+0
[  1125,8s f56933] AIThink: 13,1 ms brains 1
[  1125,8s f56934] FRAME: 68,8 ms gc0+0 gc1+0 gc2+0
[  1125,8s f56934] InfluenceTick: 6,9 ms 
[  1125,8s f56935] FRAME: 63,0 ms gc0+0 gc1+0 gc2+0
[  1125,9s f56936] InfluenceTick: 6,4 ms 
[  1125,9s f56937] FRAME: 56,8 ms gc0+0 gc1+0 gc2+0
[  1126,0s f56939] InfluenceTick: 5,5 ms 
[  1126,1s f56940] FRAME: 54,2 ms gc0+0 gc1+0 gc2+0
[  1126,2s f56942] InfluenceTick: 6,0 ms 
[  1126,2s f56943] FRAME: 70,4 ms gc0+0 gc1+0 gc2+0
[  1126,2s f56943] AIThink: 13,1 ms brains 2
[  1126,3s f56944] FRAME: 57,6 ms gc0+0 gc1+0 gc2+0
[  1126,3s f56944] InfluenceTick: 5,7 ms 
[  1126,3s f56944] HutIncome: 17,0 ms huts 72
[  1126,4s f56945] FRAME: 73,7 ms gc0+0 gc1+0 gc2+0
[  1126,4s f56946] InfluenceTick: 5,5 ms 
[  1126,4s f56947] FRAME: 57,8 ms gc0+0 gc1+0 gc2+0
[  1126,5s f56948] InfluenceTick: 6,0 ms 
[  1126,5s f56949] FRAME: 55,3 ms gc0+0 gc1+0 gc2+0
[  1126,7s f56951] InfluenceTick: 6,8 ms 
[  1126,7s f56951] AIThink: 23,4 ms brains 1
[  1126,7s f56952] FRAME: 88,5 ms gc0+1 gc1+1 gc2+1
[  1126,8s f56953] FRAME: 52,5 ms gc0+0 gc1+0 gc2+0
[  1126,8s f56953] InfluenceTick: 5,4 ms 
[  1126,8s f56954] FRAME: 59,2 ms gc0+0 gc1+0 gc2+0
[  1126,9s f56955] AIThink: 9,3 ms brains 1
[  1126,9s f56956] InfluenceTick: 5,6 ms 
[  1127,0s f56957] FRAME: 52,1 ms gc0+0 gc1+0 gc2+0
[  1127,0s f56958] FRAME: 50,7 ms gc0+0 gc1+0 gc2+0
[  1127,1s f56958] InfluenceTick: 5,5 ms 
[  1127,1s f56959] FRAME: 69,8 ms gc0+0 gc1+0 gc2+0
[  1127,2s f56960] InfluenceTick: 6,1 ms 
[  1127,2s f56961] FRAME: 56,8 ms gc0+0 gc1+0 gc2+0
[  1127,3s f56963] InfluenceTick: 5,8 ms 
[  1127,3s f56964] FRAME: 54,3 ms gc0+0 gc1+0 gc2+0
[  1127,4s f56966] InfluenceTick: 5,5 ms 
[  1127,4s f56967] FRAME: 55,9 ms gc0+0 gc1+0 gc2+0
[  1127,5s f56968] FRAME: 55,2 ms gc0+0 gc1+0 gc2+0
[  1127,5s f56968] InfluenceTick: 5,7 ms 
[  1127,6s f56969] FRAME: 55,3 ms gc0+0 gc1+0 gc2+0
[  1127,7s f56971] InfluenceTick: 5,7 ms 
[  1127,7s f56972] FRAME: 54,0 ms gc0+0 gc1+0 gc2+0
[  1127,8s f56974] InfluenceTick: 5,6 ms 
[  1127,8s f56975] FRAME: 56,0 ms gc0+0 gc1+0 gc2+0
[  1127,9s f56977] FRAME: 50,9 ms gc0+0 gc1+0 gc2+0
[  1127,9s f56977] InfluenceTick: 6,4 ms 
[  1128,0s f56978] FRAME: 61,5 ms gc0+0 gc1+0 gc2+0
[  1128,0s f56978] AIThink: 13,8 ms brains 1
[  1128,0s f56979] FRAME: 68,4 ms gc0+1 gc1+1 gc2+1
[  1128,1s f56979] InfluenceTick: 5,1 ms 
[  1128,2s f56982] InfluenceTick: 5,6 ms 
[  1128,2s f56983] FRAME: 58,1 ms gc0+0 gc1+0 gc2+0
[  1128,3s f56985] InfluenceTick: 5,8 ms 
[  1128,3s f56985] HutIncome: 17,4 ms huts 72
[  1128,4s f56986] FRAME: 88,9 ms gc0+0 gc1+0 gc2+0
[  1128,4s f56986] AIThink: 13,6 ms brains 1
[  1128,4s f56987] FRAME: 54,6 ms gc0+0 gc1+0 gc2+0
[  1128,5s f56987] InfluenceTick: 5,6 ms 
[  1128,5s f56988] FRAME: 53,7 ms gc0+0 gc1+0 gc2+0
[  1128,6s f56990] InfluenceTick: 5,4 ms 
[  1128,7s f56993] InfluenceTick: 6,0 ms 
[  1128,7s f56994] FRAME: 61,4 ms gc0+0 gc1+0 gc2+0
[  1128,8s f56995] FRAME: 54,3 ms gc0+0 gc1+0 gc2+0
[  1128,8s f56995] InfluenceTick: 7,8 ms 
[  1128,9s f56996] FRAME: 64,4 ms gc0+0 gc1+0 gc2+0
[  1128,9s f56997] InfluenceTick: 5,3 ms 
[  1129,0s f56998] FRAME: 57,1 ms gc0+1 gc1+1 gc2+1
[  1129,0s f56999] InfluenceTick: 5,4 ms 
[  1129,1s f56999] AIThink: 20,0 ms brains 1
[  1129,1s f57000] FRAME: 78,8 ms gc0+0 gc1+0 gc2+0
[  1129,1s f57000] AIThink: 10,6 ms brains 1
[  1129,1s f57001] FRAME: 50,3 ms gc0+0 gc1+0 gc2+0
[  1129,2s f57001] InfluenceTick: 6,8 ms 
[  1129,2s f57002] FRAME: 65,7 ms gc0+0 gc1+0 gc2+0
[  1129,3s f57003] FRAME: 53,7 ms gc0+0 gc1+0 gc2+0
[  1129,3s f57003] InfluenceTick: 7,1 ms 
[  1129,3s f57004] FRAME: 66,1 ms gc0+0 gc1+0 gc2+0
[  1129,4s f57005] InfluenceTick: 5,4 ms 
[  1129,4s f57006] FRAME: 52,1 ms gc0+0 gc1+0 gc2+0
[  1129,5s f57008] InfluenceTick: 6,1 ms 
[  1129,6s f57009] FRAME: 59,8 ms gc0+0 gc1+0 gc2+0
[  1129,6s f57010] InfluenceTick: 5,7 ms 
[  1129,7s f57011] FRAME: 68,8 ms gc0+0 gc1+0 gc2+0
[  1129,7s f57012] InfluenceTick: 6,2 ms 
[  1129,8s f57013] FRAME: 59,6 ms gc0+0 gc1+0 gc2+0
[  1129,9s f57015] InfluenceTick: 6,1 ms 
[  1129,9s f57016] FRAME: 63,5 ms gc0+0 gc1+0 gc2+0
[  1130,0s f57018] InfluenceTick: 6,0 ms 
[  1130,0s f57019] FRAME: 69,0 ms gc0+0 gc1+0 gc2+0
[  1130,1s f57020] FRAME: 54,7 ms gc0+0 gc1+0 gc2+0
[  1130,1s f57020] InfluenceTick: 5,7 ms 
[  1130,2s f57021] FRAME: 58,0 ms gc0+0 gc1+0 gc2+0
[  1130,2s f57022] AIThink: 14,4 ms brains 1
[  1130,3s f57023] FRAME: 59,8 ms gc0+0 gc1+0 gc2+0
[  1130,3s f57023] InfluenceTick: 6,0 ms 
[  1130,3s f57024] FRAME: 70,0 ms gc0+1 gc1+1 gc2+1
[  1130,4s f57024] HutIncome: 19,0 ms huts 72
[  1130,4s f57025] FRAME: 61,3 ms gc0+0 gc1+0 gc2+0
[  1130,4s f57025] InfluenceTick: 6,1 ms 
[  1130,5s f57026] FRAME: 72,1 ms gc0+0 gc1+0 gc2+0
[  1130,5s f57027] FRAME: 61,6 ms gc0+0 gc1+0 gc2+0
[  1130,5s f57027] InfluenceTick: 5,9 ms 
[  1130,6s f57028] FRAME: 60,8 ms gc0+0 gc1+0 gc2+0
[  1130,8s f57033] InfluenceTick: 5,5 ms 
[  1130,8s f57034] FRAME: 59,0 ms gc0+0 gc1+0 gc2+0
[  1130,9s f57036] FRAME: 50,0 ms gc0+0 gc1+0 gc2+0
[  1130,9s f57036] InfluenceTick: 5,6 ms 
[  1131,0s f57037] FRAME: 59,4 ms gc0+0 gc1+0 gc2+0
[  1131,1s f57038] InfluenceTick: 5,8 ms 
[  1131,1s f57039] FRAME: 58,3 ms gc0+0 gc1+0 gc2+0
[  1131,2s f57041] InfluenceTick: 6,4 ms 
[  1131,2s f57042] FRAME: 57,1 ms gc0+0 gc1+0 gc2+0
[  1131,3s f57043] AIThink: 10,4 ms brains 1
[  1131,3s f57044] FRAME: 50,1 ms gc0+0 gc1+0 gc2+0
[  1131,3s f57044] InfluenceTick: 5,8 ms 
[  1131,4s f57045] FRAME: 69,3 ms gc0+0 gc1+0 gc2+0
[  1131,4s f57046] InfluenceTick: 5,2 ms 
[  1131,5s f57046] AIThink: 19,0 ms brains 1
[  1131,5s f57047] FRAME: 88,4 ms gc0+0 gc1+0 gc2+0
[  1131,6s f57048] InfluenceTick: 5,2 ms 
[  1131,6s f57049] FRAME: 55,0 ms gc0+1 gc1+1 gc2+1
[  1131,7s f57051] InfluenceTick: 5,8 ms 
[  1131,7s f57052] FRAME: 56,8 ms gc0+0 gc1+0 gc2+0
[  1131,8s f57053] FRAME: 50,8 ms gc0+0 gc1+0 gc2+0
[  1131,8s f57053] InfluenceTick: 5,6 ms 
[  1131,8s f57054] FRAME: 53,9 ms gc0+0 gc1+0 gc2+0
[  1131,9s f57056] InfluenceTick: 5,8 ms 
[  1132,0s f57057] FRAME: 57,9 ms gc0+0 gc1+0 gc2+0
[  1132,0s f57058] FRAME: 54,9 ms gc0+0 gc1+0 gc2+0
[  1132,1s f57058] InfluenceTick: 5,2 ms 
[  1132,1s f57059] FRAME: 66,6 ms gc0+0 gc1+0 gc2+0
[  1132,2s f57060] InfluenceTick: 5,2 ms 
[  1132,2s f57061] FRAME: 65,7 ms gc0+0 gc1+0 gc2+0
[  1132,3s f57062] InfluenceTick: 6,0 ms 
[  1132,3s f57063] FRAME: 57,1 ms gc0+0 gc1+0 gc2+0
[  1132,4s f57064] HutIncome: 17,3 ms huts 72
[  1132,4s f57065] FRAME: 55,7 ms gc0+0 gc1+0 gc2+0
[  1132,4s f57065] InfluenceTick: 6,2 ms 
[  1132,5s f57066] FRAME: 68,3 ms gc0+0 gc1+0 gc2+0
[  1132,5s f57066] AIThink: 13,5 ms brains 1
[  1132,5s f57067] FRAME: 51,5 ms gc0+0 gc1+0 gc2+0
[  1132,5s f57067] InfluenceTick: 5,8 ms 
[  1132,6s f57068] FRAME: 56,9 ms gc0+0 gc1+0 gc2+0
[  1132,6s f57069] FRAME: 57,6 ms gc0+0 gc1+0 gc2+0
[  1132,7s f57069] InfluenceTick: 6,3 ms 
[  1132,7s f57070] FRAME: 60,7 ms gc0+0 gc1+0 gc2+0
[  1132,8s f57071] InfluenceTick: 5,1 ms 
[  1132,8s f57072] FRAME: 58,9 ms gc0+0 gc1+0 gc2+0
[  1132,9s f57074] InfluenceTick: 5,2 ms 
[  1132,9s f57075] FRAME: 64,4 ms gc0+0 gc1+0 gc2+0
[  1133,0s f57076] InfluenceTick: 5,3 ms 
[  1133,1s f57077] FRAME: 75,1 ms gc0+0 gc1+0 gc2+0
[  1133,1s f57078] InfluenceTick: 6,3 ms 
[  1133,2s f57079] FRAME: 61,1 ms gc0+0 gc1+0 gc2+0
[  1133,2s f57080] InfluenceTick: 6,5 ms 
[  1133,2s f57081] FRAME: 56,0 ms gc0+0 gc1+0 gc2+0
[  1133,3s f57083] InfluenceTick: 5,9 ms 
[  1133,4s f57084] FRAME: 53,7 ms gc0+0 gc1+0 gc2+0
[  1133,4s f57085] AIThink: 10,6 ms brains 1
[  1133,5s f57086] FRAME: 72,2 ms gc0+0 gc1+0 gc2+0
[  1133,5s f57086] InfluenceTick: 5,5 ms 
[  1133,5s f57087] FRAME: 64,2 ms gc0+0 gc1+0 gc2+0
[  1133,6s f57088] InfluenceTick: 5,5 ms 
[  1133,6s f57089] FRAME: 56,4 ms gc0+1 gc1+1 gc2+1
[  1133,7s f57091] InfluenceTick: 5,2 ms 
[  1133,8s f57093] AIThink: 19,3 ms brains 1
[  1133,8s f57094] FRAME: 52,1 ms gc0+0 gc1+0 gc2+0
[  1133,9s f57094] InfluenceTick: 5,3 ms 
[  1133,9s f57095] FRAME: 64,7 ms gc0+0 gc1+0 gc2+0
[  1134,0s f57097] InfluenceTick: 5,6 ms 
[  1134,0s f57098] FRAME: 52,1 ms gc0+0 gc1+0 gc2+0
[  1134,1s f57100] InfluenceTick: 5,8 ms 
[  1134,2s f57101] FRAME: 56,6 ms gc0+0 gc1+0 gc2+0
[  1134,2s f57102] FRAME: 50,3 ms gc0+0 gc1+0 gc2+0
[  1134,3s f57102] InfluenceTick: 6,5 ms 
[  1134,3s f57103] FRAME: 57,5 ms gc0+0 gc1+0 gc2+0
[  1134,4s f57104] InfluenceTick: 6,3 ms 
[  1134,4s f57105] FRAME: 54,5 ms gc0+0 gc1+0 gc2+0
[  1134,4s f57105] HutIncome: 16,0 ms huts 72
[  1134,4s f57106] FRAME: 52,0 ms gc0+0 gc1+0 gc2+0
[  1134,5s f57106] InfluenceTick: 5,4 ms 
[  1134,5s f57107] FRAME: 54,2 ms gc0+0 gc1+0 gc2+0
[  1134,6s f57109] InfluenceTick: 6,1 ms 
[  1134,6s f57110] FRAME: 55,5 ms gc0+0 gc1+0 gc2+0
[  1134,7s f57111] AIThink: 11,1 ms brains 1
[  1134,7s f57112] InfluenceTick: 5,5 ms 
[  1134,8s f57112] AIThink: 11,9 ms brains 1
[  1134,8s f57113] FRAME: 84,4 ms gc0+0 gc1+0 gc2+0
[  1134,8s f57114] InfluenceTick: 5,1 ms 
[  1134,9s f57115] FRAME: 51,4 ms gc0+0 gc1+0 gc2+0
[  1135,0s f57117] InfluenceTick: 5,0 ms 
[  1135,0s f57118] FRAME: 63,6 ms gc0+0 gc1+0 gc2+0
[  1135,1s f57120] InfluenceTick: 5,4 ms 
[  1135,1s f57121] FRAME: 52,5 ms gc0+0 gc1+0 gc2+0
[  1135,2s f57122] InfluenceTick: 6,2 ms 
[  1135,2s f57123] FRAME: 60,1 ms gc0+0 gc1+0 gc2+0
[  1135,3s f57124] InfluenceTick: 5,7 ms 
[  1135,3s f57125] FRAME: 51,6 ms gc0+0 gc1+0 gc2+0
[  1135,4s f57127] InfluenceTick: 5,9 ms 
[  1135,5s f57128] FRAME: 59,5 ms gc0+0 gc1+0 gc2+0
[  1135,6s f57130] InfluenceTick: 6,1 ms 
[  1135,6s f57131] FRAME: 72,4 ms gc0+0 gc1+0 gc2+0
[  1135,6s f57131] AIThink: 10,3 ms brains 1
[  1135,7s f57132] FRAME: 50,7 ms gc0+0 gc1+0 gc2+0
[  1135,7s f57132] InfluenceTick: 5,8 ms 
[  1135,7s f57133] FRAME: 59,1 ms gc0+0 gc1+0 gc2+0
[  1135,8s f57135] InfluenceTick: 5,4 ms 
[  1135,8s f57136] FRAME: 52,6 ms gc0+0 gc1+0 gc2+0
[  1135,9s f57138] InfluenceTick: 5,9 ms 
[  1136,0s f57139] FRAME: 53,4 ms gc0+0 gc1+0 gc2+0
[  1136,0s f57140] FRAME: 66,1 ms gc0+0 gc1+0 gc2+0
[  1136,1s f57140] InfluenceTick: 5,3 ms 
[  1136,1s f57141] FRAME: 60,4 ms gc0+0 gc1+0 gc2+0
[  1136,2s f57143] InfluenceTick: 5,0 ms 
[  1136,2s f57143] AIThink: 17,8 ms brains 1
[  1136,3s f57144] FRAME: 70,4 ms gc0+0 gc1+0 gc2+0
[  1136,3s f57145] InfluenceTick: 6,9 ms 
[  1136,4s f57146] FRAME: 82,0 ms gc0+0 gc1+0 gc2+0
[  1136,4s f57147] FRAME: 65,0 ms gc0+0 gc1+0 gc2+0
[  1136,5s f57147] InfluenceTick: 5,5 ms 
[  1136,5s f57147] HutIncome: 16,3 ms huts 72
[  1136,5s f57148] FRAME: 79,1 ms gc0+0 gc1+0 gc2+0
[  1136,6s f57149] InfluenceTick: 5,6 ms 
[  1136,6s f57150] FRAME: 52,4 ms gc0+0 gc1+0 gc2+0
[  1136,7s f57152] InfluenceTick: 5,9 ms 
[  1136,8s f57153] FRAME: 57,2 ms gc0+0 gc1+0 gc2+0
[  1136,8s f57155] FRAME: 52,9 ms gc0+0 gc1+0 gc2+0
[  1136,9s f57155] InfluenceTick: 5,8 ms 
[  1136,9s f57156] FRAME: 62,7 ms gc0+0 gc1+0 gc2+0
[  1137,0s f57157] AIThink: 12,6 ms brains 1
[  1137,0s f57158] FRAME: 54,9 ms gc0+0 gc1+0 gc2+0
[  1137,0s f57158] InfluenceTick: 6,0 ms 
[  1137,0s f57158] VeilPulse: 5,0 ms 
[  1137,1s f57159] FRAME: 73,9 ms gc0+0 gc1+0 gc2+0
[  1137,1s f57160] InfluenceTick: 5,8 ms 
[  1137,2s f57161] FRAME: 58,2 ms gc0+0 gc1+0 gc2+0
[  1137,3s f57163] InfluenceTick: 5,7 ms 
[  1137,3s f57164] FRAME: 61,8 ms gc0+0 gc1+0 gc2+0
[  1137,4s f57165] InfluenceTick: 5,6 ms 
[  1137,4s f57166] FRAME: 57,0 ms gc0+0 gc1+0 gc2+0
[  1137,5s f57168] InfluenceTick: 5,2 ms 
[  1137,6s f57169] FRAME: 53,8 ms gc0+0 gc1+0 gc2+0
[  1137,7s f57171] InfluenceTick: 5,2 ms 
[  1137,7s f57172] FRAME: 61,7 ms gc0+0 gc1+0 gc2+0
[  1137,8s f57174] InfluenceTick: 5,6 ms 
[  1137,8s f57175] FRAME: 52,1 ms gc0+0 gc1+0 gc2+0
[  1137,8s f57175] AIThink: 12,3 ms brains 2
[  1137,9s f57176] FRAME: 53,2 ms gc0+0 gc1+0 gc2+0
[  1137,9s f57176] InfluenceTick: 6,0 ms 
[  1137,9s f57177] FRAME: 57,9 ms gc0+0 gc1+0 gc2+0
[  1138,0s f57179] InfluenceTick: 5,8 ms 
[  1138,1s f57180] FRAME: 72,4 ms gc0+0 gc1+0 gc2+0
[  1138,1s f57181] FRAME: 60,5 ms gc0+0 gc1+0 gc2+0
[  1138,2s f57181] InfluenceTick: 5,5 ms 
[  1138,2s f57182] FRAME: 54,9 ms gc0+0 gc1+0 gc2+0
[  1138,3s f57184] InfluenceTick: 5,1 ms 
[  1138,3s f57185] FRAME: 71,8 ms gc0+1 gc1+1 gc2+1
[  1138,4s f57186] InfluenceTick: 5,3 ms 
[  1138,4s f57187] FRAME: 50,1 ms gc0+0 gc1+0 gc2+0
[  1138,5s f57188] HutIncome: 18,0 ms huts 72
[  1138,5s f57189] FRAME: 58,4 ms gc0+0 gc1+0 gc2+0
[  1138,6s f57189] InfluenceTick: 5,6 ms 
[  1138,6s f57190] FRAME: 74,0 ms gc0+0 gc1+0 gc2+0
[  1138,6s f57190] AIThink: 22,0 ms brains 1
[  1138,7s f57191] FRAME: 60,5 ms gc0+0 gc1+0 gc2+0
[  1138,7s f57191] InfluenceTick: 5,8 ms 
[  1138,7s f57192] FRAME: 56,0 ms gc0+0 gc1+0 gc2+0
[  1138,8s f57194] InfluenceTick: 6,5 ms 
[  1138,8s f57195] FRAME: 57,0 ms gc0+0 gc1+0 gc2+0
[  1138,9s f57195] AIThink: 11,6 ms brains 1
[  1138,9s f57196] InfluenceTick: 5,4 ms 
[  1138,9s f57197] FRAME: 50,8 ms gc0+0 gc1+0 gc2+0
[  1139,0s f57198] FRAME: 66,0 ms gc0+0 gc1+0 gc2+0
[  1139,0s f57198] InfluenceTick: 5,3 ms 
[  1139,1s f57199] FRAME: 62,2 ms gc0+0 gc1+0 gc2+0
[  1139,2s f57201] InfluenceTick: 5,6 ms 
[  1139,2s f57202] FRAME: 66,0 ms gc0+0 gc1+0 gc2+0
[  1139,2s f57202] AIThink: 14,0 ms brains 1
[  1139,3s f57203] FRAME: 54,8 ms gc0+0 gc1+0 gc2+0
[  1139,3s f57203] InfluenceTick: 5,8 ms 
[  1139,3s f57204] FRAME: 59,4 ms gc0+0 gc1+0 gc2+0
[  1139,4s f57206] InfluenceTick: 6,2 ms 
[  1139,5s f57207] FRAME: 63,0 ms gc0+0 gc1+0 gc2+0
[  1139,6s f57208] InfluenceTick: 5,1 ms 
[  1139,6s f57209] FRAME: 52,8 ms gc0+0 gc1+0 gc2+0
[  1139,7s f57211] InfluenceTick: 5,0 ms 
[  1139,8s f57214] InfluenceTick: 5,4 ms 
[  1139,8s f57215] FRAME: 65,4 ms gc0+0 gc1+0 gc2+0
[  1140,0s f57218] AIThink: 11,0 ms brains 1
[  1140,0s f57219] FRAME: 57,7 ms gc0+0 gc1+0 gc2+0
[  1140,0s f57219] InfluenceTick: 5,9 ms 
[  1140,1s f57220] FRAME: 70,9 ms gc0+0 gc1+0 gc2+0
[  1140,1s f57221] InfluenceTick: 5,1 ms 
[  1140,2s f57222] FRAME: 54,0 ms gc0+0 gc1+0 gc2+0
[  1140,2s f57223] FRAME: 51,7 ms gc0+0 gc1+0 gc2+0
[  1140,3s f57223] InfluenceTick: 5,7 ms 
[  1140,3s f57224] FRAME: 54,1 ms gc0+0 gc1+0 gc2+0
[  1140,4s f57226] InfluenceTick: 5,8 ms 
[  1140,4s f57227] FRAME: 56,0 ms gc0+0 gc1+0 gc2+0
[  1140,5s f57229] InfluenceTick: 6,1 ms 
[  1140,5s f57229] HutIncome: 17,9 ms huts 72
[  1140,6s f57230] FRAME: 71,8 ms gc0+0 gc1+0 gc2+0
[  1140,6s f57231] InfluenceTick: 5,2 ms 
[  1140,7s f57232] FRAME: 61,2 ms gc0+0 gc1+0 gc2+0
[  1140,8s f57234] InfluenceTick: 5,9 ms 
[  1140,8s f57235] FRAME: 56,1 ms gc0+0 gc1+0 gc2+0
[  1140,9s f57236] InfluenceTick: 5,7 ms 
[  1140,9s f57237] FRAME: 57,8 ms gc0+0 gc1+0 gc2+0
[  1141,0s f57239] InfluenceTick: 5,7 ms 
[  1141,0s f57240] FRAME: 66,3 ms gc0+0 gc1+0 gc2+0
[  1141,1s f57240] AIThink: 20,7 ms brains 1
[  1141,1s f57241] FRAME: 83,3 ms gc0+0 gc1+0 gc2+0
[  1141,1s f57241] InfluenceTick: 6,2 ms 
[  1141,2s f57242] FRAME: 60,9 ms gc0+0 gc1+0 gc2+0
[  1141,2s f57243] InfluenceTick: 6,0 ms 
[  1141,3s f57244] FRAME: 55,0 ms gc0+0 gc1+0 gc2+0
[  1141,4s f57246] InfluenceTick: 5,3 ms 
[  1141,4s f57247] FRAME: 55,3 ms gc0+0 gc1+0 gc2+0
[  1141,5s f57249] FRAME: 50,7 ms gc0+0 gc1+0 gc2+0
[  1141,5s f57249] InfluenceTick: 6,1 ms 
[  1141,5s f57249] AIThink: 13,6 ms brains 1
[  1141,6s f57250] FRAME: 75,9 ms gc0+0 gc1+0 gc2+0
[  1141,6s f57251] InfluenceTick: 5,1 ms 
[  1141,7s f57252] FRAME: 53,4 ms gc0+0 gc1+0 gc2+0
[  1141,8s f57254] InfluenceTick: 5,4 ms 
[  1141,8s f57255] FRAME: 50,2 ms gc0+0 gc1+0 gc2+0
[  1141,9s f57257] InfluenceTick: 5,4 ms 
[  1141,9s f57258] FRAME: 68,4 ms gc0+0 gc1+0 gc2+0
[  1142,0s f57259] InfluenceTick: 5,9 ms 
[  1142,0s f57260] FRAME: 66,9 ms gc0+0 gc1+0 gc2+0
[  1142,1s f57261] FRAME: 59,5 ms gc0+0 gc1+0 gc2+0
[  1142,1s f57261] InfluenceTick: 5,3 ms 
[  1142,2s f57262] FRAME: 66,3 ms gc0+1 gc1+1 gc2+1
[  1142,2s f57262] AIThink: 9,7 ms brains 1
[  1142,2s f57263] FRAME: 50,9 ms gc0+0 gc1+0 gc2+0
[  1142,2s f57263] InfluenceTick: 5,7 ms 
[  1142,3s f57264] FRAME: 59,5 ms gc0+0 gc1+0 gc2+0
[  1142,3s f57265] FRAME: 60,5 ms gc0+0 gc1+0 gc2+0
[  1142,4s f57265] InfluenceTick: 5,2 ms 
[  1142,4s f57266] FRAME: 61,8 ms gc0+0 gc1+0 gc2+0
[  1142,5s f57268] InfluenceTick: 5,9 ms 
[  1142,5s f57269] FRAME: 57,3 ms gc0+0 gc1+0 gc2+0
[  1142,5s f57269] HutIncome: 18,0 ms huts 72
[  1142,6s f57270] FRAME: 58,4 ms gc0+0 gc1+0 gc2+0
[  1142,6s f57270] InfluenceTick: 6,2 ms 
[  1142,6s f57271] FRAME: 59,4 ms gc0+0 gc1+0 gc2+0
[  1142,7s f57272] InfluenceTick: 5,9 ms 
[  1142,8s f57273] FRAME: 74,9 ms gc0+0 gc1+0 gc2+0
[  1142,8s f57274] InfluenceTick: 5,8 ms 
[  1142,9s f57275] FRAME: 53,8 ms gc0+0 gc1+0 gc2+0
[  1143,0s f57277] InfluenceTick: 5,6 ms 
[  1143,0s f57278] FRAME: 55,5 ms gc0+0 gc1+0 gc2+0
[  1143,0s f57279] FRAME: 54,5 ms gc0+0 gc1+0 gc2+0
[  1143,1s f57279] InfluenceTick: 5,5 ms 
[  1143,1s f57279] AIThink: 10,5 ms brains 1
[  1143,1s f57280] FRAME: 77,3 ms gc0+0 gc1+0 gc2+0
[  1143,2s f57281] FRAME: 54,1 ms gc0+0 gc1+0 gc2+0
[  1143,2s f57281] InfluenceTick: 6,5 ms 
[  1143,2s f57282] FRAME: 59,7 ms gc0+0 gc1+0 gc2+0
[  1143,4s f57284] InfluenceTick: 6,2 ms 
[  1143,4s f57285] FRAME: 72,2 ms gc0+0 gc1+0 gc2+0
[  1143,5s f57286] InfluenceTick: 5,7 ms 
[  1143,5s f57286] AIThink: 21,2 ms brains 1
[  1143,5s f57287] FRAME: 80,3 ms gc0+1 gc1+1 gc2+1
[  1143,6s f57288] FRAME: 53,9 ms gc0+0 gc1+0 gc2+0
[  1143,6s f57288] InfluenceTick: 5,9 ms 
[  1143,6s f57289] FRAME: 60,2 ms gc0+0 gc1+0 gc2+0
[  1143,7s f57290] InfluenceTick: 5,7 ms 
[  1143,7s f57291] FRAME: 56,7 ms gc0+0 gc1+0 gc2+0
[  1143,8s f57291] AIThink: 11,6 ms brains 1
[  1143,8s f57292] FRAME: 59,5 ms gc0+0 gc1+0 gc2+0
[  1143,8s f57292] InfluenceTick: 5,9 ms 
[  1143,9s f57293] FRAME: 63,4 ms gc0+0 gc1+0 gc2+0
[  1143,9s f57294] InfluenceTick: 6,1 ms 
[  1144,0s f57295] FRAME: 56,6 ms gc0+0 gc1+0 gc2+0
[  1144,0s f57296] FRAME: 59,9 ms gc0+0 gc1+0 gc2+0
[  1144,1s f57296] InfluenceTick: 6,1 ms 
[  1144,1s f57297] FRAME: 72,5 ms gc0+0 gc1+0 gc2+0
[  1144,2s f57298] InfluenceTick: 5,5 ms 
[  1144,2s f57299] FRAME: 51,2 ms gc0+0 gc1+0 gc2+0
[  1144,3s f57301] InfluenceTick: 6,0 ms 
[  1144,3s f57302] FRAME: 55,5 ms gc0+0 gc1+0 gc2+0
[  1144,4s f57302] AIThink: 10,9 ms brains 1
[  1144,4s f57303] FRAME: 59,7 ms gc0+0 gc1+0 gc2+0
[  1144,4s f57303] InfluenceTick: 5,3 ms 
[  1144,5s f57304] FRAME: 69,4 ms gc0+0 gc1+0 gc2+0
[  1144,5s f57305] InfluenceTick: 5,7 ms 
[  1144,5s f57306] FRAME: 56,7 ms gc0+0 gc1+0 gc2+0
[  1144,6s f57306] HutIncome: 18,0 ms huts 72
[  1144,6s f57307] FRAME: 55,1 ms gc0+0 gc1+0 gc2+0
[  1144,6s f57307] InfluenceTick: 5,9 ms 
[  1144,7s f57308] FRAME: 55,3 ms gc0+0 gc1+0 gc2+0
[  1144,8s f57310] InfluenceTick: 5,8 ms 
[  1144,8s f57311] FRAME: 55,9 ms gc0+0 gc1+0 gc2+0
[  1144,8s f57312] FRAME: 53,4 ms gc0+0 gc1+0 gc2+0
[  1144,9s f57312] InfluenceTick: 5,6 ms 
[  1144,9s f57313] FRAME: 63,2 ms gc0+0 gc1+0 gc2+0
[  1145,0s f57314] InfluenceTick: 6,4 ms 
[  1145,0s f57315] FRAME: 76,1 ms gc0+0 gc1+0 gc2+0
[  1145,1s f57316] InfluenceTick: 5,6 ms 
[  1145,1s f57317] FRAME: 54,5 ms gc0+0 gc1+0 gc2+0
[  1145,2s f57319] InfluenceTick: 5,4 ms 
[  1145,3s f57320] FRAME: 63,2 ms gc0+0 gc1+0 gc2+0
[  1145,3s f57321] InfluenceTick: 6,2 ms 
[  1145,4s f57322] FRAME: 59,4 ms gc0+0 gc1+0 gc2+0
[  1145,4s f57323] InfluenceTick: 6,0 ms 
[  1145,5s f57324] FRAME: 68,8 ms gc0+0 gc1+0 gc2+0
[  1145,5s f57325] InfluenceTick: 6,2 ms 
[  1145,6s f57326] FRAME: 53,5 ms gc0+0 gc1+0 gc2+0
[  1145,7s f57328] InfluenceTick: 6,4 ms 
[  1145,7s f57329] FRAME: 59,4 ms gc0+0 gc1+0 gc2+0
[  1145,8s f57331] InfluenceTick: 5,8 ms 
[  1145,8s f57332] FRAME: 55,7 ms gc0+0 gc1+0 gc2+0
[  1145,9s f57332] AIThink: 20,2 ms brains 1
[  1145,9s f57333] FRAME: 61,8 ms gc0+0 gc1+0 gc2+0
[  1145,9s f57333] InfluenceTick: 5,5 ms 
[  1146,0s f57334] FRAME: 71,0 ms gc0+1 gc1+1 gc2+1
[  1146,1s f57335] InfluenceTick: 6,2 ms 
[  1146,1s f57336] FRAME: 79,8 ms gc0+0 gc1+0 gc2+0
[  1146,2s f57337] InfluenceTick: 5,2 ms 
[  1146,3s f57340] InfluenceTick: 7,3 ms 
[  1146,3s f57341] FRAME: 58,0 ms gc0+0 gc1+0 gc2+0
[  1146,4s f57342] InfluenceTick: 5,5 ms 
[  1146,4s f57343] FRAME: 63,5 ms gc0+0 gc1+0 gc2+0
[  1146,5s f57344] FRAME: 54,8 ms gc0+0 gc1+0 gc2+0
[  1146,5s f57344] InfluenceTick: 5,6 ms 
[  1146,5s f57344] AIThink: 9,6 ms brains 1
[  1146,5s f57345] FRAME: 65,1 ms gc0+0 gc1+0 gc2+0
[  1146,6s f57345] HutIncome: 18,5 ms huts 72
[  1146,6s f57346] FRAME: 61,7 ms gc0+0 gc1+0 gc2+0
[  1146,6s f57346] InfluenceTick: 5,7 ms 
[  1146,7s f57347] FRAME: 58,4 ms gc0+0 gc1+0 gc2+0
[  1146,8s f57349] InfluenceTick: 5,4 ms 
[  1146,8s f57350] FRAME: 55,4 ms gc0+0 gc1+0 gc2+0
[  1146,9s f57352] FRAME: 51,0 ms gc0+0 gc1+0 gc2+0
[  1146,9s f57352] InfluenceTick: 5,9 ms 
[  1146,9s f57353] FRAME: 60,1 ms gc0+0 gc1+0 gc2+0
[  1147,0s f57354] FRAME: 54,7 ms gc0+0 gc1+0 gc2+0
[  1147,0s f57354] InfluenceTick: 6,1 ms 
[  1147,1s f57355] FRAME: 73,2 ms gc0+0 gc1+0 gc2+0
[  1147,1s f57356] InfluenceTick: 5,5 ms 
[  1147,2s f57357] FRAME: 54,0 ms gc0+0 gc1+0 gc2+0
[  1147,3s f57359] InfluenceTick: 5,8 ms 
[  1147,3s f57360] FRAME: 69,9 ms gc0+0 gc1+0 gc2+0
[  1147,4s f57361] InfluenceTick: 6,6 ms 
[  1147,4s f57362] FRAME: 62,7 ms gc0+0 gc1+0 gc2+0
[  1147,5s f57364] InfluenceTick: 5,1 ms 
[  1147,6s f57365] FRAME: 64,7 ms gc0+0 gc1+0 gc2+0
[  1147,7s f57367] InfluenceTick: 5,5 ms 
[  1147,7s f57368] FRAME: 54,6 ms gc0+0 gc1+0 gc2+0
[  1147,8s f57369] InfluenceTick: 5,5 ms 
[  1147,8s f57370] FRAME: 54,5 ms gc0+0 gc1+0 gc2+0
[  1147,9s f57372] InfluenceTick: 5,2 ms 
[  1147,9s f57373] FRAME: 53,7 ms gc0+0 gc1+0 gc2+0
[  1148,0s f57375] InfluenceTick: 5,2 ms 
[  1148,1s f57376] FRAME: 58,9 ms gc0+0 gc1+0 gc2+0
[  1148,2s f57377] InfluenceTick: 6,2 ms 
[  1148,2s f57378] FRAME: 77,7 ms gc0+0 gc1+0 gc2+0
[  1148,3s f57379] InfluenceTick: 5,6 ms 
[  1148,3s f57379] AIThink: 31,1 ms brains 2
[  1148,3s f57380] FRAME: 89,2 ms gc0+0 gc1+0 gc2+0
[  1148,4s f57381] InfluenceTick: 5,7 ms 
[  1148,4s f57382] FRAME: 52,0 ms gc0+0 gc1+0 gc2+0
[  1148,5s f57384] InfluenceTick: 5,8 ms 
[  1148,6s f57385] FRAME: 52,4 ms gc0+0 gc1+0 gc2+0
[  1148,6s f57385] HutIncome: 16,6 ms huts 72
[  1148,6s f57386] FRAME: 67,5 ms gc0+0 gc1+0 gc2+0
[  1148,7s f57386] InfluenceTick: 5,3 ms 
[  1148,7s f57387] FRAME: 52,6 ms gc0+0 gc1+0 gc2+0
[  1148,7s f57387] AIThink: 9,9 ms brains 1
[  1148,8s f57388] InfluenceTick: 6,4 ms 
[  1148,8s f57389] FRAME: 62,4 ms gc0+0 gc1+0 gc2+0
[  1148,9s f57391] InfluenceTick: 5,9 ms 
[  1148,9s f57392] FRAME: 53,3 ms gc0+0 gc1+0 gc2+0
[  1149,0s f57394] FRAME: 52,2 ms gc0+0 gc1+0 gc2+0
[  1149,0s f57394] InfluenceTick: 5,2 ms 
[  1149,1s f57395] FRAME: 78,1 ms gc0+0 gc1+0 gc2+0
[  1149,1s f57396] InfluenceTick: 6,2 ms 
[  1149,2s f57397] FRAME: 57,1 ms gc0+0 gc1+0 gc2+0
[  1149,3s f57399] InfluenceTick: 5,9 ms 
[  1149,3s f57400] FRAME: 58,1 ms gc0+0 gc1+0 gc2+0
[  1149,4s f57401] AIThink: 12,1 ms brains 1
[  1149,4s f57402] InfluenceTick: 5,5 ms 
[  1149,4s f57403] FRAME: 56,1 ms gc0+0 gc1+0 gc2+0
[  1149,5s f57404] InfluenceTick: 7,2 ms 
[  1149,6s f57405] FRAME: 66,7 ms gc0+0 gc1+0 gc2+0
[  1149,6s f57406] InfluenceTick: 5,3 ms 
[  1149,8s f57409] InfluenceTick: 6,4 ms 
[  1149,8s f57410] FRAME: 61,8 ms gc0+0 gc1+0 gc2+0
[  1149,9s f57412] InfluenceTick: 6,1 ms 
[  1149,9s f57413] FRAME: 70,3 ms gc0+0 gc1+0 gc2+0
[  1150,0s f57414] InfluenceTick: 5,4 ms 
[  1150,0s f57415] FRAME: 66,0 ms gc0+0 gc1+0 gc2+0
[  1150,1s f57416] InfluenceTick: 6,0 ms 
[  1150,1s f57417] FRAME: 60,4 ms gc0+0 gc1+0 gc2+0
[  1150,2s f57419] InfluenceTick: 6,2 ms 
[  1150,3s f57420] FRAME: 58,7 ms gc0+0 gc1+0 gc2+0
[  1150,3s f57421] InfluenceTick: 5,1 ms 
[  1150,4s f57422] FRAME: 52,5 ms gc0+0 gc1+0 gc2+0
[  1150,5s f57424] InfluenceTick: 5,3 ms 
[  1150,5s f57425] FRAME: 55,8 ms gc0+0 gc1+0 gc2+0
[  1150,5s f57425] AIThink: 13,0 ms brains 1
[  1150,6s f57426] FRAME: 55,5 ms gc0+1 gc1+1 gc2+1
[  1150,6s f57426] InfluenceTick: 5,6 ms 
[  1150,6s f57427] FRAME: 57,5 ms gc0+0 gc1+0 gc2+0
[  1150,6s f57427] HutIncome: 18,0 ms huts 72
[  1150,7s f57427] AIThink: 19,1 ms brains 1
[  1150,7s f57428] FRAME: 81,5 ms gc0+0 gc1+0 gc2+0
[  1150,7s f57428] InfluenceTick: 5,8 ms 
[  1150,8s f57429] FRAME: 67,0 ms gc0+0 gc1+0 gc2+0
[  1150,8s f57430] InfluenceTick: 5,7 ms 
[  1150,9s f57431] FRAME: 56,1 ms gc0+0 gc1+0 gc2+0
[  1150,9s f57431] AIThink: 11,6 ms brains 1
[  1150,9s f57432] FRAME: 53,6 ms gc0+0 gc1+0 gc2+0
[  1150,9s f57432] InfluenceTick: 6,1 ms 
[  1151,0s f57433] FRAME: 58,1 ms gc0+0 gc1+0 gc2+0
[  1151,1s f57435] FRAME: 61,9 ms gc0+0 gc1+0 gc2+0
[  1151,1s f57436] InfluenceTick: 5,8 ms 
[  1151,2s f57437] FRAME: 69,2 ms gc0+0 gc1+0 gc2+0
[  1151,2s f57438] InfluenceTick: 5,9 ms 
[  1151,3s f57439] FRAME: 51,3 ms gc0+0 gc1+0 gc2+0
[  1151,4s f57441] InfluenceTick: 5,6 ms 
[  1151,4s f57442] FRAME: 56,1 ms gc0+0 gc1+0 gc2+0
[  1151,5s f57444] InfluenceTick: 5,7 ms 
[  1151,5s f57445] FRAME: 55,4 ms gc0+0 gc1+0 gc2+0
[  1151,6s f57446] FRAME: 51,2 ms gc0+0 gc1+0 gc2+0
[  1151,6s f57446] InfluenceTick: 5,7 ms 
[  1151,6s f57447] FRAME: 59,8 ms gc0+0 gc1+0 gc2+0
[  1151,7s f57449] InfluenceTick: 5,4 ms 
[  1151,8s f57450] FRAME: 61,6 ms gc0+0 gc1+0 gc2+0
[  1151,8s f57451] InfluenceTick: 5,3 ms 
[  1151,9s f57452] FRAME: 55,0 ms gc0+0 gc1+0 gc2+0
[  1152,0s f57454] InfluenceTick: 5,7 ms 
[  1152,0s f57455] FRAME: 78,3 ms gc0+0 gc1+0 gc2+0
[  1152,1s f57456] InfluenceTick: 6,4 ms 
[  1152,1s f57457] FRAME: 64,1 ms gc0+0 gc1+0 gc2+0
[  1152,2s f57459] InfluenceTick: 5,7 ms 
[  1152,3s f57460] FRAME: 57,5 ms gc0+0 gc1+0 gc2+0
[  1152,3s f57461] InfluenceTick: 6,1 ms 
[  1152,4s f57462] FRAME: 58,2 ms gc0+0 gc1+0 gc2+0
[  1152,4s f57463] FRAME: 55,6 ms gc0+0 gc1+0 gc2+0
[  1152,4s f57463] InfluenceTick: 6,4 ms 
[  1152,5s f57464] FRAME: 63,3 ms gc0+0 gc1+0 gc2+0
[  1152,6s f57466] InfluenceTick: 5,5 ms 
[  1152,6s f57467] FRAME: 54,2 ms gc0+0 gc1+0 gc2+0
[  1152,7s f57468] HutIncome: 18,2 ms huts 72
[  1152,7s f57469] FRAME: 54,0 ms gc0+0 gc1+0 gc2+0
[  1152,7s f57469] InfluenceTick: 6,2 ms 
[  1152,7s f57470] FRAME: 56,8 ms gc0+0 gc1+0 gc2+0
[  1152,8s f57470] AIThink: 12,5 ms brains 1
[  1152,8s f57471] InfluenceTick: 5,3 ms 
[  1152,9s f57472] FRAME: 69,9 ms gc0+0 gc1+0 gc2+0
[  1152,9s f57473] InfluenceTick: 5,6 ms 
[  1153,0s f57474] FRAME: 64,1 ms gc0+0 gc1+0 gc2+0
[  1153,1s f57475] AIThink: 26,6 ms brains 2
[  1153,1s f57476] FRAME: 80,2 ms gc0+0 gc1+0 gc2+0
[  1153,2s f57477] InfluenceTick: 5,1 ms 
[  1153,2s f57478] FRAME: 51,4 ms gc0+0 gc1+0 gc2+0
[  1153,3s f57480] InfluenceTick: 5,1 ms 
[  1153,4s f57483] InfluenceTick: 5,6 ms 
[  1153,4s f57484] FRAME: 50,5 ms gc0+0 gc1+0 gc2+0
[  1153,5s f57486] InfluenceTick: 6,1 ms 
[  1153,6s f57487] FRAME: 56,4 ms gc0+0 gc1+0 gc2+0
[  1153,6s f57487] AIThink: 12,0 ms brains 1
[  1153,6s f57488] InfluenceTick: 6,0 ms 
[  1153,7s f57489] FRAME: 58,1 ms gc0+0 gc1+0 gc2+0
[  1153,7s f57490] FRAME: 66,3 ms gc0+0 gc1+0 gc2+0
[  1153,8s f57490] InfluenceTick: 6,0 ms 
[  1153,8s f57491] FRAME: 60,6 ms gc0+0 gc1+0 gc2+0
[  1153,9s f57492] InfluenceTick: 6,7 ms 
[  1153,9s f57493] FRAME: 64,6 ms gc0+1 gc1+1 gc2+1
[  1154,0s f57494] InfluenceTick: 6,0 ms 
[  1154,0s f57495] FRAME: 53,7 ms gc0+0 gc1+0 gc2+0
[  1154,0s f57496] FRAME: 52,1 ms gc0+0 gc1+0 gc2+0
[  1154,1s f57496] InfluenceTick: 5,5 ms 
[  1154,1s f57497] FRAME: 57,9 ms gc0+0 gc1+0 gc2+0
[  1154,1s f57498] FRAME: 50,3 ms gc0+0 gc1+0 gc2+0
[  1154,2s f57498] InfluenceTick: 6,0 ms 
[  1154,2s f57499] FRAME: 56,9 ms gc0+0 gc1+0 gc2+0
[  1154,3s f57501] InfluenceTick: 5,7 ms 
[  1154,3s f57502] FRAME: 52,8 ms gc0+0 gc1+0 gc2+0
[  1154,4s f57504] InfluenceTick: 6,1 ms 
[  1154,4s f57505] FRAME: 53,8 ms gc0+0 gc1+0 gc2+0
[  1154,6s f57507] InfluenceTick: 5,4 ms 
[  1154,6s f57508] FRAME: 69,3 ms gc0+0 gc1+0 gc2+0
[  1154,7s f57509] InfluenceTick: 5,5 ms 
[  1154,7s f57510] FRAME: 59,4 ms gc0+0 gc1+0 gc2+0
[  1154,7s f57510] HutIncome: 16,9 ms huts 72
[  1154,7s f57511] FRAME: 54,1 ms gc0+0 gc1+0 gc2+0
[  1154,8s f57511] InfluenceTick: 5,5 ms 
[  1154,8s f57512] FRAME: 56,4 ms gc0+0 gc1+0 gc2+0
[  1154,9s f57513] FRAME: 52,1 ms gc0+0 gc1+0 gc2+0
[  1154,9s f57513] InfluenceTick: 5,7 ms 
[  1154,9s f57514] FRAME: 66,8 ms gc0+0 gc1+0 gc2+0
[  1155,0s f57515] InfluenceTick: 5,6 ms 
[  1155,0s f57516] FRAME: 77,2 ms gc0+0 gc1+0 gc2+0
[  1155,1s f57516] AIThink: 12,4 ms brains 1
[  1155,1s f57517] FRAME: 61,8 ms gc0+0 gc1+0 gc2+0
[  1155,1s f57517] InfluenceTick: 5,6 ms 
[  1155,2s f57518] FRAME: 62,5 ms gc0+1 gc1+1 gc2+1
[  1155,2s f57518] AIThink: 9,5 ms brains 1
[  1155,2s f57519] InfluenceTick: 6,2 ms 
[  1155,3s f57520] FRAME: 60,2 ms gc0+0 gc1+0 gc2+0
[  1155,3s f57521] InfluenceTick: 5,5 ms 
[  1155,4s f57522] FRAME: 53,0 ms gc0+0 gc1+0 gc2+0
[  1155,4s f57523] FRAME: 51,3 ms gc0+0 gc1+0 gc2+0
[  1155,4s f57523] InfluenceTick: 6,4 ms 
[  1155,5s f57523] AIThink: 19,7 ms brains 1
[  1155,5s f57524] FRAME: 86,6 ms gc0+0 gc1+0 gc2+0
[  1155,6s f57525] InfluenceTick: 5,3 ms 
[  1155,6s f57526] FRAME: 64,3 ms gc0+0 gc1+0 gc2+0
[  1155,7s f57527] AIThink: 12,0 ms brains 1
[  1155,7s f57528] FRAME: 50,5 ms gc0+0 gc1+0 gc2+0
[  1155,7s f57528] InfluenceTick: 6,2 ms 
[  1155,7s f57529] FRAME: 59,2 ms gc0+0 gc1+0 gc2+0
[  1155,9s f57531] InfluenceTick: 5,8 ms 
[  1155,9s f57532] FRAME: 52,9 ms gc0+0 gc1+0 gc2+0
[  1156,0s f57534] InfluenceTick: 6,3 ms 
[  1156,0s f57535] FRAME: 83,2 ms gc0+0 gc1+0 gc2+0
[  1156,1s f57536] InfluenceTick: 6,1 ms 
[  1156,1s f57537] FRAME: 53,1 ms gc0+0 gc1+0 gc2+0
[  1156,2s f57539] InfluenceTick: 6,1 ms 
[  1156,3s f57540] FRAME: 65,9 ms gc0+0 gc1+0 gc2+0
[  1156,3s f57541] InfluenceTick: 5,3 ms 
[  1156,4s f57542] FRAME: 50,6 ms gc0+0 gc1+0 gc2+0
[  1156,5s f57544] InfluenceTick: 6,2 ms 
[  1156,5s f57545] FRAME: 55,0 ms gc0+0 gc1+0 gc2+0
[  1156,6s f57546] InfluenceTick: 6,1 ms 
[  1156,6s f57547] FRAME: 56,8 ms gc0+0 gc1+0 gc2+0
[  1156,7s f57549] InfluenceTick: 6,3 ms 
[  1156,7s f57550] FRAME: 58,1 ms gc0+0 gc1+0 gc2+0
[  1156,8s f57550] HutIncome: 17,8 ms huts 72
[  1156,8s f57551] FRAME: 54,5 ms gc0+0 gc1+0 gc2+0
[  1156,8s f57551] InfluenceTick: 7,1 ms 
[  1156,9s f57552] FRAME: 61,5 ms gc0+0 gc1+0 gc2+0
[  1157,0s f57554] InfluenceTick: 5,6 ms 
[  1157,0s f57555] FRAME: 58,0 ms gc0+0 gc1+0 gc2+0
[  1157,1s f57556] InfluenceTick: 5,1 ms 
[  1157,1s f57557] FRAME: 70,7 ms gc0+0 gc1+0 gc2+0
[  1157,2s f57558] InfluenceTick: 5,4 ms 
[  1157,2s f57559] FRAME: 54,4 ms gc0+0 gc1+0 gc2+0
[  1157,3s f57561] InfluenceTick: 5,3 ms 
[  1157,3s f57561] AIThink: 10,4 ms brains 1
[  1157,3s f57562] FRAME: 65,9 ms gc0+0 gc1+0 gc2+0
[  1157,4s f57562] AIThink: 11,5 ms brains 1
[  1157,4s f57563] FRAME: 51,5 ms gc0+0 gc1+0 gc2+0
[  1157,4s f57563] InfluenceTick: 6,1 ms 
[  1157,5s f57564] FRAME: 57,9 ms gc0+0 gc1+0 gc2+0
[  1157,5s f57565] FRAME: 58,9 ms gc0+0 gc1+0 gc2+0
[  1157,5s f57565] InfluenceTick: 6,0 ms 
[  1157,6s f57566] FRAME: 58,6 ms gc0+0 gc1+0 gc2+0
[  1157,6s f57567] InfluenceTick: 6,8 ms 
[  1157,7s f57568] FRAME: 63,1 ms gc0+0 gc1+0 gc2+0
[  1157,7s f57569] InfluenceTick: 5,8 ms 
[  1157,8s f57569] AIThink: 11,0 ms brains 1
[  1157,8s f57570] FRAME: 67,6 ms gc0+0 gc1+0 gc2+0
[  1157,8s f57570] AIThink: 20,8 ms brains 1
[  1157,8s f57571] FRAME: 60,0 ms gc0+0 gc1+0 gc2+0
[  1157,9s f57571] InfluenceTick: 6,1 ms 
[  1157,9s f57572] FRAME: 58,7 ms gc0+0 gc1+0 gc2+0
[  1158,0s f57573] FRAME: 52,2 ms gc0+0 gc1+0 gc2+0
[  1158,0s f57573] InfluenceTick: 6,1 ms 
[  1158,0s f57574] FRAME: 63,4 ms gc0+0 gc1+0 gc2+0
[  1158,1s f57575] InfluenceTick: 5,8 ms 
[  1158,1s f57576] FRAME: 56,1 ms gc0+0 gc1+0 gc2+0
[  1158,2s f57578] InfluenceTick: 6,1 ms 
[  1158,3s f57579] FRAME: 58,0 ms gc0+0 gc1+0 gc2+0
[  1158,4s f57581] InfluenceTick: 5,6 ms 
[  1158,4s f57582] FRAME: 66,5 ms gc0+0 gc1+0 gc2+0
[  1158,5s f57583] InfluenceTick: 6,0 ms 
[  1158,5s f57584] FRAME: 56,7 ms gc0+0 gc1+0 gc2+0
[  1158,6s f57585] InfluenceTick: 5,2 ms 
[  1158,6s f57586] FRAME: 66,3 ms gc0+0 gc1+0 gc2+0
[  1158,7s f57587] InfluenceTick: 5,4 ms 
[  1158,7s f57588] FRAME: 50,3 ms gc0+0 gc1+0 gc2+0
[  1158,8s f57589] HutIncome: 16,1 ms huts 72
[  1158,8s f57590] FRAME: 64,5 ms gc0+0 gc1+0 gc2+0
[  1158,8s f57590] InfluenceTick: 6,4 ms 
[  1158,9s f57591] FRAME: 72,3 ms gc0+0 gc1+0 gc2+0
[  1158,9s f57592] InfluenceTick: 6,3 ms 
[  1159,0s f57593] FRAME: 55,8 ms gc0+0 gc1+0 gc2+0
[  1159,1s f57595] InfluenceTick: 6,5 ms 
[  1159,1s f57596] FRAME: 63,6 ms gc0+0 gc1+0 gc2+0
[  1159,2s f57597] FRAME: 50,4 ms gc0+0 gc1+0 gc2+0
[  1159,2s f57597] InfluenceTick: 5,2 ms 
[  1159,2s f57598] FRAME: 70,3 ms gc0+0 gc1+0 gc2+0
[  1159,3s f57599] InfluenceTick: 5,8 ms 
[  1159,3s f57600] FRAME: 57,4 ms gc0+0 gc1+0 gc2+0
[  1159,4s f57602] InfluenceTick: 6,5 ms 
[  1159,5s f57603] FRAME: 63,0 ms gc0+0 gc1+0 gc2+0
[  1159,5s f57604] InfluenceTick: 6,2 ms 
[  1159,6s f57604] AIThink: 22,7 ms brains 2
[  1159,6s f57605] FRAME: 86,2 ms gc0+0 gc1+0 gc2+0
[  1159,7s f57606] FRAME: 55,9 ms gc0+0 gc1+0 gc2+0
[  1159,7s f57606] InfluenceTick: 6,5 ms 
[  1159,7s f57607] FRAME: 62,8 ms gc0+0 gc1+0 gc2+0
[  1159,8s f57609] InfluenceTick: 5,7 ms 
[  1159,8s f57610] FRAME: 52,1 ms gc0+0 gc1+0 gc2+0
[  1160,0s f57612] InfluenceTick: 6,1 ms 
[  1160,0s f57613] FRAME: 64,4 ms gc0+0 gc1+0 gc2+0
[  1160,0s f57614] FRAME: 52,8 ms gc0+0 gc1+0 gc2+0
[  1160,1s f57614] InfluenceTick: 6,0 ms 
[  1160,1s f57615] FRAME: 81,2 ms gc0+0 gc1+0 gc2+0
[  1160,2s f57616] InfluenceTick: 5,8 ms 
[  1160,2s f57616] AIThink: 19,5 ms brains 1
[  1160,3s f57617] FRAME: 84,7 ms gc0+0 gc1+0 gc2+0
[  1160,3s f57618] InfluenceTick: 6,2 ms 
[  1160,4s f57619] FRAME: 69,9 ms gc0+0 gc1+0 gc2+0
[  1160,4s f57620] InfluenceTick: 6,6 ms 
[  1160,5s f57621] FRAME: 61,9 ms gc0+0 gc1+0 gc2+0
[  1160,5s f57622] FRAME: 57,5 ms gc0+0 gc1+0 gc2+0
[  1160,6s f57622] InfluenceTick: 6,1 ms 
[  1160,6s f57623] FRAME: 57,8 ms gc0+0 gc1+0 gc2+0
[  1160,7s f57625] InfluenceTick: 6,1 ms 
[  1160,7s f57626] FRAME: 57,9 ms gc0+0 gc1+0 gc2+0
[  1160,8s f57627] HutIncome: 17,9 ms huts 72
[  1160,8s f57628] FRAME: 55,3 ms gc0+0 gc1+0 gc2+0
[  1160,9s f57628] InfluenceTick: 6,5 ms 
[  1160,9s f57629] FRAME: 67,7 ms gc0+0 gc1+0 gc2+0
[  1161,0s f57630] FRAME: 53,2 ms gc0+0 gc1+0 gc2+0
[  1161,0s f57630] InfluenceTick: 6,3 ms 
[  1161,0s f57631] FRAME: 64,1 ms gc0+0 gc1+0 gc2+0
[  1161,1s f57632] InfluenceTick: 6,2 ms 
[  1161,1s f57633] FRAME: 57,9 ms gc0+1 gc1+1 gc2+1
[  1161,2s f57635] InfluenceTick: 6,1 ms 
[  1161,3s f57636] FRAME: 57,6 ms gc0+0 gc1+0 gc2+0
[  1161,4s f57638] InfluenceTick: 6,0 ms 
[  1161,4s f57639] FRAME: 68,9 ms gc0+0 gc1+0 gc2+0
[  1161,5s f57640] InfluenceTick: 6,0 ms 
[  1161,5s f57641] FRAME: 57,2 ms gc0+0 gc1+0 gc2+0
[  1161,6s f57643] InfluenceTick: 6,5 ms 
[  1161,6s f57644] FRAME: 80,9 ms gc0+0 gc1+0 gc2+0
[  1161,7s f57645] InfluenceTick: 6,8 ms 
[  1161,7s f57645] AIThink: 10,4 ms brains 1
[  1161,8s f57646] FRAME: 90,6 ms gc0+0 gc1+0 gc2+0
[  1161,8s f57646] AIThink: 10,0 ms brains 1
[  1161,8s f57647] FRAME: 63,5 ms gc0+0 gc1+0 gc2+0
[  1161,9s f57647] InfluenceTick: 6,1 ms 
[  1161,9s f57648] FRAME: 59,6 ms gc0+0 gc1+0 gc2+0
[  1162,0s f57650] InfluenceTick: 5,9 ms 
[  1162,1s f57651] FRAME: 64,0 ms gc0+0 gc1+0 gc2+0
[  1162,1s f57653] InfluenceTick: 5,4 ms 
[  1162,3s f57656] FRAME: 59,4 ms gc0+0 gc1+0 gc2+0
[  1162,3s f57656] InfluenceTick: 5,8 ms 
[  1162,3s f57657] FRAME: 63,4 ms gc0+1 gc1+1 gc2+1
[  1162,4s f57658] InfluenceTick: 5,6 ms 
[  1162,4s f57659] FRAME: 54,8 ms gc0+0 gc1+0 gc2+0
[  1162,5s f57661] InfluenceTick: 5,8 ms 
[  1162,6s f57662] FRAME: 56,3 ms gc0+0 gc1+0 gc2+0
[  1162,6s f57662] AIThink: 19,9 ms brains 1
[  1162,6s f57663] FRAME: 55,1 ms gc0+0 gc1+0 gc2+0
[  1162,6s f57663] InfluenceTick: 6,0 ms 
[  1162,7s f57664] FRAME: 55,5 ms gc0+0 gc1+0 gc2+0
[  1162,7s f57665] FRAME: 50,6 ms gc0+0 gc1+0 gc2+0
[  1162,7s f57665] InfluenceTick: 6,3 ms 
[  1162,8s f57666] FRAME: 59,2 ms gc0+0 gc1+0 gc2+0
[  1162,8s f57667] HutIncome: 19,0 ms huts 72
[  1162,9s f57668] FRAME: 55,9 ms gc0+0 gc1+0 gc2+0
[  1162,9s f57668] InfluenceTick: 6,3 ms 
[  1162,9s f57669] FRAME: 56,9 ms gc0+0 gc1+0 gc2+0
[  1163,0s f57671] InfluenceTick: 6,0 ms 
[  1163,1s f57672] FRAME: 66,7 ms gc0+0 gc1+0 gc2+0
[  1163,1s f57673] FRAME: 58,4 ms gc0+0 gc1+0 gc2+0
[  1163,2s f57673] InfluenceTick: 6,7 ms 
[  1163,2s f57674] FRAME: 57,5 ms gc0+0 gc1+0 gc2+0
[  1163,3s f57676] InfluenceTick: 6,1 ms 
[  1163,3s f57677] FRAME: 54,1 ms gc0+0 gc1+0 gc2+0
[  1163,4s f57678] InfluenceTick: 6,3 ms 
[  1163,4s f57679] FRAME: 57,3 ms gc0+0 gc1+0 gc2+0
[  1163,5s f57680] InfluenceTick: 5,9 ms 
[  1163,5s f57681] FRAME: 57,0 ms gc0+1 gc1+1 gc2+1
[  1163,6s f57682] FRAME: 50,9 ms gc0+0 gc1+0 gc2+0
[  1163,6s f57682] InfluenceTick: 6,2 ms 
[  1163,6s f57683] FRAME: 55,7 ms gc0+0 gc1+0 gc2+0
[  1163,7s f57685] InfluenceTick: 6,4 ms 
[  1163,8s f57686] FRAME: 55,5 ms gc0+0 gc1+0 gc2+0
[  1163,8s f57688] InfluenceTick: 5,7 ms 
[  1163,9s f57689] FRAME: 54,8 ms gc0+0 gc1+0 gc2+0
[  1163,9s f57689] AIThink: 11,4 ms brains 1
[  1164,0s f57690] InfluenceTick: 7,2 ms 
[  1164,0s f57691] FRAME: 78,7 ms gc0+0 gc1+0 gc2+0
[  1164,0s f57691] AIThink: 12,7 ms brains 1
[  1164,1s f57692] FRAME: 58,0 ms gc0+0 gc1+0 gc2+0
[  1164,1s f57692] InfluenceTick: 5,2 ms 
[  1164,1s f57692] AIThink: 10,0 ms brains 1
[  1164,1s f57693] FRAME: 67,1 ms gc0+0 gc1+0 gc2+0
[  1164,2s f57694] InfluenceTick: 6,6 ms 
[  1164,2s f57695] FRAME: 58,8 ms gc0+0 gc1+0 gc2+0
[  1164,3s f57697] FRAME: 55,3 ms gc0+0 gc1+0 gc2+0
[  1164,4s f57697] InfluenceTick: 5,9 ms 
[  1164,4s f57698] FRAME: 73,4 ms gc0+0 gc1+0 gc2+0
[  1164,5s f57699] FRAME: 61,4 ms gc0+0 gc1+0 gc2+0
[  1164,5s f57699] InfluenceTick: 6,6 ms 
[  1164,5s f57700] FRAME: 66,5 ms gc0+0 gc1+0 gc2+0
[  1164,6s f57701] InfluenceTick: 6,0 ms 
[  1164,6s f57702] FRAME: 52,0 ms gc0+0 gc1+0 gc2+0
[  1164,7s f57704] InfluenceTick: 5,8 ms 
[  1164,7s f57705] FRAME: 56,2 ms gc0+0 gc1+0 gc2+0
[  1164,9s f57707] InfluenceTick: 5,6 ms 
[  1164,9s f57707] HutIncome: 16,5 ms huts 72
[  1164,9s f57708] FRAME: 90,7 ms gc0+1 gc1+1 gc2+1
[  1165,0s f57709] InfluenceTick: 5,3 ms 
[  1165,0s f57709] AIThink: 20,5 ms brains 1
[  1165,0s f57710] FRAME: 87,8 ms gc0+0 gc1+0 gc2+0
[  1165,1s f57711] InfluenceTick: 6,2 ms 
[  1165,1s f57712] FRAME: 59,6 ms gc0+0 gc1+0 gc2+0
[  1165,2s f57714] InfluenceTick: 6,1 ms 
[  1165,3s f57715] FRAME: 54,2 ms gc0+0 gc1+0 gc2+0
[  1165,3s f57716] FRAME: 51,9 ms gc0+0 gc1+0 gc2+0
[  1165,3s f57716] InfluenceTick: 6,0 ms 
[  1165,4s f57717] FRAME: 64,3 ms gc0+0 gc1+0 gc2+0
[  1165,5s f57718] InfluenceTick: 6,5 ms 
[  1165,5s f57719] FRAME: 58,0 ms gc0+0 gc1+0 gc2+0
[  1165,6s f57721] InfluenceTick: 5,9 ms 
[  1165,6s f57722] FRAME: 58,3 ms gc0+0 gc1+0 gc2+0
[  1165,7s f57724] InfluenceTick: 6,7 ms 
[  1165,8s f57725] FRAME: 78,2 ms gc0+0 gc1+0 gc2+0
[  1165,8s f57726] InfluenceTick: 5,6 ms 
[  1165,9s f57727] FRAME: 55,9 ms gc0+0 gc1+0 gc2+0
[  1165,9s f57728] InfluenceTick: 6,0 ms 
[  1166,0s f57729] FRAME: 52,7 ms gc0+0 gc1+0 gc2+0
[  1166,0s f57730] InfluenceTick: 5,6 ms 
[  1166,1s f57731] FRAME: 61,9 ms gc0+0 gc1+0 gc2+0
[  1166,1s f57731] AIThink: 10,5 ms brains 1
[  1166,2s f57732] InfluenceTick: 6,1 ms 
[  1166,2s f57733] FRAME: 80,4 ms gc0+0 gc1+0 gc2+0
[  1166,2s f57733] AIThink: 11,9 ms brains 1
[  1166,3s f57734] FRAME: 56,5 ms gc0+1 gc1+1 gc2+1
[  1166,3s f57734] InfluenceTick: 5,8 ms 
[  1166,3s f57735] FRAME: 60,7 ms gc0+0 gc1+0 gc2+0
[  1166,4s f57737] InfluenceTick: 5,4 ms 
[  1166,4s f57738] FRAME: 58,8 ms gc0+0 gc1+0 gc2+0
[  1166,6s f57740] InfluenceTick: 5,7 ms 
[  1166,6s f57741] FRAME: 68,9 ms gc0+0 gc1+0 gc2+0
[  1166,6s f57742] InfluenceTick: 5,8 ms 
[  1166,8s f57745] InfluenceTick: 5,7 ms 
[  1166,9s f57748] InfluenceTick: 5,1 ms 
[  1166,9s f57748] HutIncome: 15,5 ms huts 72
[  1166,9s f57749] FRAME: 66,0 ms gc0+0 gc1+0 gc2+0
[  1167,0s f57750] InfluenceTick: 6,0 ms 
[  1167,0s f57751] FRAME: 82,9 ms gc0+0 gc1+0 gc2+0
[  1167,1s f57752] InfluenceTick: 6,4 ms 
[  1167,1s f57753] FRAME: 59,2 ms gc0+0 gc1+0 gc2+0
[  1167,2s f57754] InfluenceTick: 6,0 ms 
[  1167,2s f57755] FRAME: 51,7 ms gc0+0 gc1+0 gc2+0
[  1167,3s f57757] InfluenceTick: 5,7 ms 
[  1167,4s f57758] AIThink: 23,5 ms brains 1
[  1167,4s f57759] FRAME: 63,0 ms gc0+0 gc1+0 gc2+0
[  1167,5s f57759] InfluenceTick: 5,6 ms 
[  1167,5s f57760] FRAME: 75,8 ms gc0+0 gc1+0 gc2+0
[  1167,5s f57761] InfluenceTick: 5,3 ms 
[  1167,6s f57762] FRAME: 54,6 ms gc0+0 gc1+0 gc2+0
[  1167,7s f57764] InfluenceTick: 6,0 ms 
[  1167,7s f57765] FRAME: 51,8 ms gc0+0 gc1+0 gc2+0
[  1167,8s f57767] InfluenceTick: 5,4 ms 
[  1167,8s f57768] FRAME: 51,4 ms gc0+0 gc1+0 gc2+0
[  1167,9s f57769] FRAME: 53,2 ms gc0+0 gc1+0 gc2+0
[  1167,9s f57769] InfluenceTick: 5,8 ms 
[  1167,9s f57770] FRAME: 54,4 ms gc0+0 gc1+0 gc2+0
[  1168,0s f57772] InfluenceTick: 6,0 ms 
[  1168,1s f57773] FRAME: 66,1 ms gc0+0 gc1+0 gc2+0
[  1168,1s f57774] InfluenceTick: 5,9 ms 
[  1168,2s f57775] FRAME: 54,2 ms gc0+0 gc1+0 gc2+0
[  1168,3s f57777] InfluenceTick: 5,3 ms 
[  1168,3s f57777] AIThink: 9,0 ms brains 1
[  1168,3s f57778] FRAME: 74,8 ms gc0+0 gc1+0 gc2+0
[  1168,5s f57782] InfluenceTick: 5,1 ms 
[  1168,5s f57783] FRAME: 59,7 ms gc0+1 gc1+1 gc2+1
[  1168,5s f57783] AIThink: 11,6 ms brains 1
[  1168,6s f57784] FRAME: 51,6 ms gc0+0 gc1+0 gc2+0
[  1168,6s f57784] InfluenceTick: 5,8 ms 
[  1168,6s f57785] FRAME: 52,6 ms gc0+0 gc1+0 gc2+0
[  1168,7s f57787] InfluenceTick: 5,7 ms 
[  1168,8s f57788] FRAME: 54,2 ms gc0+0 gc1+0 gc2+0
[  1168,8s f57790] InfluenceTick: 6,0 ms 
[  1168,9s f57791] FRAME: 52,0 ms gc0+0 gc1+0 gc2+0
[  1168,9s f57791] HutIncome: 19,9 ms huts 72
[  1168,9s f57792] FRAME: 60,7 ms gc0+0 gc1+0 gc2+0
[  1169,0s f57792] InfluenceTick: 5,8 ms 
[  1169,0s f57793] FRAME: 58,3 ms gc0+0 gc1+0 gc2+0
[  1169,0s f57794] FRAME: 50,4 ms gc0+0 gc1+0 gc2+0
[  1169,1s f57794] InfluenceTick: 5,6 ms 
[  1169,1s f57795] FRAME: 62,4 ms gc0+0 gc1+0 gc2+0
[  1169,2s f57796] FRAME: 63,0 ms gc0+0 gc1+0 gc2+0
[  1169,2s f57796] InfluenceTick: 7,4 ms 
[  1169,2s f57797] FRAME: 65,6 ms gc0+0 gc1+0 gc2+0
[  1169,3s f57798] InfluenceTick: 6,0 ms 
[  1169,3s f57799] FRAME: 51,7 ms gc0+0 gc1+0 gc2+0
[  1169,5s f57804] InfluenceTick: 5,9 ms 
[  1169,5s f57805] FRAME: 56,4 ms gc0+0 gc1+0 gc2+0
[  1169,6s f57806] InfluenceTick: 6,0 ms 
[  1169,6s f57807] FRAME: 53,7 ms gc0+0 gc1+0 gc2+0
[  1169,7s f57809] InfluenceTick: 5,7 ms 
[  1169,8s f57810] FRAME: 55,3 ms gc0+0 gc1+0 gc2+0
[  1169,8s f57810] AIThink: 19,3 ms brains 1
[  1169,8s f57811] FRAME: 63,4 ms gc0+1 gc1+1 gc2+1
[  1169,9s f57811] InfluenceTick: 5,7 ms 
[  1169,9s f57812] FRAME: 53,2 ms gc0+0 gc1+0 gc2+0
[  1170,0s f57814] FRAME: 53,7 ms gc0+0 gc1+0 gc2+0
[  1170,0s f57814] InfluenceTick: 5,4 ms 
[  1170,1s f57815] FRAME: 87,5 ms gc0+0 gc1+0 gc2+0
[  1170,1s f57816] InfluenceTick: 6,8 ms 
[  1170,2s f57817] FRAME: 60,0 ms gc0+0 gc1+0 gc2+0
[  1170,3s f57819] InfluenceTick: 5,9 ms 
[  1170,3s f57820] FRAME: 56,3 ms gc0+0 gc1+0 gc2+0
[  1170,4s f57822] InfluenceTick: 5,9 ms 
[  1170,4s f57823] FRAME: 52,6 ms gc0+0 gc1+0 gc2+0
[  1170,4s f57823] AIThink: 10,6 ms brains 2
[  1170,5s f57824] FRAME: 64,9 ms gc0+0 gc1+0 gc2+0
[  1170,5s f57824] InfluenceTick: 6,3 ms 
[  1170,5s f57825] FRAME: 55,8 ms gc0+0 gc1+0 gc2+0
[  1170,6s f57827] InfluenceTick: 6,1 ms 
[  1170,7s f57828] FRAME: 53,7 ms gc0+0 gc1+0 gc2+0
[  1170,7s f57830] InfluenceTick: 5,1 ms 
[  1170,8s f57831] AIThink: 13,3 ms brains 1
[  1170,8s f57832] FRAME: 52,1 ms gc0+0 gc1+0 gc2+0
[  1170,9s f57833] FRAME: 52,1 ms gc0+0 gc1+0 gc2+0
[  1170,9s f57833] InfluenceTick: 6,3 ms 
[  1170,9s f57833] HutIncome: 17,1 ms huts 72
[  1171,0s f57834] FRAME: 77,6 ms gc0+0 gc1+0 gc2+0
[  1171,0s f57835] FRAME: 52,2 ms gc0+1 gc1+1 gc2+1
[  1171,0s f57835] InfluenceTick: 5,5 ms 
[  1171,1s f57836] FRAME: 57,8 ms gc0+0 gc1+0 gc2+0
[  1171,2s f57838] InfluenceTick: 5,8 ms 
[  1171,2s f57839] FRAME: 52,4 ms gc0+0 gc1+0 gc2+0
[  1171,3s f57841] FRAME: 51,5 ms gc0+0 gc1+0 gc2+0
[  1171,3s f57841] InfluenceTick: 6,4 ms 
[  1171,3s f57842] FRAME: 56,3 ms gc0+0 gc1+0 gc2+0
[  1171,4s f57844] InfluenceTick: 6,6 ms 
[  1171,5s f57845] FRAME: 55,1 ms gc0+0 gc1+0 gc2+0
[  1171,6s f57847] InfluenceTick: 7,9 ms 
[  1171,6s f57848] FRAME: 57,1 ms gc0+0 gc1+0 gc2+0
[  1171,7s f57850] InfluenceTick: 5,7 ms 
[  1171,7s f57851] FRAME: 68,9 ms gc0+0 gc1+0 gc2+0
[  1171,8s f57852] InfluenceTick: 6,1 ms 
[  1171,8s f57853] FRAME: 58,4 ms gc0+0 gc1+0 gc2+0
[  1171,9s f57855] InfluenceTick: 6,1 ms 
[  1172,0s f57856] FRAME: 57,9 ms gc0+0 gc1+0 gc2+0
[  1172,0s f57857] InfluenceTick: 5,8 ms 
[  1172,1s f57858] FRAME: 62,8 ms gc0+0 gc1+0 gc2+0
[  1172,2s f57860] InfluenceTick: 5,9 ms 
[  1172,2s f57860] AIThink: 23,1 ms brains 1
[  1172,2s f57861] FRAME: 85,2 ms gc0+0 gc1+0 gc2+0
[  1172,3s f57862] InfluenceTick: 5,8 ms 
[  1172,3s f57863] FRAME: 61,3 ms gc0+0 gc1+0 gc2+0
[  1172,4s f57865] InfluenceTick: 5,8 ms 
[  1172,5s f57866] FRAME: 54,1 ms gc0+0 gc1+0 gc2+0
[  1172,5s f57867] AIThink: 12,3 ms brains 1
[  1172,5s f57868] FRAME: 50,9 ms gc0+0 gc1+0 gc2+0
[  1172,6s f57868] InfluenceTick: 5,4 ms 
[  1172,6s f57869] FRAME: 65,0 ms gc0+0 gc1+0 gc2+0
[  1172,6s f57869] AIThink: 10,2 ms brains 1
[  1172,7s f57870] InfluenceTick: 7,4 ms 
[  1172,7s f57871] FRAME: 66,9 ms gc0+0 gc1+0 gc2+0
[  1172,8s f57872] InfluenceTick: 6,5 ms 
[  1172,8s f57873] FRAME: 59,3 ms gc0+0 gc1+0 gc2+0
[  1172,9s f57875] InfluenceTick: 6,3 ms 
[  1172,9s f57875] HutIncome: 17,9 ms huts 72
[  1173,0s f57876] FRAME: 72,2 ms gc0+0 gc1+0 gc2+0
[  1173,0s f57877] FRAME: 62,6 ms gc0+0 gc1+0 gc2+0
[  1173,1s f57877] InfluenceTick: 6,2 ms 
[  1173,1s f57877] AIThink: 11,4 ms brains 1
[  1173,1s f57878] FRAME: 76,0 ms gc0+0 gc1+0 gc2+0
[  1173,2s f57879] InfluenceTick: 5,6 ms 
[  1173,2s f57880] FRAME: 54,4 ms gc0+0 gc1+0 gc2+0
[  1173,3s f57881] InfluenceTick: 6,2 ms 
[  1173,3s f57882] FRAME: 57,0 ms gc0+0 gc1+0 gc2+0
[  1173,4s f57884] InfluenceTick: 5,7 ms 
[  1173,4s f57885] FRAME: 66,2 ms gc0+0 gc1+0 gc2+0
[  1173,5s f57886] InfluenceTick: 5,6 ms 
[  1173,5s f57887] FRAME: 52,5 ms gc0+0 gc1+0 gc2+0
[  1173,6s f57889] InfluenceTick: 6,0 ms 
[  1173,7s f57890] FRAME: 62,6 ms gc0+0 gc1+0 gc2+0
[  1173,7s f57891] InfluenceTick: 5,9 ms 
[  1173,8s f57892] FRAME: 62,0 ms gc0+0 gc1+0 gc2+0
[  1173,8s f57893] FRAME: 52,7 ms gc0+0 gc1+0 gc2+0
[  1173,9s f57893] InfluenceTick: 6,0 ms 
[  1173,9s f57894] FRAME: 53,1 ms gc0+0 gc1+0 gc2+0
[  1174,0s f57896] InfluenceTick: 5,6 ms 
[  1174,0s f57897] FRAME: 64,7 ms gc0+0 gc1+0 gc2+0
[  1174,1s f57898] InfluenceTick: 6,0 ms 
[  1174,1s f57899] FRAME: 56,6 ms gc0+0 gc1+0 gc2+0
[  1174,2s f57901] InfluenceTick: 5,8 ms 
[  1174,3s f57902] FRAME: 72,5 ms gc0+0 gc1+0 gc2+0
[  1174,3s f57903] InfluenceTick: 6,2 ms 
[  1174,4s f57904] FRAME: 56,2 ms gc0+0 gc1+0 gc2+0
[  1174,5s f57906] InfluenceTick: 6,4 ms 
[  1174,5s f57907] FRAME: 58,5 ms gc0+0 gc1+0 gc2+0
[  1174,6s f57908] AIThink: 26,1 ms brains 1
[  1174,6s f57909] FRAME: 68,3 ms gc0+0 gc1+0 gc2+0
[  1174,6s f57909] InfluenceTick: 6,5 ms 
[  1174,6s f57909] AIThink: 11,8 ms brains 1
[  1174,7s f57910] FRAME: 97,1 ms gc0+1 gc1+1 gc2+1
[  1174,8s f57911] FRAME: 66,2 ms gc0+0 gc1+0 gc2+0
[  1174,8s f57911] InfluenceTick: 6,3 ms 
[  1174,8s f57912] FRAME: 58,5 ms gc0+0 gc1+0 gc2+0
[  1174,8s f57912] AIThink: 10,7 ms brains 1
[  1174,9s f57913] FRAME: 65,6 ms gc0+0 gc1+0 gc2+0
[  1174,9s f57913] InfluenceTick: 6,3 ms 
[  1174,9s f57914] FRAME: 67,9 ms gc0+0 gc1+0 gc2+0
[  1175,0s f57914] HutIncome: 17,2 ms huts 72
[  1175,0s f57915] FRAME: 62,3 ms gc0+0 gc1+0 gc2+0
[  1175,0s f57915] InfluenceTick: 5,6 ms 
[  1175,1s f57916] FRAME: 64,5 ms gc0+0 gc1+0 gc2+0
[  1175,1s f57917] FRAME: 54,4 ms gc0+0 gc1+0 gc2+0
[  1175,2s f57917] InfluenceTick: 5,4 ms 
[  1175,2s f57918] FRAME: 71,5 ms gc0+0 gc1+0 gc2+0
[  1175,3s f57919] InfluenceTick: 5,9 ms 
[  1175,3s f57920] FRAME: 55,9 ms gc0+0 gc1+0 gc2+0
[  1175,3s f57920] AIThink: 13,5 ms brains 1
[  1175,4s f57921] FRAME: 58,2 ms gc0+0 gc1+0 gc2+0
[  1175,4s f57921] InfluenceTick: 5,8 ms 
[  1175,4s f57922] FRAME: 61,5 ms gc0+0 gc1+0 gc2+0
[  1175,5s f57924] InfluenceTick: 5,6 ms 
[  1175,5s f57925] FRAME: 51,0 ms gc0+0 gc1+0 gc2+0
[  1175,6s f57926] FRAME: 63,7 ms gc0+0 gc1+0 gc2+0
[  1175,6s f57926] InfluenceTick: 5,9 ms 
[  1175,7s f57927] FRAME: 63,5 ms gc0+0 gc1+0 gc2+0
[  1175,7s f57928] InfluenceTick: 5,6 ms 
[  1175,8s f57929] FRAME: 54,9 ms gc0+1 gc1+1 gc2+1
[  1175,9s f57931] InfluenceTick: 6,3 ms 
[  1175,9s f57932] FRAME: 60,1 ms gc0+0 gc1+0 gc2+0
[  1176,0s f57933] InfluenceTick: 6,4 ms 
[  1176,0s f57934] FRAME: 58,6 ms gc0+0 gc1+0 gc2+0
[  1176,1s f57935] FRAME: 64,4 ms gc0+0 gc1+0 gc2+0
[  1176,1s f57935] InfluenceTick: 5,7 ms 
[  1176,1s f57936] FRAME: 65,6 ms gc0+0 gc1+0 gc2+0
[  1176,2s f57937] InfluenceTick: 5,3 ms 
[  1176,2s f57938] FRAME: 59,3 ms gc0+0 gc1+0 gc2+0
[  1176,3s f57939] InfluenceTick: 5,1 ms 
[  1176,3s f57940] FRAME: 50,8 ms gc0+0 gc1+0 gc2+0
[  1176,4s f57942] InfluenceTick: 6,0 ms 
[  1176,4s f57943] FRAME: 53,6 ms gc0+0 gc1+0 gc2+0
[  1176,5s f57944] FRAME: 52,1 ms gc0+0 gc1+0 gc2+0
[  1176,5s f57944] InfluenceTick: 6,1 ms 
[  1176,6s f57945] FRAME: 56,1 ms gc0+0 gc1+0 gc2+0
[  1176,6s f57947] InfluenceTick: 5,4 ms 
[  1176,8s f57950] InfluenceTick: 6,0 ms 
[  1176,8s f57951] FRAME: 54,1 ms gc0+0 gc1+0 gc2+0
[  1176,9s f57953] InfluenceTick: 5,8 ms 
[  1176,9s f57954] FRAME: 70,5 ms gc0+0 gc1+0 gc2+0
[  1177,0s f57954] AIThink: 21,6 ms brains 1
[  1177,0s f57955] FRAME: 61,4 ms gc0+0 gc1+0 gc2+0
[  1177,0s f57955] InfluenceTick: 6,2 ms 
[  1177,0s f57955] HutIncome: 17,6 ms huts 72
[  1177,1s f57955] AIThink: 9,5 ms brains 1
[  1177,1s f57956] FRAME: 106,1 ms gc0+1 gc1+1 gc2+1
[  1177,1s f57956] InfluenceTick: 6,0 ms 
[  1177,2s f57957] FRAME: 66,7 ms gc0+0 gc1+0 gc2+0
[  1177,2s f57958] InfluenceTick: 5,5 ms 
[  1177,3s f57959] FRAME: 52,0 ms gc0+0 gc1+0 gc2+0
[  1177,3s f57961] FRAME: 50,6 ms gc0+0 gc1+0 gc2+0
[  1177,4s f57961] InfluenceTick: 6,3 ms 
[  1177,4s f57962] FRAME: 56,2 ms gc0+0 gc1+0 gc2+0
[  1177,5s f57964] InfluenceTick: 6,0 ms 
[  1177,5s f57965] FRAME: 56,8 ms gc0+0 gc1+0 gc2+0
[  1177,6s f57965] AIThink: 12,3 ms brains 1
[  1177,6s f57966] FRAME: 56,8 ms gc0+0 gc1+0 gc2+0
[  1177,6s f57966] InfluenceTick: 6,4 ms 
[  1177,7s f57967] FRAME: 60,6 ms gc0+0 gc1+0 gc2+0
[  1177,8s f57969] InfluenceTick: 6,5 ms 
[  1177,8s f57970] FRAME: 70,6 ms gc0+0 gc1+0 gc2+0
[  1177,9s f57971] InfluenceTick: 6,2 ms 
[  1177,9s f57972] FRAME: 55,5 ms gc0+0 gc1+0 gc2+0
[  1178,0s f57974] InfluenceTick: 6,1 ms 
[  1178,0s f57975] FRAME: 66,4 ms gc0+0 gc1+0 gc2+0
[  1178,1s f57976] InfluenceTick: 6,8 ms 
[  1178,1s f57977] FRAME: 68,4 ms gc0+0 gc1+0 gc2+0
[  1178,2s f57978] FRAME: 53,4 ms gc0+0 gc1+0 gc2+0
[  1178,2s f57978] InfluenceTick: 6,2 ms 
[  1178,2s f57979] FRAME: 55,4 ms gc0+0 gc1+0 gc2+0
[  1178,3s f57981] InfluenceTick: 5,9 ms 
[  1178,4s f57982] FRAME: 60,3 ms gc0+0 gc1+0 gc2+0
[  1178,5s f57984] InfluenceTick: 5,8 ms 
[  1178,5s f57985] FRAME: 53,2 ms gc0+0 gc1+0 gc2+0
[  1178,6s f57987] InfluenceTick: 5,6 ms 
[  1178,6s f57988] FRAME: 66,1 ms gc0+0 gc1+0 gc2+0
[  1178,7s f57989] InfluenceTick: 5,1 ms 
[  1178,8s f57992] InfluenceTick: 6,0 ms 
[  1178,8s f57993] FRAME: 53,0 ms gc0+0 gc1+0 gc2+0
[  1178,9s f57995] InfluenceTick: 5,2 ms 
[  1179,0s f57997] HutIncome: 16,5 ms huts 72
[  1179,1s f57998] FRAME: 68,8 ms gc0+0 gc1+0 gc2+0
[  1179,1s f57998] InfluenceTick: 6,3 ms 
[  1179,1s f57999] FRAME: 54,7 ms gc0+0 gc1+0 gc2+0
[  1179,2s f58000] AIThink: 12,2 ms brains 1
[  1179,2s f58001] FRAME: 58,6 ms gc0+0 gc1+0 gc2+0
[  1179,3s f58001] InfluenceTick: 6,2 ms 
[  1179,3s f58002] FRAME: 59,2 ms gc0+1 gc1+1 gc2+1
[  1179,4s f58003] AIThink: 21,6 ms brains 1
[  1179,4s f58004] FRAME: 58,9 ms gc0+0 gc1+0 gc2+0
[  1179,4s f58004] InfluenceTick: 5,9 ms 
[  1179,4s f58005] FRAME: 53,6 ms gc0+0 gc1+0 gc2+0
[  1179,5s f58006] FRAME: 52,2 ms gc0+0 gc1+0 gc2+0
[  1179,5s f58006] InfluenceTick: 6,5 ms 
[  1179,6s f58007] FRAME: 60,5 ms gc0+0 gc1+0 gc2+0
[  1179,6s f58009] InfluenceTick: 6,1 ms 
[  1179,7s f58010] FRAME: 57,4 ms gc0+0 gc1+0 gc2+0
[  1179,7s f58011] InfluenceTick: 5,9 ms 
[  1179,8s f58012] FRAME: 53,7 ms gc0+0 gc1+0 gc2+0
[  1179,8s f58012] AIThink: 13,9 ms brains 1
[  1179,8s f58013] FRAME: 52,8 ms gc0+0 gc1+0 gc2+0
[  1179,9s f58013] InfluenceTick: 6,7 ms 
[  1179,9s f58014] FRAME: 67,1 ms gc0+0 gc1+0 gc2+0
[  1179,9s f58015] FRAME: 53,0 ms gc0+0 gc1+0 gc2+0
[  1180,0s f58015] InfluenceTick: 6,5 ms 
[  1180,0s f58016] FRAME: 73,9 ms gc0+0 gc1+0 gc2+0
[  1180,1s f58017] InfluenceTick: 6,0 ms 
[  1180,1s f58018] FRAME: 60,6 ms gc0+0 gc1+0 gc2+0
[  1180,2s f58019] FRAME: 51,7 ms gc0+0 gc1+0 gc2+0
[  1180,2s f58019] InfluenceTick: 5,6 ms 
[  1180,2s f58020] FRAME: 66,5 ms gc0+0 gc1+0 gc2+0
[  1180,3s f58021] InfluenceTick: 5,9 ms 
[  1180,3s f58022] FRAME: 53,9 ms gc0+0 gc1+0 gc2+0
[  1180,4s f58023] FRAME: 50,8 ms gc0+0 gc1+0 gc2+0
[  1180,4s f58023] InfluenceTick: 6,2 ms 
[  1180,4s f58024] FRAME: 56,1 ms gc0+0 gc1+0 gc2+0
[  1180,5s f58026] InfluenceTick: 6,1 ms 
[  1180,6s f58027] FRAME: 61,3 ms gc0+1 gc1+1 gc2+1
[  1180,6s f58028] InfluenceTick: 6,2 ms 
[  1180,7s f58029] FRAME: 59,1 ms gc0+0 gc1+0 gc2+0
[  1180,7s f58030] InfluenceTick: 6,2 ms 
[  1180,8s f58031] FRAME: 55,6 ms gc0+0 gc1+0 gc2+0
[  1180,8s f58032] FRAME: 65,8 ms gc0+0 gc1+0 gc2+0
[  1180,9s f58032] InfluenceTick: 6,2 ms 
[  1180,9s f58032] AIThink: 12,7 ms brains 1
[  1180,9s f58033] FRAME: 78,6 ms gc0+0 gc1+0 gc2+0
[  1181,0s f58034] InfluenceTick: 5,9 ms 
[  1181,0s f58035] FRAME: 62,7 ms gc0+0 gc1+0 gc2+0
[  1181,0s f58035] HutIncome: 17,5 ms huts 72
[  1181,1s f58036] FRAME: 59,2 ms gc0+0 gc1+0 gc2+0
[  1181,1s f58036] InfluenceTick: 6,3 ms 
[  1181,1s f58037] FRAME: 61,2 ms gc0+0 gc1+0 gc2+0
[  1181,3s f58039] InfluenceTick: 6,5 ms 
[  1181,3s f58040] FRAME: 81,1 ms gc0+0 gc1+0 gc2+0
[  1181,4s f58041] InfluenceTick: 6,3 ms 
[  1181,4s f58041] AIThink: 10,4 ms brains 1
[  1181,4s f58042] FRAME: 70,1 ms gc0+0 gc1+0 gc2+0
[  1181,5s f58043] InfluenceTick: 7,0 ms 
[  1181,5s f58044] FRAME: 62,7 ms gc0+0 gc1+0 gc2+0
[  1181,6s f58046] InfluenceTick: 5,4 ms 
[  1181,6s f58047] FRAME: 51,1 ms gc0+0 gc1+0 gc2+0
[  1181,7s f58048] FRAME: 53,4 ms gc0+0 gc1+0 gc2+0
[  1181,7s f58048] InfluenceTick: 6,1 ms 
[  1181,7s f58049] FRAME: 55,0 ms gc0+0 gc1+0 gc2+0
[  1181,8s f58049] AIThink: 30,6 ms brains 1
[  1181,8s f58050] FRAME: 81,2 ms gc0+0 gc1+0 gc2+0
[  1181,9s f58050] InfluenceTick: 6,1 ms 
[  1181,9s f58051] FRAME: 62,8 ms gc0+0 gc1+0 gc2+0
[  1182,0s f58052] InfluenceTick: 5,8 ms 
[  1182,0s f58053] FRAME: 56,5 ms gc0+0 gc1+0 gc2+0
[  1182,1s f58054] InfluenceTick: 5,5 ms 
[  1182,1s f58055] FRAME: 72,1 ms gc0+0 gc1+0 gc2+0
[  1182,2s f58056] InfluenceTick: 6,0 ms 
[  1182,2s f58057] FRAME: 58,7 ms gc0+0 gc1+0 gc2+0
[  1182,3s f58058] InfluenceTick: 6,1 ms 
[  1182,3s f58059] FRAME: 63,1 ms gc0+0 gc1+0 gc2+0
[  1182,4s f58060] InfluenceTick: 6,3 ms 
[  1182,4s f58061] FRAME: 59,3 ms gc0+0 gc1+0 gc2+0
[  1182,5s f58063] FRAME: 50,1 ms gc0+0 gc1+0 gc2+0
[  1182,5s f58063] InfluenceTick: 5,4 ms 
[  1182,6s f58064] FRAME: 53,8 ms gc0+0 gc1+0 gc2+0
[  1182,7s f58066] InfluenceTick: 5,7 ms 
[  1182,7s f58067] FRAME: 52,1 ms gc0+0 gc1+0 gc2+0
[  1182,8s f58069] InfluenceTick: 6,0 ms 
[  1182,8s f58070] FRAME: 63,7 ms gc0+0 gc1+0 gc2+0
[  1182,9s f58071] InfluenceTick: 7,3 ms 
[  1183,0s f58072] FRAME: 88,3 ms gc0+0 gc1+0 gc2+0
[  1183,0s f58072] AIThink: 12,8 ms brains 1
[  1183,0s f58073] FRAME: 65,3 ms gc0+0 gc1+0 gc2+0
[  1183,0s f58073] InfluenceTick: 6,2 ms 
[  1183,1s f58074] FRAME: 67,5 ms gc0+0 gc1+0 gc2+0
[  1183,1s f58074] HutIncome: 17,7 ms huts 72
[  1183,2s f58075] FRAME: 64,1 ms gc0+0 gc1+0 gc2+0
[  1183,2s f58075] InfluenceTick: 6,2 ms 
[  1183,2s f58076] FRAME: 55,2 ms gc0+0 gc1+0 gc2+0
[  1183,3s f58078] InfluenceTick: 5,5 ms 
[  1183,4s f58079] FRAME: 66,6 ms gc0+0 gc1+0 gc2+0
[  1183,4s f58080] InfluenceTick: 6,0 ms 
[  1183,4s f58081] FRAME: 52,4 ms gc0+0 gc1+0 gc2+0
[  1183,6s f58083] InfluenceTick: 6,0 ms 
[  1183,6s f58083] AIThink: 10,0 ms brains 1
[  1183,6s f58084] FRAME: 70,0 ms gc0+0 gc1+0 gc2+0
[  1183,7s f58085] InfluenceTick: 6,3 ms 
[  1183,7s f58086] FRAME: 59,7 ms gc0+0 gc1+0 gc2+0
[  1183,8s f58087] FRAME: 52,8 ms gc0+0 gc1+0 gc2+0
[  1183,8s f58087] InfluenceTick: 6,0 ms 
[  1183,8s f58088] FRAME: 58,8 ms gc0+0 gc1+0 gc2+0
[  1183,9s f58089] InfluenceTick: 5,7 ms 
[  1183,9s f58090] FRAME: 65,5 ms gc0+0 gc1+0 gc2+0
[  1184,0s f58091] InfluenceTick: 5,7 ms 
[  1184,0s f58092] FRAME: 69,4 ms gc0+0 gc1+0 gc2+0
[  1184,1s f58093] InfluenceTick: 5,8 ms 
[  1184,1s f58094] FRAME: 58,6 ms gc0+0 gc1+0 gc2+0
[  1184,2s f58094] AIThink: 20,0 ms brains 1
[  1184,2s f58095] FRAME: 74,4 ms gc0+1 gc1+1 gc2+1
[  1184,2s f58095] InfluenceTick: 5,8 ms 
[  1184,3s f58096] FRAME: 55,1 ms gc0+0 gc1+0 gc2+0
[  1184,3s f58096] AIThink: 14,3 ms brains 1
[  1184,3s f58097] FRAME: 56,1 ms gc0+0 gc1+0 gc2+0
[  1184,4s f58097] InfluenceTick: 6,4 ms 
[  1184,4s f58098] FRAME: 62,6 ms gc0+0 gc1+0 gc2+0
[  1184,5s f58099] InfluenceTick: 6,2 ms 
[  1184,5s f58100] FRAME: 55,2 ms gc0+0 gc1+0 gc2+0
[  1184,6s f58102] FRAME: 52,3 ms gc0+0 gc1+0 gc2+0
[  1184,6s f58102] InfluenceTick: 5,6 ms 
[  1184,7s f58103] FRAME: 81,7 ms gc0+0 gc1+0 gc2+0
[  1184,7s f58104] InfluenceTick: 5,5 ms 
[  1184,7s f58105] FRAME: 50,7 ms gc0+0 gc1+0 gc2+0
[  1184,8s f58107] InfluenceTick: 5,8 ms 
[  1184,9s f58108] FRAME: 58,3 ms gc0+0 gc1+0 gc2+0
[  1184,9s f58109] InfluenceTick: 6,3 ms 
[  1185,0s f58110] FRAME: 57,9 ms gc0+0 gc1+0 gc2+0
[  1185,0s f58111] FRAME: 54,9 ms gc0+0 gc1+0 gc2+0
[  1185,1s f58111] InfluenceTick: 6,3 ms 
[  1185,1s f58112] FRAME: 87,8 ms gc0+0 gc1+0 gc2+0
[  1185,2s f58112] HutIncome: 21,8 ms huts 72
[  1185,2s f58113] FRAME: 66,2 ms gc0+0 gc1+0 gc2+0
[  1185,2s f58113] InfluenceTick: 5,5 ms 
[  1185,2s f58114] FRAME: 53,3 ms gc0+0 gc1+0 gc2+0
[  1185,3s f58116] InfluenceTick: 5,5 ms 
[  1185,4s f58117] FRAME: 52,9 ms gc0+0 gc1+0 gc2+0
[  1185,5s f58119] InfluenceTick: 5,7 ms 
[  1185,5s f58120] FRAME: 75,0 ms gc0+0 gc1+0 gc2+0
[  1185,6s f58121] FRAME: 59,0 ms gc0+1 gc1+1 gc2+1
[  1185,6s f58121] InfluenceTick: 6,2 ms 
[  1185,6s f58122] FRAME: 59,8 ms gc0+0 gc1+0 gc2+0
[  1185,7s f58123] AIThink: 10,4 ms brains 1
[  1185,7s f58124] FRAME: 50,3 ms gc0+0 gc1+0 gc2+0
[  1185,8s f58124] InfluenceTick: 5,9 ms 
[  1185,8s f58125] FRAME: 58,4 ms gc0+0 gc1+0 gc2+0
[  1185,9s f58127] InfluenceTick: 5,4 ms 
[  1185,9s f58128] FRAME: 68,1 ms gc0+0 gc1+0 gc2+0
[  1186,0s f58129] InfluenceTick: 6,3 ms 
[  1186,0s f58130] FRAME: 64,0 ms gc0+0 gc1+0 gc2+0
[  1186,1s f58131] InfluenceTick: 6,2 ms 
[  1186,1s f58132] FRAME: 58,8 ms gc0+0 gc1+0 gc2+0
[  1186,2s f58134] InfluenceTick: 5,9 ms 
[  1186,3s f58135] FRAME: 59,2 ms gc0+0 gc1+0 gc2+0
[  1186,3s f58136] FRAME: 56,8 ms gc0+0 gc1+0 gc2+0
[  1186,4s f58136] InfluenceTick: 6,2 ms 
[  1186,4s f58137] FRAME: 62,5 ms gc0+0 gc1+0 gc2+0
[  1186,5s f58138] InfluenceTick: 5,2 ms 
[  1186,5s f58139] FRAME: 54,6 ms gc0+0 gc1+0 gc2+0
[  1186,6s f58140] AIThink: 21,3 ms brains 2
[  1186,6s f58141] FRAME: 59,3 ms gc0+0 gc1+0 gc2+0
[  1186,6s f58141] InfluenceTick: 6,0 ms 
[  1186,6s f58142] FRAME: 54,9 ms gc0+0 gc1+0 gc2+0
[  1186,8s f58144] InfluenceTick: 6,2 ms 
[  1186,8s f58145] FRAME: 56,0 ms gc0+0 gc1+0 gc2+0
[  1186,9s f58146] InfluenceTick: 6,5 ms 
[  1186,9s f58147] FRAME: 67,3 ms gc0+1 gc1+1 gc2+1
[  1187,0s f58148] InfluenceTick: 5,5 ms 
[  1187,0s f58149] FRAME: 53,3 ms gc0+0 gc1+0 gc2+0
[  1187,0s f58150] FRAME: 52,8 ms gc0+0 gc1+0 gc2+0
[  1187,1s f58150] InfluenceTick: 5,7 ms 
[  1187,1s f58151] FRAME: 66,6 ms gc0+0 gc1+0 gc2+0
[  1187,2s f58152] FRAME: 58,9 ms gc0+0 gc1+0 gc2+0
[  1187,2s f58152] InfluenceTick: 5,7 ms 
[  1187,2s f58152] HutIncome: 16,4 ms huts 72
[  1187,2s f58153] FRAME: 72,5 ms gc0+0 gc1+0 gc2+0
[  1187,3s f58154] InfluenceTick: 5,9 ms 
[  1187,3s f58155] FRAME: 54,7 ms gc0+0 gc1+0 gc2+0
[  1187,4s f58157] InfluenceTick: 6,0 ms 
[  1187,5s f58158] FRAME: 66,6 ms gc0+0 gc1+0 gc2+0
[  1187,6s f58159] InfluenceTick: 5,6 ms 
[  1187,6s f58160] FRAME: 70,9 ms gc0+0 gc1+0 gc2+0
[  1187,7s f58161] InfluenceTick: 7,2 ms 
[  1187,7s f58162] FRAME: 68,6 ms gc0+0 gc1+0 gc2+0
[  1187,8s f58163] InfluenceTick: 5,3 ms 
[  1187,8s f58164] FRAME: 53,6 ms gc0+0 gc1+0 gc2+0
[  1187,9s f58166] InfluenceTick: 5,1 ms 
[  1187,9s f58166] AIThink: 8,6 ms brains 1
[  1187,9s f58167] FRAME: 62,8 ms gc0+0 gc1+0 gc2+0
[  1188,0s f58168] FRAME: 52,0 ms gc0+0 gc1+0 gc2+0
[  1188,0s f58168] InfluenceTick: 5,7 ms 
[  1188,1s f58169] FRAME: 68,5 ms gc0+0 gc1+0 gc2+0
[  1188,1s f58170] FRAME: 55,4 ms gc0+1 gc1+1 gc2+1
[  1188,1s f58170] InfluenceTick: 5,7 ms 
[  1188,2s f58171] FRAME: 54,2 ms gc0+0 gc1+0 gc2+0
[  1188,3s f58173] InfluenceTick: 5,7 ms 
[  1188,3s f58174] FRAME: 52,9 ms gc0+0 gc1+0 gc2+0
[  1188,4s f58176] InfluenceTick: 5,4 ms 
[  1188,4s f58177] FRAME: 69,5 ms gc0+0 gc1+0 gc2+0
[  1188,5s f58178] InfluenceTick: 6,2 ms 
[  1188,5s f58179] FRAME: 60,2 ms gc0+0 gc1+0 gc2+0
[  1188,6s f58180] InfluenceTick: 5,6 ms 
[  1188,6s f58181] FRAME: 61,3 ms gc0+0 gc1+0 gc2+0
[  1188,7s f58182] InfluenceTick: 6,6 ms 
[  1188,7s f58183] FRAME: 57,1 ms gc0+0 gc1+0 gc2+0
[  1188,8s f58183] AIThink: 12,6 ms brains 1
[  1188,8s f58184] FRAME: 53,2 ms gc0+0 gc1+0 gc2+0
[  1188,8s f58184] InfluenceTick: 6,2 ms 
[  1188,9s f58185] FRAME: 78,0 ms gc0+0 gc1+0 gc2+0
[  1188,9s f58186] InfluenceTick: 6,5 ms 
[  1189,0s f58186] AIThink: 23,5 ms brains 1
[  1189,0s f58187] FRAME: 88,0 ms gc0+0 gc1+0 gc2+0
[  1189,1s f58188] InfluenceTick: 5,6 ms 
[  1189,1s f58189] FRAME: 58,6 ms gc0+0 gc1+0 gc2+0
[  1189,2s f58191] InfluenceTick: 5,6 ms 
[  1189,2s f58191] HutIncome: 16,2 ms huts 72
[  1189,2s f58192] FRAME: 72,4 ms gc0+0 gc1+0 gc2+0
[  1189,3s f58193] FRAME: 54,6 ms gc0+0 gc1+0 gc2+0
[  1189,3s f58193] InfluenceTick: 5,6 ms 
[  1189,4s f58194] FRAME: 68,2 ms gc0+0 gc1+0 gc2+0
[  1189,4s f58194] AIThink: 10,9 ms brains 1
[  1189,4s f58195] FRAME: 53,6 ms gc0+0 gc1+0 gc2+0
[  1189,5s f58195] InfluenceTick: 6,0 ms 
[  1189,5s f58196] FRAME: 57,1 ms gc0+0 gc1+0 gc2+0
[  1189,6s f58198] InfluenceTick: 5,4 ms 
[  1189,6s f58199] FRAME: 57,6 ms gc0+0 gc1+0 gc2+0
[  1189,7s f58200] InfluenceTick: 5,8 ms 
[  1189,7s f58201] FRAME: 70,0 ms gc0+0 gc1+0 gc2+0
[  1189,8s f58202] InfluenceTick: 5,9 ms 
[  1189,8s f58203] FRAME: 58,7 ms gc0+0 gc1+0 gc2+0
[  1189,9s f58205] InfluenceTick: 5,8 ms 
[  1190,0s f58206] FRAME: 64,0 ms gc0+0 gc1+0 gc2+0
[  1190,1s f58207] InfluenceTick: 6,0 ms 
[  1190,1s f58207] AIThink: 10,7 ms brains 1
[  1190,1s f58208] FRAME: 80,8 ms gc0+0 gc1+0 gc2+0
[  1190,2s f58209] FRAME: 59,8 ms gc0+0 gc1+0 gc2+0
[  1190,2s f58209] InfluenceTick: 5,9 ms 
[  1190,2s f58210] FRAME: 63,4 ms gc0+0 gc1+0 gc2+0
[  1190,3s f58211] InfluenceTick: 6,5 ms 
[  1190,3s f58212] FRAME: 59,5 ms gc0+0 gc1+0 gc2+0
[  1190,4s f58214] InfluenceTick: 5,6 ms 
[  1190,5s f58215] FRAME: 58,1 ms gc0+0 gc1+0 gc2+0
[  1190,6s f58217] InfluenceTick: 5,6 ms 
[  1190,6s f58218] FRAME: 65,6 ms gc0+0 gc1+0 gc2+0
[  1190,7s f58219] InfluenceTick: 6,3 ms 
[  1190,7s f58220] FRAME: 61,3 ms gc0+0 gc1+0 gc2+0
[  1190,8s f58221] InfluenceTick: 5,9 ms 
[  1190,8s f58222] FRAME: 69,9 ms gc0+0 gc1+0 gc2+0
[  1190,9s f58223] InfluenceTick: 6,1 ms 
[  1190,9s f58224] FRAME: 58,4 ms gc0+0 gc1+0 gc2+0
[  1191,0s f58225] AIThink: 12,9 ms brains 1
[  1191,0s f58226] FRAME: 75,2 ms gc0+0 gc1+0 gc2+0
[  1191,1s f58226] InfluenceTick: 5,6 ms 
[  1191,1s f58227] FRAME: 66,5 ms gc0+0 gc1+0 gc2+0
[  1191,2s f58228] InfluenceTick: 6,0 ms 
[  1191,2s f58229] FRAME: 61,5 ms gc0+0 gc1+0 gc2+0
[  1191,2s f58229] HutIncome: 20,5 ms huts 72
[  1191,3s f58230] FRAME: 67,2 ms gc0+0 gc1+0 gc2+0
[  1191,3s f58230] InfluenceTick: 7,3 ms 
[  1191,3s f58230] AIThink: 22,9 ms brains 1
[  1191,4s f58231] FRAME: 93,4 ms gc0+0 gc1+0 gc2+0
[  1191,4s f58232] FRAME: 60,9 ms gc0+0 gc1+0 gc2+0
[  1191,5s f58232] InfluenceTick: 6,2 ms 
[  1191,5s f58233] FRAME: 64,2 ms gc0+0 gc1+0 gc2+0
[  1191,6s f58234] InfluenceTick: 6,9 ms 
[  1191,6s f58235] FRAME: 69,0 ms gc0+0 gc1+0 gc2+0
[  1191,7s f58236] FRAME: 66,4 ms gc0+0 gc1+0 gc2+0
[  1191,7s f58236] InfluenceTick: 6,5 ms 
[  1191,8s f58237] FRAME: 76,0 ms gc0+1 gc1+1 gc2+1
[  1191,8s f58238] InfluenceTick: 7,0 ms 
[  1191,9s f58239] FRAME: 81,1 ms gc0+0 gc1+0 gc2+0
[  1192,0s f58240] InfluenceTick: 6,0 ms 
[  1192,0s f58241] FRAME: 56,0 ms gc0+0 gc1+0 gc2+0
[  1192,0s f58242] FRAME: 52,9 ms gc0+0 gc1+0 gc2+0
[  1192,1s f58242] InfluenceTick: 5,6 ms 
[  1192,1s f58243] FRAME: 63,6 ms gc0+0 gc1+0 gc2+0
[  1192,2s f58244] InfluenceTick: 5,3 ms 
[  1192,2s f58245] FRAME: 51,2 ms gc0+0 gc1+0 gc2+0
[  1192,2s f58245] AIThink: 11,0 ms brains 1
[  1192,3s f58246] FRAME: 56,9 ms gc0+0 gc1+0 gc2+0
[  1192,3s f58246] InfluenceTick: 5,4 ms 
[  1192,3s f58247] FRAME: 71,2 ms gc0+0 gc1+0 gc2+0
[  1192,4s f58248] InfluenceTick: 6,1 ms 
[  1192,4s f58249] FRAME: 57,5 ms gc0+0 gc1+0 gc2+0
[  1192,5s f58251] InfluenceTick: 5,7 ms 
[  1192,6s f58252] FRAME: 53,9 ms gc0+0 gc1+0 gc2+0
[  1192,6s f58254] InfluenceTick: 5,7 ms 
[  1192,7s f58255] FRAME: 55,5 ms gc0+0 gc1+0 gc2+0
[  1192,7s f58256] FRAME: 50,3 ms gc0+0 gc1+0 gc2+0
[  1192,7s f58256] InfluenceTick: 5,6 ms 
[  1192,8s f58257] FRAME: 53,3 ms gc0+0 gc1+0 gc2+0
[  1192,9s f58259] InfluenceTick: 6,2 ms 
[  1192,9s f58260] FRAME: 63,4 ms gc0+0 gc1+0 gc2+0
[  1193,0s f58261] InfluenceTick: 5,8 ms 
[  1193,0s f58262] FRAME: 65,6 ms gc0+1 gc1+1 gc2+1
[  1193,1s f58263] InfluenceTick: 6,8 ms 
[  1193,1s f58264] FRAME: 60,9 ms gc0+0 gc1+0 gc2+0
[  1193,2s f58265] FRAME: 55,0 ms gc0+0 gc1+0 gc2+0
[  1193,2s f58265] InfluenceTick: 6,4 ms 
[  1193,2s f58266] FRAME: 59,3 ms gc0+0 gc1+0 gc2+0
[  1193,3s f58266] HutIncome: 16,5 ms huts 72
[  1193,3s f58266] AIThink: 10,8 ms brains 1
[  1193,3s f58267] FRAME: 66,6 ms gc0+0 gc1+0 gc2+0
[  1193,3s f58267] InfluenceTick: 6,0 ms 
[  1193,4s f58268] FRAME: 57,1 ms gc0+0 gc1+0 gc2+0
[  1193,4s f58269] InfluenceTick: 5,6 ms 
[  1193,5s f58270] FRAME: 51,9 ms gc0+0 gc1+0 gc2+0
[  1193,6s f58272] InfluenceTick: 5,8 ms 
[  1193,6s f58273] FRAME: 69,9 ms gc0+0 gc1+0 gc2+0
[  1193,6s f58273] AIThink: 11,0 ms brains 1
[  1193,7s f58274] FRAME: 52,8 ms gc0+0 gc1+0 gc2+0
[  1193,7s f58274] InfluenceTick: 7,4 ms 
[  1193,7s f58274] AIThink: 24,8 ms brains 1
[  1193,7s f58275] FRAME: 93,5 ms gc0+0 gc1+0 gc2+0
[  1193,8s f58276] InfluenceTick: 6,3 ms 
[  1193,9s f58277] FRAME: 65,0 ms gc0+1 gc1+1 gc2+1
[  1193,9s f58278] InfluenceTick: 5,3 ms 
[  1193,9s f58279] FRAME: 51,8 ms gc0+0 gc1+0 gc2+0
[  1194,0s f58280] FRAME: 65,3 ms gc0+0 gc1+0 gc2+0
[  1194,0s f58280] InfluenceTick: 6,0 ms 
[  1194,1s f58281] FRAME: 67,2 ms gc0+0 gc1+0 gc2+0
[  1194,1s f58282] InfluenceTick: 5,2 ms 
[  1194,2s f58283] FRAME: 54,4 ms gc0+0 gc1+0 gc2+0
[  1194,3s f58285] InfluenceTick: 5,7 ms 
[  1194,3s f58286] FRAME: 50,9 ms gc0+0 gc1+0 gc2+0
[  1194,4s f58288] InfluenceTick: 5,5 ms 
[  1194,4s f58288] AIThink: 9,1 ms brains 1
[  1194,4s f58289] FRAME: 73,3 ms gc0+0 gc1+0 gc2+0
[  1194,5s f58290] FRAME: 52,1 ms gc0+0 gc1+0 gc2+0
[  1194,5s f58290] InfluenceTick: 6,0 ms 
[  1194,5s f58291] FRAME: 55,9 ms gc0+0 gc1+0 gc2+0
[  1194,6s f58292] InfluenceTick: 5,2 ms 
[  1194,7s f58293] FRAME: 63,1 ms gc0+0 gc1+0 gc2+0
[  1194,7s f58294] InfluenceTick: 5,8 ms 
[  1194,8s f58295] FRAME: 68,0 ms gc0+0 gc1+0 gc2+0
[  1194,8s f58296] InfluenceTick: 5,4 ms 
[  1194,9s f58297] FRAME: 74,6 ms gc0+0 gc1+0 gc2+0
[  1194,9s f58298] InfluenceTick: 5,8 ms 
[  1195,0s f58299] FRAME: 57,5 ms gc0+0 gc1+0 gc2+0
[  1195,1s f58300] InfluenceTick: 5,4 ms 
[  1195,1s f58301] FRAME: 58,4 ms gc0+0 gc1+0 gc2+0
[  1195,2s f58303] InfluenceTick: 5,8 ms 
[  1195,2s f58304] FRAME: 53,6 ms gc0+0 gc1+0 gc2+0
[  1195,3s f58305] FRAME: 50,9 ms gc0+0 gc1+0 gc2+0
[  1195,3s f58305] InfluenceTick: 5,8 ms 
[  1195,3s f58305] HutIncome: 16,3 ms huts 72
[  1195,3s f58306] FRAME: 74,5 ms gc0+0 gc1+0 gc2+0
[  1195,4s f58307] InfluenceTick: 6,0 ms 
[  1195,4s f58308] FRAME: 59,7 ms gc0+0 gc1+0 gc2+0
[  1195,5s f58309] InfluenceTick: 5,7 ms 
[  1195,5s f58309] AIThink: 13,1 ms brains 1
[  1195,6s f58310] FRAME: 74,5 ms gc0+0 gc1+0 gc2+0
[  1195,6s f58311] FRAME: 51,6 ms gc0+0 gc1+0 gc2+0
[  1195,6s f58311] InfluenceTick: 6,2 ms 
[  1195,7s f58312] FRAME: 70,2 ms gc0+0 gc1+0 gc2+0
[  1195,7s f58313] FRAME: 59,7 ms gc0+0 gc1+0 gc2+0
[  1195,8s f58313] InfluenceTick: 6,8 ms 
[  1195,8s f58314] FRAME: 71,0 ms gc0+0 gc1+0 gc2+0
[  1195,9s f58315] InfluenceTick: 7,2 ms 
[  1195,9s f58316] FRAME: 65,8 ms gc0+0 gc1+0 gc2+0
[  1196,0s f58317] InfluenceTick: 5,9 ms 
[  1196,0s f58318] FRAME: 71,2 ms gc0+0 gc1+0 gc2+0
[  1196,1s f58318] AIThink: 20,5 ms brains 1
[  1196,1s f58319] FRAME: 75,8 ms gc0+0 gc1+0 gc2+0
[  1196,2s f58319] InfluenceTick: 5,7 ms 
[  1196,2s f58320] FRAME: 81,3 ms gc0+1 gc1+1 gc2+1
[  1196,3s f58321] InfluenceTick: 5,4 ms 
[  1196,3s f58322] FRAME: 56,0 ms gc0+0 gc1+0 gc2+0
[  1196,4s f58324] InfluenceTick: 6,5 ms 
[  1196,4s f58325] FRAME: 73,2 ms gc0+0 gc1+0 gc2+0
[  1196,5s f58326] InfluenceTick: 5,8 ms 
[  1196,5s f58327] FRAME: 59,9 ms gc0+0 gc1+0 gc2+0
[  1196,6s f58327] AIThink: 9,4 ms brains 1
[  1196,6s f58328] FRAME: 63,9 ms gc0+0 gc1+0 gc2+0
[  1196,6s f58328] InfluenceTick: 6,4 ms 
[  1196,7s f58329] FRAME: 62,5 ms gc0+0 gc1+0 gc2+0
[  1196,7s f58330] InfluenceTick: 6,8 ms 
[  1196,8s f58331] FRAME: 65,5 ms gc0+0 gc1+0 gc2+0
[  1196,9s f58332] InfluenceTick: 6,5 ms 
[  1196,9s f58333] FRAME: 62,9 ms gc0+0 gc1+0 gc2+0
[  1197,0s f58334] InfluenceTick: 5,7 ms 
[  1197,0s f58335] FRAME: 57,9 ms gc0+0 gc1+0 gc2+0
[  1197,0s f58336] FRAME: 65,6 ms gc0+0 gc1+0 gc2+0
[  1197,1s f58336] InfluenceTick: 5,4 ms 
[  1197,1s f58337] FRAME: 68,6 ms gc0+0 gc1+0 gc2+0
[  1197,2s f58338] InfluenceTick: 5,7 ms 
[  1197,2s f58339] FRAME: 55,9 ms gc0+0 gc1+0 gc2+0
[  1197,3s f58341] InfluenceTick: 6,1 ms 
[  1197,3s f58341] HutIncome: 16,1 ms huts 72
[  1197,4s f58342] FRAME: 75,0 ms gc0+0 gc1+0 gc2+0
[  1197,4s f58343] InfluenceTick: 5,2 ms 
[  1197,5s f58344] FRAME: 59,9 ms gc0+0 gc1+0 gc2+0
[  1197,5s f58346] InfluenceTick: 5,7 ms 
[  1197,6s f58347] FRAME: 52,8 ms gc0+0 gc1+0 gc2+0
[  1197,7s f58349] InfluenceTick: 5,8 ms 
[  1197,7s f58350] FRAME: 55,1 ms gc0+0 gc1+0 gc2+0
[  1197,8s f58351] AIThink: 13,2 ms brains 1
[  1197,8s f58352] FRAME: 52,5 ms gc0+0 gc1+0 gc2+0
[  1197,8s f58352] InfluenceTick: 6,0 ms 
[  1197,9s f58352] AIThink: 10,8 ms brains 1
[  1197,9s f58353] FRAME: 89,3 ms gc0+0 gc1+0 gc2+0
[  1198,0s f58354] InfluenceTick: 5,8 ms 
[  1198,0s f58355] FRAME: 53,3 ms gc0+0 gc1+0 gc2+0
[  1198,1s f58357] InfluenceTick: 5,2 ms 
[  1198,1s f58358] FRAME: 62,7 ms gc0+0 gc1+0 gc2+0
[  1198,2s f58359] InfluenceTick: 6,0 ms 
[  1198,2s f58360] FRAME: 56,9 ms gc0+0 gc1+0 gc2+0
[  1198,3s f58361] FRAME: 50,8 ms gc0+0 gc1+0 gc2+0
[  1198,3s f58361] InfluenceTick: 5,4 ms 
[  1198,3s f58362] FRAME: 56,2 ms gc0+0 gc1+0 gc2+0
[  1198,4s f58364] InfluenceTick: 7,0 ms 
[  1198,5s f58364] AIThink: 21,4 ms brains 1
[  1198,5s f58365] FRAME: 80,5 ms gc0+0 gc1+0 gc2+0
[  1198,6s f58366] InfluenceTick: 6,4 ms 
[  1198,6s f58367] FRAME: 63,0 ms gc0+1 gc1+1 gc2+1
[  1198,7s f58369] FRAME: 59,3 ms gc0+0 gc1+0 gc2+0
[  1198,7s f58369] InfluenceTick: 6,1 ms 
[  1198,8s f58370] FRAME: 62,2 ms gc0+0 gc1+0 gc2+0
[  1198,8s f58370] AIThink: 12,1 ms brains 1
[  1198,8s f58371] FRAME: 57,3 ms gc0+0 gc1+0 gc2+0
[  1198,8s f58371] InfluenceTick: 6,6 ms 
[  1198,9s f58372] FRAME: 65,6 ms gc0+0 gc1+0 gc2+0
[  1198,9s f58373] InfluenceTick: 5,3 ms 
[  1199,0s f58374] FRAME: 50,6 ms gc0+0 gc1+0 gc2+0
[  1199,1s f58376] InfluenceTick: 6,3 ms 
[  1199,1s f58377] FRAME: 74,7 ms gc0+0 gc1+0 gc2+0
[  1199,2s f58378] InfluenceTick: 5,2 ms 
[  1199,2s f58379] FRAME: 57,4 ms gc0+0 gc1+0 gc2+0
[  1199,3s f58381] InfluenceTick: 5,3 ms 
[  1199,3s f58381] HutIncome: 16,6 ms huts 72
[  1199,4s f58382] FRAME: 67,9 ms gc0+0 gc1+0 gc2+0
[  1199,4s f58383] InfluenceTick: 6,9 ms 
[  1199,5s f58384] FRAME: 67,4 ms gc0+1 gc1+1 gc2+1
[  1199,5s f58385] FRAME: 61,7 ms gc0+0 gc1+0 gc2+0
[  1199,6s f58386] FRAME: 55,5 ms gc0+0 gc1+0 gc2+0
[  1199,7s f58388] InfluenceTick: 5,8 ms 
[  1199,7s f58389] FRAME: 56,0 ms gc0+0 gc1+0 gc2+0
[  1199,8s f58391] InfluenceTick: 5,5 ms 
[  1199,8s f58392] FRAME: 51,7 ms gc0+0 gc1+0 gc2+0
[  1199,9s f58393] AIThink: 10,5 ms brains 1
[  1200,0s f58394] FRAME: 66,2 ms gc0+0 gc1+0 gc2+0
[  1200,0s f58394] InfluenceTick: 6,3 ms 
[  1200,0s f58395] FRAME: 69,2 ms gc0+0 gc1+0 gc2+0
[  1200,0s f58395] AIThink: 12,7 ms brains 1
[  1200,1s f58396] FRAME: 61,3 ms gc0+0 gc1+0 gc2+0
[  1200,1s f58396] InfluenceTick: 6,2 ms 
[  1200,1s f58397] FRAME: 58,1 ms gc0+0 gc1+0 gc2+0
[  1200,2s f58398] InfluenceTick: 5,3 ms 
[  1200,2s f58399] FRAME: 53,3 ms gc0+0 gc1+0 gc2+0
[  1200,4s f58401] InfluenceTick: 6,3 ms 
[  1200,4s f58402] FRAME: 74,2 ms gc0+0 gc1+0 gc2+0
[  1200,5s f58403] InfluenceTick: 5,2 ms 
[  1200,5s f58404] FRAME: 51,8 ms gc0+0 gc1+0 gc2+0
[  1200,6s f58406] InfluenceTick: 5,5 ms 
[  1200,6s f58407] FRAME: 56,9 ms gc0+0 gc1+0 gc2+0
[  1200,7s f58409] InfluenceTick: 6,2 ms 
[  1200,8s f58410] FRAME: 57,7 ms gc0+0 gc1+0 gc2+0
[  1200,8s f58411] FRAME: 63,3 ms gc0+0 gc1+0 gc2+0
[  1200,9s f58411] InfluenceTick: 7,1 ms 
[  1200,9s f58411] AIThink: 25,4 ms brains 1
[  1200,9s f58412] FRAME: 94,2 ms gc0+0 gc1+0 gc2+0
[  1200,9s f58412] AIThink: 9,9 ms brains 1
[  1201,0s f58413] InfluenceTick: 5,8 ms 
[  1201,0s f58414] FRAME: 67,1 ms gc0+0 gc1+0 gc2+0
[  1201,1s f58415] InfluenceTick: 5,6 ms 
[  1201,1s f58416] FRAME: 57,9 ms gc0+0 gc1+0 gc2+0
[  1201,2s f58417] InfluenceTick: 6,1 ms 
[  1201,3s f58418] FRAME: 85,0 ms gc0+0 gc1+0 gc2+0
[  1201,3s f58419] InfluenceTick: 5,6 ms 
[  1201,3s f58419] HutIncome: 16,2 ms huts 72
[  1201,4s f58420] FRAME: 67,5 ms gc0+0 gc1+0 gc2+0
[  1201,4s f58421] InfluenceTick: 6,3 ms 
[  1201,5s f58422] FRAME: 57,8 ms gc0+0 gc1+0 gc2+0
[  1201,6s f58424] InfluenceTick: 5,6 ms 
[  1201,6s f58425] FRAME: 55,2 ms gc0+0 gc1+0 gc2+0
[  1201,7s f58426] FRAME: 55,2 ms gc0+0 gc1+0 gc2+0
[  1201,7s f58426] InfluenceTick: 6,6 ms 
[  1201,7s f58427] FRAME: 58,7 ms gc0+0 gc1+0 gc2+0
[  1201,8s f58429] InfluenceTick: 5,9 ms 
[  1201,9s f58430] FRAME: 66,6 ms gc0+1 gc1+1 gc2+1
[  1201,9s f58432] FRAME: 50,2 ms gc0+0 gc1+0 gc2+0
[  1202,0s f58433] AIThink: 10,1 ms brains 1
[  1202,0s f58434] FRAME: 51,9 ms gc0+0 gc1+0 gc2+0
[  1202,1s f58434] InfluenceTick: 5,6 ms 
[  1202,1s f58435] FRAME: 70,1 ms gc0+0 gc1+0 gc2+0
[  1202,2s f58436] InfluenceTick: 5,4 ms 
[  1202,2s f58437] FRAME: 53,4 ms gc0+0 gc1+0 gc2+0
[  1202,3s f58439] InfluenceTick: 5,7 ms 
[  1202,3s f58439] AIThink: 11,4 ms brains 1
[  1202,3s f58440] FRAME: 63,2 ms gc0+0 gc1+0 gc2+0
[  1202,4s f58441] InfluenceTick: 5,4 ms 
[  1202,4s f58442] FRAME: 52,6 ms gc0+0 gc1+0 gc2+0
[  1202,5s f58444] InfluenceTick: 6,2 ms 
[  1202,6s f58445] FRAME: 58,7 ms gc0+0 gc1+0 gc2+0
[  1202,7s f58447] InfluenceTick: 6,6 ms 
[  1202,7s f58448] FRAME: 60,7 ms gc0+0 gc1+0 gc2+0
[  1202,8s f58450] InfluenceTick: 6,9 ms 
[  1202,8s f58451] FRAME: 57,8 ms gc0+0 gc1+0 gc2+0
[  1202,9s f58452] FRAME: 54,2 ms gc0+0 gc1+0 gc2+0
[  1202,9s f58452] InfluenceTick: 6,4 ms 
[  1203,0s f58453] FRAME: 88,3 ms gc0+0 gc1+0 gc2+0
[  1203,0s f58454] FRAME: 59,7 ms gc0+1 gc1+1 gc2+1
[  1203,0s f58454] InfluenceTick: 5,5 ms 
[  1203,1s f58455] FRAME: 56,6 ms gc0+0 gc1+0 gc2+0
[  1203,1s f58455] AIThink: 14,6 ms brains 1
[  1203,1s f58456] FRAME: 54,3 ms gc0+0 gc1+0 gc2+0
[  1203,2s f58456] InfluenceTick: 5,7 ms 
[  1203,2s f58457] FRAME: 57,5 ms gc0+0 gc1+0 gc2+0
[  1203,2s f58457] AIThink: 20,8 ms brains 1
[  1203,3s f58458] FRAME: 61,0 ms gc0+0 gc1+0 gc2+0
[  1203,3s f58458] InfluenceTick: 5,9 ms 
[  1203,3s f58459] FRAME: 59,4 ms gc0+0 gc1+0 gc2+0
[  1203,4s f58459] HutIncome: 17,4 ms huts 72
[  1203,4s f58460] FRAME: 71,2 ms gc0+0 gc1+0 gc2+0
[  1203,4s f58460] InfluenceTick: 6,1 ms 
[  1203,4s f58461] FRAME: 64,2 ms gc0+0 gc1+0 gc2+0
[  1203,5s f58463] InfluenceTick: 5,3 ms 
[  1203,7s f58467] FRAME: 56,9 ms gc0+0 gc1+0 gc2+0
[  1203,8s f58468] FRAME: 57,2 ms gc0+0 gc1+0 gc2+0
[  1203,8s f58468] InfluenceTick: 5,4 ms 
[  1203,8s f58469] FRAME: 75,6 ms gc0+1 gc1+1 gc2+1
[  1203,9s f58470] InfluenceTick: 5,7 ms 
[  1203,9s f58471] FRAME: 58,2 ms gc0+0 gc1+0 gc2+0
[  1204,0s f58471] VeilPulse: 5,2 ms 
[  1204,0s f58472] InfluenceTick: 5,1 ms 
[  1204,0s f58473] FRAME: 55,4 ms gc0+0 gc1+0 gc2+0
[  1204,1s f58474] InfluenceTick: 5,4 ms 
[  1204,2s f58475] FRAME: 61,1 ms gc0+0 gc1+0 gc2+0
[  1204,3s f58477] InfluenceTick: 5,7 ms 
[  1204,3s f58478] FRAME: 51,4 ms gc0+0 gc1+0 gc2+0
[  1204,4s f58480] InfluenceTick: 5,5 ms 
[  1204,4s f58481] FRAME: 52,4 ms gc0+0 gc1+0 gc2+0
[  1204,5s f58482] FRAME: 51,3 ms gc0+0 gc1+0 gc2+0
[  1204,5s f58482] InfluenceTick: 6,0 ms 
[  1204,5s f58483] FRAME: 60,5 ms gc0+0 gc1+0 gc2+0
[  1204,6s f58483] AIThink: 12,5 ms brains 1
[  1204,6s f58484] FRAME: 51,6 ms gc0+0 gc1+0 gc2+0
[  1204,6s f58484] InfluenceTick: 5,5 ms 
[  1204,6s f58485] FRAME: 53,6 ms gc0+0 gc1+0 gc2+0
[  1204,7s f58486] FRAME: 56,6 ms gc0+0 gc1+0 gc2+0
[  1204,7s f58486] InfluenceTick: 5,8 ms 
[  1204,7s f58487] FRAME: 53,2 ms gc0+0 gc1+0 gc2+0
[  1204,8s f58489] InfluenceTick: 6,0 ms 
[  1204,9s f58490] FRAME: 71,4 ms gc0+0 gc1+0 gc2+0
[  1204,9s f58491] FRAME: 50,7 ms gc0+1 gc1+1 gc2+1
[  1205,0s f58491] InfluenceTick: 5,6 ms 
[  1205,0s f58492] FRAME: 56,7 ms gc0+0 gc1+0 gc2+0
[  1205,1s f58493] InfluenceTick: 5,3 ms 
[  1205,1s f58494] FRAME: 75,6 ms gc0+0 gc1+0 gc2+0
[  1205,2s f58495] InfluenceTick: 6,0 ms 
[  1205,2s f58496] FRAME: 60,2 ms gc0+0 gc1+0 gc2+0
[  1205,3s f58497] AIThink: 9,1 ms brains 1
[  1205,3s f58498] InfluenceTick: 5,7 ms 
[  1205,4s f58499] FRAME: 55,5 ms gc0+0 gc1+0 gc2+0
[  1205,4s f58499] HutIncome: 17,9 ms huts 71
[  1205,4s f58500] FRAME: 55,4 ms gc0+0 gc1+0 gc2+0
[  1205,4s f58500] InfluenceTick: 5,9 ms 
[  1205,5s f58501] FRAME: 57,7 ms gc0+0 gc1+0 gc2+0
[  1205,5s f58502] FRAME: 62,0 ms gc0+0 gc1+0 gc2+0
[  1205,6s f58502] InfluenceTick: 6,1 ms 
[  1205,6s f58503] FRAME: 56,4 ms gc0+0 gc1+0 gc2+0
[  1205,6s f58503] AIThink: 20,6 ms brains 1
[  1205,7s f58504] FRAME: 63,7 ms gc0+0 gc1+0 gc2+0
[  1205,7s f58504] InfluenceTick: 6,0 ms 
[  1205,7s f58505] FRAME: 56,7 ms gc0+0 gc1+0 gc2+0
[  1205,8s f58507] InfluenceTick: 5,3 ms 
[  1205,8s f58508] FRAME: 51,3 ms gc0+0 gc1+0 gc2+0
[  1206,0s f58510] InfluenceTick: 6,1 ms 
[  1206,0s f58511] FRAME: 53,5 ms gc0+0 gc1+0 gc2+0
[  1206,1s f58512] InfluenceTick: 5,3 ms 
[  1206,1s f58513] FRAME: 61,9 ms gc0+0 gc1+0 gc2+0
[  1206,2s f58514] InfluenceTick: 5,6 ms 
[  1206,2s f58515] FRAME: 61,9 ms gc0+0 gc1+0 gc2+0
[  1206,2s f58515] AIThink: 16,4 ms brains 1
[  1206,3s f58516] FRAME: 74,0 ms gc0+0 gc1+0 gc2+0
[  1206,3s f58516] InfluenceTick: 5,8 ms 
[  1206,4s f58517] FRAME: 69,5 ms gc0+0 gc1+0 gc2+0
[  1206,4s f58518] FRAME: 61,5 ms gc0+0 gc1+0 gc2+0
[  1206,4s f58518] InfluenceTick: 7,1 ms 
[  1206,5s f58519] FRAME: 64,8 ms gc0+0 gc1+0 gc2+0
[  1206,5s f58520] FRAME: 56,0 ms gc0+0 gc1+0 gc2+0
[  1206,6s f58520] InfluenceTick: 5,5 ms 
[  1206,6s f58521] FRAME: 68,8 ms gc0+0 gc1+0 gc2+0
[  1206,7s f58522] FRAME: 58,1 ms gc0+0 gc1+0 gc2+0
[  1206,7s f58522] InfluenceTick: 5,9 ms 
[  1206,7s f58523] FRAME: 63,3 ms gc0+0 gc1+0 gc2+0
[  1206,8s f58524] InfluenceTick: 6,0 ms 
[  1206,8s f58525] FRAME: 84,4 ms gc0+0 gc1+0 gc2+0
[  1206,9s f58526] FRAME: 51,5 ms gc0+0 gc1+0 gc2+0
[  1206,9s f58526] InfluenceTick: 5,8 ms 
[  1207,0s f58527] FRAME: 76,2 ms gc0+0 gc1+0 gc2+0
[  1207,0s f58528] FRAME: 63,8 ms gc0+0 gc1+0 gc2+0
[  1207,1s f58528] InfluenceTick: 5,8 ms 
[  1207,1s f58529] FRAME: 75,6 ms gc0+1 gc1+1 gc2+1
[  1207,2s f58530] InfluenceTick: 5,3 ms 
[  1207,2s f58531] FRAME: 51,2 ms gc0+0 gc1+0 gc2+0
[  1207,3s f58532] FRAME: 54,9 ms gc0+0 gc1+0 gc2+0
[  1207,3s f58532] InfluenceTick: 6,1 ms 
[  1207,3s f58533] FRAME: 67,4 ms gc0+0 gc1+0 gc2+0
[  1207,4s f58534] FRAME: 52,4 ms gc0+0 gc1+0 gc2+0
[  1207,4s f58534] InfluenceTick: 6,4 ms 
[  1207,4s f58534] HutIncome: 16,5 ms huts 71
[  1207,5s f58535] FRAME: 80,3 ms gc0+0 gc1+0 gc2+0
[  1207,5s f58535] AIThink: 11,8 ms brains 2
[  1207,5s f58536] FRAME: 56,6 ms gc0+0 gc1+0 gc2+0
[  1207,5s f58536] InfluenceTick: 6,1 ms 
[  1207,6s f58537] FRAME: 62,5 ms gc0+0 gc1+0 gc2+0
[  1207,6s f58538] FRAME: 50,1 ms gc0+0 gc1+0 gc2+0
[  1207,7s f58538] InfluenceTick: 5,4 ms 
[  1207,7s f58539] FRAME: 66,0 ms gc0+0 gc1+0 gc2+0
[  1207,8s f58540] InfluenceTick: 5,8 ms 
[  1207,8s f58541] FRAME: 59,2 ms gc0+0 gc1+0 gc2+0
[  1207,9s f58542] InfluenceTick: 6,3 ms 
[  1207,9s f58543] FRAME: 59,7 ms gc0+0 gc1+0 gc2+0
[  1208,0s f58544] InfluenceTick: 7,0 ms 
[  1208,0s f58545] FRAME: 74,3 ms gc0+0 gc1+0 gc2+0
[  1208,1s f58545] AIThink: 19,0 ms brains 1
[  1208,1s f58546] FRAME: 66,2 ms gc0+0 gc1+0 gc2+0
[  1208,1s f58546] InfluenceTick: 5,3 ms 
[  1208,2s f58547] FRAME: 93,8 ms gc0+1 gc1+1 gc2+1
[  1208,3s f58548] InfluenceTick: 5,7 ms 
[  1208,3s f58549] FRAME: 57,1 ms gc0+0 gc1+0 gc2+0
[  1208,3s f58549] AIThink: 10,7 ms brains 1
[  1208,4s f58550] InfluenceTick: 5,5 ms 
[  1208,4s f58551] FRAME: 56,0 ms gc0+0 gc1+0 gc2+0
[  1208,5s f58553] InfluenceTick: 5,8 ms 
[  1208,5s f58554] FRAME: 56,3 ms gc0+0 gc1+0 gc2+0
[  1208,6s f58555] FRAME: 52,0 ms gc0+0 gc1+0 gc2+0
[  1208,6s f58555] InfluenceTick: 5,9 ms 
[  1208,6s f58556] FRAME: 58,0 ms gc0+0 gc1+0 gc2+0
[  1208,7s f58558] InfluenceTick: 5,2 ms 
[  1208,8s f58559] FRAME: 52,3 ms gc0+0 gc1+0 gc2+0
[  1208,9s f58561] InfluenceTick: 6,0 ms 
[  1208,9s f58562] FRAME: 57,3 ms gc0+0 gc1+0 gc2+0
[  1209,0s f58564] FRAME: 59,4 ms gc0+1 gc1+1 gc2+1
[  1209,0s f58564] InfluenceTick: 6,1 ms 
[  1209,0s f58564] AIThink: 12,2 ms brains 1
[  1209,1s f58565] FRAME: 81,4 ms gc0+0 gc1+0 gc2+0
[  1209,1s f58566] InfluenceTick: 5,7 ms 
[  1209,2s f58567] FRAME: 57,4 ms gc0+0 gc1+0 gc2+0
[  1209,2s f58568] InfluenceTick: 6,4 ms 
[  1209,3s f58569] FRAME: 57,6 ms gc0+0 gc1+0 gc2+0
[  1209,4s f58571] InfluenceTick: 5,8 ms 
[  1209,4s f58572] FRAME: 71,3 ms gc0+0 gc1+0 gc2+0
[  1209,4s f58572] HutIncome: 17,2 ms huts 71
[  1209,5s f58573] FRAME: 53,9 ms gc0+0 gc1+0 gc2+0
[  1209,5s f58573] InfluenceTick: 6,8 ms 
[  1209,5s f58574] FRAME: 59,0 ms gc0+0 gc1+0 gc2+0
[  1209,6s f58576] InfluenceTick: 5,7 ms 
[  1209,7s f58577] FRAME: 50,6 ms gc0+0 gc1+0 gc2+0
[  1209,7s f58577] AIThink: 9,5 ms brains 1
[  1209,8s f58579] InfluenceTick: 5,7 ms 
[  1209,8s f58580] FRAME: 52,0 ms gc0+0 gc1+0 gc2+0
[  1209,8s f58581] FRAME: 53,7 ms gc0+0 gc1+0 gc2+0
[  1209,9s f58581] InfluenceTick: 5,9 ms 
[  1209,9s f58582] FRAME: 56,7 ms gc0+0 gc1+0 gc2+0
[  1210,0s f58584] InfluenceTick: 5,9 ms 
[  1210,0s f58584] VeilPulse: 5,1 ms 
[  1210,0s f58585] FRAME: 66,7 ms gc0+0 gc1+0 gc2+0
[  1210,1s f58586] InfluenceTick: 5,4 ms 
[  1210,1s f58587] FRAME: 61,0 ms gc0+0 gc1+0 gc2+0
[  1210,2s f58589] InfluenceTick: 5,7 ms 
[  1210,3s f58590] FRAME: 70,8 ms gc0+0 gc1+0 gc2+0
[  1210,3s f58591] InfluenceTick: 5,9 ms 
[  1210,4s f58592] FRAME: 55,9 ms gc0+0 gc1+0 gc2+0
[  1210,5s f58593] AIThink: 19,5 ms brains 1
[  1210,5s f58594] FRAME: 53,6 ms gc0+0 gc1+0 gc2+0
[  1210,5s f58594] InfluenceTick: 6,0 ms 
[  1210,5s f58595] FRAME: 57,4 ms gc0+0 gc1+0 gc2+0
[  1210,6s f58596] InfluenceTick: 6,1 ms 
[  1210,6s f58597] FRAME: 53,1 ms gc0+0 gc1+0 gc2+0
[  1210,7s f58598] FRAME: 54,6 ms gc0+0 gc1+0 gc2+0
[  1210,7s f58598] InfluenceTick: 7,0 ms 
[  1210,8s f58599] FRAME: 66,0 ms gc0+0 gc1+0 gc2+0
[  1210,8s f58600] FRAME: 50,7 ms gc0+0 gc1+0 gc2+0
[  1210,8s f58600] InfluenceTick: 5,2 ms 
[  1210,9s f58601] FRAME: 66,1 ms gc0+0 gc1+0 gc2+0
[  1210,9s f58602] InfluenceTick: 5,4 ms 
[  1211,0s f58603] FRAME: 54,5 ms gc0+0 gc1+0 gc2+0
[  1211,0s f58604] InfluenceTick: 5,3 ms 
[  1211,1s f58605] FRAME: 56,3 ms gc0+0 gc1+0 gc2+0
[  1211,1s f58606] FRAME: 54,8 ms gc0+0 gc1+0 gc2+0
[  1211,2s f58606] InfluenceTick: 5,7 ms 
[  1211,2s f58607] FRAME: 53,4 ms gc0+0 gc1+0 gc2+0
[  1211,2s f58608] AIThink: 11,6 ms brains 1
[  1211,3s f58609] FRAME: 51,7 ms gc0+0 gc1+0 gc2+0
[  1211,3s f58609] InfluenceTick: 5,7 ms 
[  1211,3s f58610] FRAME: 58,5 ms gc0+0 gc1+0 gc2+0
[  1211,4s f58612] InfluenceTick: 6,1 ms 
[  1211,5s f58613] FRAME: 69,3 ms gc0+1 gc1+1 gc2+1
[  1211,5s f58613] HutIncome: 16,3 ms huts 71
[  1211,6s f58614] FRAME: 75,1 ms gc0+0 gc1+0 gc2+0
[  1211,6s f58614] InfluenceTick: 5,7 ms 
[  1211,6s f58615] FRAME: 65,0 ms gc0+0 gc1+0 gc2+0
[  1211,7s f58616] InfluenceTick: 5,7 ms 
[  1211,7s f58617] FRAME: 55,9 ms gc0+0 gc1+0 gc2+0
[  1211,8s f58619] InfluenceTick: 5,6 ms 
[  1211,8s f58620] FRAME: 58,7 ms gc0+0 gc1+0 gc2+0
[  1211,9s f58620] AIThink: 9,6 ms brains 1
[  1211,9s f58621] InfluenceTick: 6,2 ms 
[  1212,0s f58622] FRAME: 75,9 ms gc0+0 gc1+0 gc2+0
[  1212,0s f58623] InfluenceTick: 5,5 ms 
[  1212,1s f58624] FRAME: 58,4 ms gc0+0 gc1+0 gc2+0
[  1212,2s f58626] InfluenceTick: 5,6 ms 
[  1212,2s f58627] FRAME: 52,7 ms gc0+0 gc1+0 gc2+0
[  1212,3s f58629] InfluenceTick: 5,6 ms 
[  1212,3s f58630] FRAME: 53,9 ms gc0+0 gc1+0 gc2+0
[  1212,4s f58631] FRAME: 55,4 ms gc0+0 gc1+0 gc2+0
[  1212,4s f58631] InfluenceTick: 6,0 ms 
[  1212,4s f58632] FRAME: 55,8 ms gc0+0 gc1+0 gc2+0
[  1212,5s f58633] AIThink: 11,7 ms brains 1
[  1212,5s f58634] FRAME: 52,7 ms gc0+0 gc1+0 gc2+0
[  1212,6s f58634] InfluenceTick: 5,8 ms 
[  1212,6s f58635] FRAME: 57,4 ms gc0+0 gc1+0 gc2+0
[  1212,7s f58637] InfluenceTick: 5,2 ms 
[  1212,7s f58638] FRAME: 58,0 ms gc0+1 gc1+1 gc2+1
[  1212,8s f58640] FRAME: 52,8 ms gc0+0 gc1+0 gc2+0
[  1212,8s f58640] InfluenceTick: 6,1 ms 
[  1212,9s f58640] AIThink: 20,1 ms brains 1
[  1212,9s f58641] FRAME: 82,4 ms gc0+0 gc1+0 gc2+0
[  1213,0s f58642] InfluenceTick: 6,0 ms 
[  1213,0s f58643] FRAME: 70,7 ms gc0+0 gc1+0 gc2+0
[  1213,1s f58644] InfluenceTick: 5,9 ms 
[  1213,1s f58645] FRAME: 57,8 ms gc0+0 gc1+0 gc2+0
[  1213,2s f58647] InfluenceTick: 5,2 ms 
[  1213,3s f58648] FRAME: 67,6 ms gc0+0 gc1+0 gc2+0
[  1213,3s f58649] InfluenceTick: 5,7 ms 
[  1213,4s f58650] FRAME: 55,0 ms gc0+0 gc1+0 gc2+0
[  1213,4s f58652] InfluenceTick: 5,6 ms 
[  1213,5s f58653] FRAME: 61,9 ms gc0+0 gc1+0 gc2+0
[  1213,5s f58653] HutIncome: 17,6 ms huts 71
[  1213,5s f58653] AIThink: 11,7 ms brains 1
[  1213,6s f58654] FRAME: 69,2 ms gc0+0 gc1+0 gc2+0
[  1213,6s f58654] InfluenceTick: 6,2 ms 
[  1213,6s f58655] FRAME: 63,3 ms gc0+0 gc1+0 gc2+0
[  1213,7s f58656] FRAME: 54,6 ms gc0+0 gc1+0 gc2+0
[  1213,7s f58656] InfluenceTick: 6,1 ms 
[  1213,7s f58657] FRAME: 64,7 ms gc0+0 gc1+0 gc2+0
[  1213,8s f58658] InfluenceTick: 5,7 ms 
[  1213,8s f58659] FRAME: 58,2 ms gc0+0 gc1+0 gc2+0
[  1213,9s f58660] InfluenceTick: 6,1 ms 
[  1213,9s f58661] FRAME: 58,5 ms gc0+1 gc1+1 gc2+1
[  1214,0s f58662] InfluenceTick: 6,7 ms 
[  1214,1s f58663] FRAME: 73,4 ms gc0+0 gc1+0 gc2+0
[  1214,1s f58663] AIThink: 9,8 ms brains 1
[  1214,1s f58664] FRAME: 72,9 ms gc0+0 gc1+0 gc2+0
[  1214,2s f58664] InfluenceTick: 5,7 ms 
[  1214,2s f58665] FRAME: 58,1 ms gc0+0 gc1+0 gc2+0
[  1214,3s f58667] InfluenceTick: 5,6 ms 
[  1214,3s f58668] FRAME: 53,0 ms gc0+0 gc1+0 gc2+0
[  1214,4s f58670] InfluenceTick: 5,6 ms 
[  1214,4s f58671] FRAME: 52,3 ms gc0+0 gc1+0 gc2+0
[  1214,5s f58673] FRAME: 63,8 ms gc0+0 gc1+0 gc2+0
[  1214,6s f58673] InfluenceTick: 6,3 ms 
[  1214,6s f58674] FRAME: 58,5 ms gc0+0 gc1+0 gc2+0
[  1214,6s f58674] AIThink: 11,7 ms brains 1
[  1214,7s f58675] InfluenceTick: 5,8 ms 
[  1214,7s f58676] FRAME: 52,6 ms gc0+0 gc1+0 gc2+0
[  1214,8s f58678] InfluenceTick: 6,1 ms 
[  1214,8s f58679] FRAME: 58,2 ms gc0+0 gc1+0 gc2+0
[  1214,9s f58681] InfluenceTick: 5,2 ms 
[  1215,0s f58682] FRAME: 62,7 ms gc0+0 gc1+0 gc2+0
[  1215,0s f58683] InfluenceTick: 5,7 ms 
[  1215,1s f58684] FRAME: 66,2 ms gc0+0 gc1+0 gc2+0
[  1215,1s f58685] InfluenceTick: 5,8 ms 
[  1215,2s f58686] FRAME: 50,5 ms gc0+0 gc1+0 gc2+0
[  1215,2s f58687] AIThink: 18,9 ms brains 1
[  1215,2s f58688] FRAME: 57,0 ms gc0+0 gc1+0 gc2+0
[  1215,3s f58688] InfluenceTick: 5,9 ms 
[  1215,3s f58689] FRAME: 58,6 ms gc0+0 gc1+0 gc2+0
[  1215,4s f58690] FRAME: 54,9 ms gc0+0 gc1+0 gc2+0
[  1215,4s f58690] InfluenceTick: 5,5 ms 
[  1215,4s f58691] FRAME: 52,1 ms gc0+0 gc1+0 gc2+0
[  1215,5s f58693] InfluenceTick: 5,8 ms 
[  1215,5s f58694] FRAME: 53,4 ms gc0+0 gc1+0 gc2+0
[  1215,6s f58694] HutIncome: 20,8 ms huts 71
[  1215,6s f58695] FRAME: 66,7 ms gc0+0 gc1+0 gc2+0
[  1215,6s f58695] InfluenceTick: 6,1 ms 
[  1215,7s f58696] FRAME: 55,7 ms gc0+0 gc1+0 gc2+0
[  1215,8s f58698] InfluenceTick: 5,9 ms 
[  1215,8s f58698] AIThink: 11,3 ms brains 1
[  1215,8s f58699] FRAME: 79,8 ms gc0+0 gc1+0 gc2+0
[  1215,9s f58700] InfluenceTick: 5,3 ms 
[  1216,0s f58703] InfluenceTick: 5,1 ms 
[  1216,0s f58704] FRAME: 61,0 ms gc0+0 gc1+0 gc2+0
[  1216,1s f58706] InfluenceTick: 5,4 ms 
[  1216,1s f58707] FRAME: 52,3 ms gc0+0 gc1+0 gc2+0
[  1216,2s f58708] InfluenceTick: 5,9 ms 
[  1216,3s f58709] FRAME: 59,0 ms gc0+0 gc1+0 gc2+0
[  1216,3s f58709] AIThink: 9,8 ms brains 1
[  1216,3s f58710] FRAME: 51,4 ms gc0+1 gc1+1 gc2+1
[  1216,3s f58710] InfluenceTick: 6,3 ms 
[  1216,4s f58711] FRAME: 53,8 ms gc0+0 gc1+0 gc2+0
[  1216,5s f58713] InfluenceTick: 5,8 ms 
[  1216,5s f58714] FRAME: 55,5 ms gc0+0 gc1+0 gc2+0
[  1216,6s f58715] InfluenceTick: 8,0 ms 
[  1216,6s f58716] FRAME: 95,3 ms gc0+0 gc1+0 gc2+0
[  1216,7s f58717] FRAME: 58,3 ms gc0+0 gc1+0 gc2+0
[  1216,7s f58717] InfluenceTick: 6,2 ms 
[  1216,7s f58717] AIThink: 11,3 ms brains 1
[  1216,8s f58718] FRAME: 67,2 ms gc0+0 gc1+0 gc2+0
[  1216,8s f58719] InfluenceTick: 5,4 ms 
[  1216,8s f58720] FRAME: 53,5 ms gc0+0 gc1+0 gc2+0
[  1216,9s f58722] InfluenceTick: 6,0 ms 
[  1217,0s f58723] FRAME: 61,4 ms gc0+0 gc1+0 gc2+0
[  1217,1s f58724] InfluenceTick: 5,8 ms 
[  1217,1s f58725] FRAME: 56,7 ms gc0+0 gc1+0 gc2+0
[  1217,1s f58726] FRAME: 53,9 ms gc0+0 gc1+0 gc2+0
[  1217,2s f58726] InfluenceTick: 5,9 ms 
[  1217,2s f58727] FRAME: 57,5 ms gc0+0 gc1+0 gc2+0
[  1217,3s f58729] InfluenceTick: 5,3 ms 
[  1217,3s f58730] FRAME: 53,1 ms gc0+0 gc1+0 gc2+0
[  1217,4s f58732] InfluenceTick: 6,2 ms 
[  1217,5s f58733] FRAME: 57,7 ms gc0+0 gc1+0 gc2+0
[  1217,5s f58734] InfluenceTick: 5,8 ms 
[  1217,6s f58735] FRAME: 74,5 ms gc0+0 gc1+0 gc2+0
[  1217,6s f58735] HutIncome: 18,1 ms huts 71
[  1217,6s f58735] AIThink: 20,5 ms brains 1
[  1217,6s f58736] FRAME: 77,5 ms gc0+0 gc1+0 gc2+0
[  1217,7s f58736] InfluenceTick: 6,8 ms 
[  1217,7s f58737] FRAME: 68,6 ms gc0+0 gc1+0 gc2+0
[  1217,8s f58738] InfluenceTick: 6,9 ms 
[  1217,8s f58739] FRAME: 57,5 ms gc0+0 gc1+0 gc2+0
[  1217,9s f58741] InfluenceTick: 6,9 ms 
[  1217,9s f58742] FRAME: 57,3 ms gc0+0 gc1+0 gc2+0
[  1218,0s f58743] InfluenceTick: 6,2 ms 
[  1218,1s f58744] FRAME: 69,2 ms gc0+0 gc1+0 gc2+0
[  1218,1s f58745] InfluenceTick: 6,5 ms 
[  1218,1s f58746] FRAME: 58,8 ms gc0+0 gc1+0 gc2+0
[  1218,2s f58748] InfluenceTick: 6,0 ms 
[  1218,3s f58749] FRAME: 56,4 ms gc0+0 gc1+0 gc2+0
[  1218,4s f58751] InfluenceTick: 5,9 ms 
[  1218,4s f58752] FRAME: 69,8 ms gc0+0 gc1+0 gc2+0
[  1218,4s f58752] AIThink: 10,3 ms brains 1
[  1218,5s f58753] InfluenceTick: 6,7 ms 
[  1218,5s f58754] FRAME: 56,9 ms gc0+0 gc1+0 gc2+0
[  1218,6s f58756] InfluenceTick: 5,4 ms 
[  1218,6s f58757] FRAME: 50,8 ms gc0+0 gc1+0 gc2+0
[  1218,7s f58759] InfluenceTick: 5,6 ms 
[  1218,8s f58760] AIThink: 10,9 ms brains 1
[  1218,8s f58761] FRAME: 59,1 ms gc0+0 gc1+0 gc2+0
[  1218,9s f58761] InfluenceTick: 5,8 ms 
[  1218,9s f58762] FRAME: 60,7 ms gc0+0 gc1+0 gc2+0
[  1219,0s f58764] InfluenceTick: 5,8 ms 
[  1219,0s f58765] FRAME: 59,1 ms gc0+0 gc1+0 gc2+0
[  1219,1s f58767] InfluenceTick: 6,2 ms 
[  1219,2s f58768] FRAME: 57,1 ms gc0+0 gc1+0 gc2+0
[  1219,2s f58769] InfluenceTick: 5,3 ms 
[  1219,3s f58770] FRAME: 77,2 ms gc0+0 gc1+0 gc2+0
[  1219,3s f58771] InfluenceTick: 5,9 ms 
[  1219,4s f58772] FRAME: 57,8 ms gc0+0 gc1+0 gc2+0
[  1219,5s f58774] InfluenceTick: 5,7 ms 
[  1219,5s f58775] FRAME: 53,8 ms gc0+0 gc1+0 gc2+0
[  1219,6s f58777] InfluenceTick: 5,7 ms 
[  1219,6s f58778] FRAME: 50,6 ms gc0+0 gc1+0 gc2+0
[  1219,6s f58778] HutIncome: 16,9 ms huts 71
[  1219,7s f58779] FRAME: 68,9 ms gc0+0 gc1+0 gc2+0
[  1219,7s f58779] InfluenceTick: 5,7 ms 
[  1219,7s f58780] FRAME: 57,4 ms gc0+0 gc1+0 gc2+0
[  1219,8s f58781] InfluenceTick: 6,1 ms 
[  1219,8s f58782] FRAME: 61,3 ms gc0+1 gc1+1 gc2+1
[  1219,9s f58783] InfluenceTick: 6,0 ms 
[  1219,9s f58784] FRAME: 57,2 ms gc0+0 gc1+0 gc2+0
[  1220,0s f58784] AIThink: 20,7 ms brains 1
[  1220,0s f58785] FRAME: 59,3 ms gc0+0 gc1+0 gc2+0
[  1220,0s f58785] InfluenceTick: 5,7 ms 
[  1220,1s f58786] FRAME: 64,9 ms gc0+0 gc1+0 gc2+0
[  1220,1s f58787] FRAME: 52,0 ms gc0+0 gc1+0 gc2+0
[  1220,1s f58787] InfluenceTick: 5,7 ms 
[  1220,2s f58788] FRAME: 52,8 ms gc0+0 gc1+0 gc2+0
[  1220,2s f58789] AIThink: 11,9 ms brains 1
[  1220,3s f58790] InfluenceTick: 6,1 ms 
[  1220,3s f58791] FRAME: 61,2 ms gc0+0 gc1+0 gc2+0
[  1220,4s f58793] InfluenceTick: 5,6 ms 
[  1220,4s f58794] FRAME: 53,4 ms gc0+0 gc1+0 gc2+0
[  1220,5s f58796] FRAME: 50,8 ms gc0+0 gc1+0 gc2+0
[  1220,5s f58796] InfluenceTick: 6,2 ms 
[  1220,6s f58797] FRAME: 58,3 ms gc0+0 gc1+0 gc2+0
[  1220,6s f58797] AIThink: 9,7 ms brains 1
[  1220,7s f58798] InfluenceTick: 5,7 ms 
[  1220,7s f58799] FRAME: 54,0 ms gc0+0 gc1+0 gc2+0
[  1220,8s f58801] InfluenceTick: 5,2 ms 
[  1220,9s f58804] InfluenceTick: 5,6 ms 
[  1220,9s f58805] FRAME: 70,2 ms gc0+0 gc1+0 gc2+0
[  1221,0s f58806] InfluenceTick: 6,0 ms 
[  1221,0s f58807] FRAME: 53,7 ms gc0+0 gc1+0 gc2+0
[  1221,1s f58809] InfluenceTick: 6,0 ms 
[  1221,2s f58810] FRAME: 58,8 ms gc0+0 gc1+0 gc2+0
[  1221,3s f58812] InfluenceTick: 5,2 ms 
[  1221,3s f58813] FRAME: 61,0 ms gc0+0 gc1+0 gc2+0
[  1221,4s f58814] FRAME: 56,1 ms gc0+0 gc1+0 gc2+0
[  1221,4s f58814] InfluenceTick: 5,6 ms 
[  1221,4s f58815] FRAME: 56,4 ms gc0+0 gc1+0 gc2+0
[  1221,5s f58817] InfluenceTick: 5,6 ms 
[  1221,6s f58818] FRAME: 54,0 ms gc0+0 gc1+0 gc2+0
[  1221,7s f58820] InfluenceTick: 6,1 ms 
[  1221,7s f58820] HutIncome: 16,9 ms huts 71
[  1221,7s f58821] FRAME: 73,2 ms gc0+0 gc1+0 gc2+0
[  1221,8s f58822] FRAME: 63,1 ms gc0+0 gc1+0 gc2+0
[  1221,8s f58822] InfluenceTick: 5,8 ms 
[  1221,9s f58823] FRAME: 81,4 ms gc0+0 gc1+0 gc2+0
[  1221,9s f58824] InfluenceTick: 6,2 ms 
[  1222,0s f58825] FRAME: 66,1 ms gc0+0 gc1+0 gc2+0
[  1222,0s f58826] InfluenceTick: 6,2 ms 
[  1222,1s f58827] FRAME: 59,1 ms gc0+0 gc1+0 gc2+0
[  1222,2s f58829] InfluenceTick: 6,2 ms 
[  1222,2s f58830] FRAME: 56,0 ms gc0+0 gc1+0 gc2+0
[  1222,3s f58831] FRAME: 53,4 ms gc0+0 gc1+0 gc2+0
[  1222,3s f58831] InfluenceTick: 6,2 ms 
[  1222,3s f58832] FRAME: 72,5 ms gc0+0 gc1+0 gc2+0
[  1222,4s f58832] AIThink: 20,0 ms brains 1
[  1222,4s f58833] FRAME: 73,3 ms gc0+1 gc1+1 gc2+1
[  1222,5s f58833] InfluenceTick: 5,9 ms 
[  1222,5s f58834] FRAME: 113,7 ms gc0+0 gc1+0 gc2+0
[  1222,5s f58834] InfluenceTick: 6,2 ms 
[  1222,6s f58834] AIThink: 12,1 ms brains 1
[  1222,6s f58835] FRAME: 75,5 ms gc0+0 gc1+0 gc2+0
[  1222,7s f58836] InfluenceTick: 5,7 ms 
[  1222,7s f58837] FRAME: 68,6 ms gc0+0 gc1+0 gc2+0
[  1222,8s f58838] InfluenceTick: 6,1 ms 
[  1222,8s f58838] AIThink: 10,8 ms brains 1
[  1222,8s f58839] FRAME: 71,7 ms gc0+0 gc1+0 gc2+0
[  1222,9s f58840] InfluenceTick: 6,3 ms 
[  1222,9s f58841] FRAME: 59,0 ms gc0+0 gc1+0 gc2+0
[  1223,0s f58842] InfluenceTick: 6,2 ms 
[  1223,0s f58842] AIThink: 10,3 ms brains 1
[  1223,0s f58843] FRAME: 75,9 ms gc0+0 gc1+0 gc2+0
[  1223,1s f58844] FRAME: 55,4 ms gc0+0 gc1+0 gc2+0
[  1223,1s f58844] InfluenceTick: 6,0 ms 
[  1223,2s f58845] FRAME: 73,6 ms gc0+0 gc1+0 gc2+0
[  1223,2s f58846] FRAME: 52,7 ms gc0+1 gc1+1 gc2+1
[  1223,2s f58846] InfluenceTick: 6,0 ms 
[  1223,3s f58847] FRAME: 54,4 ms gc0+0 gc1+0 gc2+0
[  1223,4s f58849] InfluenceTick: 6,0 ms 
[  1223,4s f58850] FRAME: 56,2 ms gc0+0 gc1+0 gc2+0
[  1223,5s f58852] FRAME: 57,7 ms gc0+0 gc1+0 gc2+0
[  1223,5s f58852] InfluenceTick: 6,0 ms 
[  1223,6s f58853] FRAME: 54,3 ms gc0+0 gc1+0 gc2+0
[  1223,7s f58855] InfluenceTick: 6,0 ms 
[  1223,7s f58856] FRAME: 53,5 ms gc0+0 gc1+0 gc2+0
[  1223,7s f58856] HutIncome: 16,8 ms huts 71
[  1223,7s f58857] FRAME: 56,6 ms gc0+0 gc1+0 gc2+0
[  1223,8s f58857] InfluenceTick: 6,0 ms 
[  1223,8s f58858] FRAME: 57,6 ms gc0+0 gc1+0 gc2+0
[  1223,9s f58860] InfluenceTick: 5,9 ms 
[  1223,9s f58861] FRAME: 66,6 ms gc0+0 gc1+0 gc2+0
[  1224,0s f58862] FRAME: 56,5 ms gc0+0 gc1+0 gc2+0
[  1224,0s f58862] InfluenceTick: 6,0 ms 
[  1224,1s f58863] FRAME: 64,4 ms gc0+0 gc1+0 gc2+0
[  1224,1s f58864] InfluenceTick: 5,6 ms 
[  1224,2s f58865] FRAME: 51,9 ms gc0+0 gc1+0 gc2+0
[  1224,3s f58867] InfluenceTick: 5,3 ms 
[  1224,3s f58868] FRAME: 56,3 ms gc0+0 gc1+0 gc2+0
[  1224,3s f58869] FRAME: 51,0 ms gc0+0 gc1+0 gc2+0
[  1224,4s f58869] InfluenceTick: 5,9 ms 
[  1224,4s f58870] FRAME: 57,6 ms gc0+0 gc1+0 gc2+0
[  1224,5s f58871] InfluenceTick: 7,1 ms 
[  1224,5s f58872] FRAME: 55,9 ms gc0+0 gc1+0 gc2+0
[  1224,6s f58874] InfluenceTick: 5,8 ms 
[  1224,6s f58875] FRAME: 55,2 ms gc0+0 gc1+0 gc2+0
[  1224,7s f58877] InfluenceTick: 5,9 ms 
[  1224,8s f58877] AIThink: 19,2 ms brains 1
[  1224,8s f58878] FRAME: 90,4 ms gc0+0 gc1+0 gc2+0
[  1224,8s f58878] AIThink: 12,6 ms brains 1
[  1224,8s f58879] FRAME: 55,4 ms gc0+0 gc1+0 gc2+0
[  1224,9s f58879] InfluenceTick: 6,8 ms 
[  1224,9s f58880] FRAME: 60,8 ms gc0+0 gc1+0 gc2+0
[  1224,9s f58880] AIThink: 10,3 ms brains 1
[  1225,0s f58881] FRAME: 50,8 ms gc0+0 gc1+0 gc2+0
[  1225,0s f58881] InfluenceTick: 5,8 ms 
[  1225,0s f58882] FRAME: 68,9 ms gc0+0 gc1+0 gc2+0
[  1225,1s f58883] InfluenceTick: 6,1 ms 
[  1225,1s f58883] AIThink: 10,5 ms brains 1
[  1225,1s f58884] FRAME: 64,4 ms gc0+0 gc1+0 gc2+0
[  1225,2s f58885] FRAME: 52,2 ms gc0+0 gc1+0 gc2+0
[  1225,2s f58885] InfluenceTick: 5,6 ms 
[  1225,2s f58886] FRAME: 55,8 ms gc0+0 gc1+0 gc2+0
[  1225,3s f58887] InfluenceTick: 6,4 ms 
[  1225,4s f58888] FRAME: 55,9 ms gc0+0 gc1+0 gc2+0
[  1225,4s f58889] FRAME: 52,7 ms gc0+0 gc1+0 gc2+0
[  1225,4s f58889] InfluenceTick: 5,7 ms 
[  1225,5s f58890] FRAME: 66,3 ms gc0+0 gc1+0 gc2+0
[  1225,5s f58891] InfluenceTick: 5,9 ms 
[  1225,6s f58892] FRAME: 52,3 ms gc0+0 gc1+0 gc2+0
[  1225,6s f58893] FRAME: 56,2 ms gc0+0 gc1+0 gc2+0
[  1225,6s f58893] InfluenceTick: 6,1 ms 
[  1225,7s f58894] FRAME: 59,0 ms gc0+0 gc1+0 gc2+0
[  1225,7s f58895] HutIncome: 20,7 ms huts 71
[  1225,8s f58896] FRAME: 61,2 ms gc0+0 gc1+0 gc2+0
[  1225,8s f58896] InfluenceTick: 6,1 ms 
[  1225,8s f58897] FRAME: 58,4 ms gc0+0 gc1+0 gc2+0
[  1225,9s f58899] InfluenceTick: 5,4 ms 
[  1226,0s f58900] FRAME: 67,6 ms gc0+0 gc1+0 gc2+0
[  1226,1s f58901] FRAME: 68,4 ms gc0+0 gc1+0 gc2+0
[  1226,1s f58901] InfluenceTick: 6,5 ms 
[  1226,1s f58902] FRAME: 60,3 ms gc0+0 gc1+0 gc2+0
[  1226,2s f58903] FRAME: 58,0 ms gc0+0 gc1+0 gc2+0
[  1226,2s f58903] InfluenceTick: 6,0 ms 
[  1226,2s f58904] FRAME: 61,3 ms gc0+0 gc1+0 gc2+0
[  1226,3s f58905] InfluenceTick: 5,8 ms 
[  1226,3s f58906] FRAME: 55,7 ms gc0+0 gc1+0 gc2+0
[  1226,4s f58907] InfluenceTick: 5,5 ms 
[  1226,4s f58908] FRAME: 64,0 ms gc0+0 gc1+0 gc2+0
[  1226,5s f58909] FRAME: 54,8 ms gc0+0 gc1+0 gc2+0
[  1226,5s f58909] InfluenceTick: 5,9 ms 
[  1226,6s f58910] FRAME: 59,0 ms gc0+0 gc1+0 gc2+0
[  1226,7s f58912] InfluenceTick: 6,0 ms 
[  1226,7s f58913] FRAME: 62,9 ms gc0+0 gc1+0 gc2+0
[  1226,8s f58914] InfluenceTick: 5,9 ms 
[  1226,8s f58915] FRAME: 57,9 ms gc0+0 gc1+0 gc2+0
[  1226,9s f58916] InfluenceTick: 6,0 ms 
[  1226,9s f58917] FRAME: 60,6 ms gc0+0 gc1+0 gc2+0
[  1227,0s f58918] FRAME: 56,4 ms gc0+0 gc1+0 gc2+0
[  1227,0s f58918] InfluenceTick: 5,9 ms 
[  1227,0s f58919] FRAME: 69,8 ms gc0+0 gc1+0 gc2+0
[  1227,1s f58920] InfluenceTick: 5,6 ms 
[  1227,1s f58920] AIThink: 12,0 ms brains 1
[  1227,1s f58921] FRAME: 70,4 ms gc0+0 gc1+0 gc2+0
[  1227,2s f58921] AIThink: 22,0 ms brains 1
[  1227,2s f58922] FRAME: 68,6 ms gc0+0 gc1+0 gc2+0
[  1227,2s f58922] InfluenceTick: 6,3 ms 
[  1227,3s f58923] FRAME: 60,5 ms gc0+0 gc1+0 gc2+0
[  1227,4s f58925] FRAME: 69,5 ms gc0+0 gc1+0 gc2+0
[  1227,4s f58925] InfluenceTick: 5,7 ms 
[  1227,4s f58926] FRAME: 58,7 ms gc0+0 gc1+0 gc2+0
[  1227,5s f58927] InfluenceTick: 7,2 ms 
[  1227,5s f58928] FRAME: 65,5 ms gc0+0 gc1+0 gc2+0
[  1227,6s f58929] InfluenceTick: 6,1 ms 
[  1227,6s f58930] FRAME: 59,6 ms gc0+0 gc1+0 gc2+0
[  1227,7s f58931] InfluenceTick: 5,9 ms 
[  1227,7s f58932] FRAME: 55,6 ms gc0+0 gc1+0 gc2+0
[  1227,8s f58932] HutIncome: 17,3 ms huts 71
[  1227,8s f58933] FRAME: 70,2 ms gc0+0 gc1+0 gc2+0
[  1227,8s f58933] InfluenceTick: 5,8 ms 
[  1227,9s f58934] FRAME: 55,0 ms gc0+0 gc1+0 gc2+0
[  1227,9s f58935] FRAME: 51,5 ms gc0+0 gc1+0 gc2+0
[  1227,9s f58935] InfluenceTick: 5,5 ms 
[  1228,0s f58936] FRAME: 60,0 ms gc0+0 gc1+0 gc2+0
[  1228,0s f58937] FRAME: 50,9 ms gc0+0 gc1+0 gc2+0
[  1228,1s f58937] InfluenceTick: 5,9 ms 
[  1228,1s f58938] FRAME: 60,4 ms gc0+0 gc1+0 gc2+0
[  1228,2s f58939] InfluenceTick: 6,0 ms 
[  1228,2s f58940] FRAME: 67,0 ms gc0+1 gc1+1 gc2+1
[  1228,3s f58941] FRAME: 61,3 ms gc0+0 gc1+0 gc2+0
[  1228,3s f58941] InfluenceTick: 6,0 ms 
[  1228,3s f58942] FRAME: 57,3 ms gc0+0 gc1+0 gc2+0
[  1228,4s f58944] InfluenceTick: 5,3 ms 
[  1228,4s f58945] FRAME: 54,9 ms gc0+0 gc1+0 gc2+0
[  1228,6s f58947] InfluenceTick: 5,8 ms 
[  1228,6s f58948] FRAME: 51,8 ms gc0+0 gc1+0 gc2+0
[  1228,7s f58950] InfluenceTick: 6,2 ms 
[  1228,7s f58951] FRAME: 59,4 ms gc0+0 gc1+0 gc2+0
[  1228,8s f58952] InfluenceTick: 6,0 ms 
[  1228,8s f58953] FRAME: 57,5 ms gc0+0 gc1+0 gc2+0
[  1228,9s f58955] InfluenceTick: 6,5 ms 
[  1229,0s f58956] FRAME: 58,2 ms gc0+0 gc1+0 gc2+0
[  1229,0s f58957] InfluenceTick: 6,0 ms 
[  1229,1s f58958] FRAME: 54,0 ms gc0+0 gc1+0 gc2+0
[  1229,1s f58959] FRAME: 56,9 ms gc0+0 gc1+0 gc2+0
[  1229,2s f58959] InfluenceTick: 6,2 ms 
[  1229,2s f58960] FRAME: 63,4 ms gc0+0 gc1+0 gc2+0
[  1229,3s f58961] InfluenceTick: 5,8 ms 
[  1229,3s f58961] AIThink: 9,4 ms brains 1
[  1229,3s f58962] FRAME: 68,4 ms gc0+0 gc1+0 gc2+0
[  1229,3s f58962] AIThink: 21,5 ms brains 2
[  1229,4s f58963] FRAME: 62,6 ms gc0+0 gc1+0 gc2+0
[  1229,4s f58963] InfluenceTick: 6,0 ms 
[  1229,4s f58964] FRAME: 60,4 ms gc0+0 gc1+0 gc2+0
[  1229,5s f58965] InfluenceTick: 6,0 ms 
[  1229,6s f58966] FRAME: 82,9 ms gc0+0 gc1+0 gc2+0
[  1229,6s f58966] AIThink: 18,1 ms brains 1
[  1229,6s f58967] FRAME: 71,0 ms gc0+0 gc1+0 gc2+0
[  1229,7s f58967] InfluenceTick: 5,9 ms 
[  1229,7s f58968] FRAME: 64,5 ms gc0+0 gc1+0 gc2+0
[  1229,8s f58969] InfluenceTick: 5,2 ms 
[  1229,8s f58970] FRAME: 52,5 ms gc0+0 gc1+0 gc2+0
[  1229,8s f58970] HutIncome: 16,5 ms huts 71
[  1229,8s f58971] FRAME: 56,5 ms gc0+0 gc1+0 gc2+0
[  1229,9s f58971] InfluenceTick: 6,0 ms 
[  1229,9s f58972] FRAME: 59,8 ms gc0+0 gc1+0 gc2+0
[  1230,0s f58973] FRAME: 66,7 ms gc0+0 gc1+0 gc2+0
[  1230,0s f58973] InfluenceTick: 5,7 ms 
[  1230,0s f58974] FRAME: 80,6 ms gc0+0 gc1+0 gc2+0
[  1230,1s f58975] InfluenceTick: 6,4 ms 
[  1230,2s f58976] FRAME: 57,2 ms gc0+0 gc1+0 gc2+0
[  1230,2s f58977] InfluenceTick: 6,5 ms 
[  1230,3s f58978] FRAME: 62,1 ms gc0+0 gc1+0 gc2+0
[  1230,3s f58979] InfluenceTick: 6,4 ms 
[  1230,4s f58980] FRAME: 65,0 ms gc0+0 gc1+0 gc2+0
[  1230,4s f58981] FRAME: 65,2 ms gc0+0 gc1+0 gc2+0
[  1230,5s f58981] InfluenceTick: 5,6 ms 
[  1230,5s f58982] FRAME: 69,1 ms gc0+1 gc1+1 gc2+1
[  1230,6s f58983] InfluenceTick: 6,2 ms 
[  1230,6s f58984] FRAME: 60,3 ms gc0+0 gc1+0 gc2+0
[  1230,7s f58985] InfluenceTick: 6,0 ms 
[  1230,7s f58986] FRAME: 59,1 ms gc0+0 gc1+0 gc2+0
[  1230,8s f58988] InfluenceTick: 5,3 ms 
[  1230,8s f58989] FRAME: 66,7 ms gc0+0 gc1+0 gc2+0
[  1230,9s f58990] InfluenceTick: 5,9 ms 
[  1230,9s f58991] FRAME: 55,5 ms gc0+0 gc1+0 gc2+0
[  1231,0s f58993] FRAME: 59,0 ms gc0+0 gc1+0 gc2+0
[  1231,1s f58993] InfluenceTick: 5,3 ms 
[  1231,1s f58994] FRAME: 59,2 ms gc0+0 gc1+0 gc2+0
[  1231,2s f58996] InfluenceTick: 6,5 ms 
[  1231,2s f58997] FRAME: 55,3 ms gc0+0 gc1+0 gc2+0
[  1231,3s f58998] FRAME: 56,5 ms gc0+0 gc1+0 gc2+0
[  1231,3s f58998] InfluenceTick: 6,2 ms 
[  1231,3s f58999] FRAME: 58,5 ms gc0+0 gc1+0 gc2+0
[  1231,4s f59001] InfluenceTick: 5,5 ms 
[  1231,5s f59001] AIThink: 20,0 ms brains 2
[  1231,5s f59002] FRAME: 71,3 ms gc0+0 gc1+0 gc2+0
[  1231,5s f59003] InfluenceTick: 5,4 ms 
[  1231,6s f59004] FRAME: 51,4 ms gc0+0 gc1+0 gc2+0
[  1231,7s f59006] InfluenceTick: 5,9 ms 
[  1231,7s f59007] FRAME: 72,2 ms gc0+0 gc1+0 gc2+0
[  1231,8s f59008] InfluenceTick: 5,7 ms 
[  1231,8s f59009] FRAME: 55,4 ms gc0+1 gc1+1 gc2+1
[  1231,8s f59009] HutIncome: 16,0 ms huts 71
[  1231,9s f59010] FRAME: 54,0 ms gc0+0 gc1+0 gc2+0
[  1231,9s f59010] InfluenceTick: 5,9 ms 
[  1231,9s f59011] FRAME: 57,6 ms gc0+0 gc1+0 gc2+0
[  1232,0s f59012] AIThink: 19,3 ms brains 1
[  1232,0s f59013] FRAME: 69,5 ms gc0+0 gc1+0 gc2+0
[  1232,1s f59013] InfluenceTick: 6,1 ms 
[  1232,1s f59014] FRAME: 69,3 ms gc0+0 gc1+0 gc2+0
[  1232,2s f59015] FRAME: 54,6 ms gc0+0 gc1+0 gc2+0
[  1232,2s f59015] InfluenceTick: 6,4 ms 
[  1232,2s f59016] FRAME: 61,0 ms gc0+0 gc1+0 gc2+0
[  1232,3s f59017] InfluenceTick: 6,2 ms 
[  1232,3s f59018] FRAME: 57,3 ms gc0+0 gc1+0 gc2+0
[  1232,4s f59020] InfluenceTick: 5,6 ms 
[  1232,4s f59021] FRAME: 52,6 ms gc0+0 gc1+0 gc2+0
[  1232,5s f59023] InfluenceTick: 5,6 ms 
[  1232,6s f59024] FRAME: 64,0 ms gc0+0 gc1+0 gc2+0
[  1232,6s f59025] InfluenceTick: 5,8 ms 
[  1232,7s f59026] FRAME: 54,7 ms gc0+0 gc1+0 gc2+0
[  1232,7s f59027] InfluenceTick: 5,6 ms 
[  1232,8s f59028] FRAME: 54,9 ms gc0+0 gc1+0 gc2+0
[  1232,9s f59030] InfluenceTick: 6,3 ms 
[  1232,9s f59031] FRAME: 54,5 ms gc0+0 gc1+0 gc2+0
[  1233,0s f59033] InfluenceTick: 6,2 ms 
[  1233,0s f59034] FRAME: 73,4 ms gc0+0 gc1+0 gc2+0
[  1233,1s f59035] InfluenceTick: 5,7 ms 
[  1233,1s f59036] FRAME: 50,5 ms gc0+0 gc1+0 gc2+0
[  1233,2s f59038] InfluenceTick: 5,4 ms 
[  1233,3s f59039] FRAME: 51,6 ms gc0+0 gc1+0 gc2+0
[  1233,4s f59041] InfluenceTick: 5,9 ms 
[  1233,4s f59042] FRAME: 67,7 ms gc0+0 gc1+0 gc2+0
[  1233,5s f59043] InfluenceTick: 5,9 ms 
[  1233,5s f59045] AIThink: 11,5 ms brains 1
[  1233,6s f59046] InfluenceTick: 6,0 ms 
[  1233,6s f59046] AIThink: 9,7 ms brains 1
[  1233,6s f59047] FRAME: 65,8 ms gc0+0 gc1+0 gc2+0
[  1233,7s f59048] FRAME: 51,1 ms gc0+0 gc1+0 gc2+0
[  1233,7s f59048] InfluenceTick: 5,9 ms 
[  1233,7s f59049] FRAME: 62,3 ms gc0+0 gc1+0 gc2+0
[  1233,8s f59050] FRAME: 52,8 ms gc0+0 gc1+0 gc2+0
[  1233,8s f59050] InfluenceTick: 5,8 ms 
[  1233,8s f59050] AIThink: 11,0 ms brains 1
[  1233,9s f59051] FRAME: 63,8 ms gc0+0 gc1+0 gc2+0
[  1233,9s f59051] HutIncome: 16,9 ms huts 71
[  1233,9s f59052] FRAME: 53,6 ms gc0+0 gc1+0 gc2+0
[  1233,9s f59052] InfluenceTick: 5,4 ms 
[  1234,0s f59053] FRAME: 65,9 ms gc0+1 gc1+1 gc2+1
[  1234,0s f59054] InfluenceTick: 5,8 ms 
[  1234,1s f59055] FRAME: 66,9 ms gc0+0 gc1+0 gc2+0
[  1234,1s f59056] InfluenceTick: 5,6 ms 
[  1234,2s f59057] FRAME: 50,2 ms gc0+0 gc1+0 gc2+0
[  1234,2s f59058] FRAME: 52,7 ms gc0+0 gc1+0 gc2+0
[  1234,3s f59058] InfluenceTick: 6,5 ms 
[  1234,3s f59059] FRAME: 58,6 ms gc0+0 gc1+0 gc2+0
[  1234,4s f59061] InfluenceTick: 6,3 ms 
[  1234,4s f59061] AIThink: 18,4 ms brains 1
[  1234,4s f59062] FRAME: 71,4 ms gc0+0 gc1+0 gc2+0
[  1234,5s f59063] InfluenceTick: 5,8 ms 
[  1234,5s f59064] FRAME: 50,7 ms gc0+0 gc1+0 gc2+0
[  1234,6s f59066] InfluenceTick: 5,8 ms 
[  1234,6s f59067] FRAME: 68,3 ms gc0+0 gc1+0 gc2+0
[  1234,7s f59068] InfluenceTick: 5,8 ms 
[  1234,7s f59069] FRAME: 55,1 ms gc0+0 gc1+0 gc2+0
[  1234,8s f59071] InfluenceTick: 6,3 ms 
[  1234,9s f59072] FRAME: 57,4 ms gc0+0 gc1+0 gc2+0
[  1235,0s f59074] InfluenceTick: 5,3 ms 
[  1235,0s f59075] FRAME: 51,7 ms gc0+0 gc1+0 gc2+0
[  1235,1s f59076] FRAME: 62,6 ms gc0+0 gc1+0 gc2+0
[  1235,1s f59076] InfluenceTick: 5,8 ms 
[  1235,1s f59077] FRAME: 67,3 ms gc0+0 gc1+0 gc2+0
[  1235,2s f59078] InfluenceTick: 5,8 ms 
[  1235,2s f59079] FRAME: 55,8 ms gc0+1 gc1+1 gc2+1
[  1235,3s f59081] InfluenceTick: 6,4 ms 
[  1235,4s f59082] FRAME: 66,7 ms gc0+0 gc1+0 gc2+0
[  1235,4s f59083] InfluenceTick: 5,7 ms 
[  1235,5s f59084] FRAME: 70,1 ms gc0+0 gc1+0 gc2+0
[  1235,5s f59085] InfluenceTick: 5,8 ms 
[  1235,6s f59086] FRAME: 54,1 ms gc0+0 gc1+0 gc2+0
[  1235,6s f59087] InfluenceTick: 5,9 ms 
[  1235,7s f59088] FRAME: 58,0 ms gc0+0 gc1+0 gc2+0
[  1235,8s f59090] InfluenceTick: 6,4 ms 
[  1235,8s f59090] AIThink: 10,0 ms brains 1
[  1235,8s f59091] FRAME: 70,2 ms gc0+0 gc1+0 gc2+0
[  1235,9s f59092] FRAME: 57,6 ms gc0+0 gc1+0 gc2+0
[  1235,9s f59092] InfluenceTick: 6,3 ms 
[  1235,9s f59092] HutIncome: 16,3 ms huts 71
[  1235,9s f59093] FRAME: 71,3 ms gc0+0 gc1+0 gc2+0
[  1236,0s f59094] InfluenceTick: 5,6 ms 
[  1236,0s f59095] FRAME: 66,0 ms gc0+0 gc1+0 gc2+0
[  1236,1s f59095] AIThink: 11,0 ms brains 1
[  1236,1s f59096] FRAME: 65,9 ms gc0+0 gc1+0 gc2+0
[  1236,1s f59096] InfluenceTick: 5,6 ms 
[  1236,2s f59097] FRAME: 64,2 ms gc0+0 gc1+0 gc2+0
[  1236,2s f59098] InfluenceTick: 6,0 ms 
[  1236,3s f59099] FRAME: 58,2 ms gc0+0 gc1+0 gc2+0
[  1236,3s f59100] FRAME: 54,7 ms gc0+0 gc1+0 gc2+0
[  1236,3s f59100] InfluenceTick: 6,0 ms 
[  1236,4s f59101] FRAME: 60,2 ms gc0+0 gc1+0 gc2+0
[  1236,5s f59103] InfluenceTick: 5,4 ms 
[  1236,5s f59104] FRAME: 53,4 ms gc0+0 gc1+0 gc2+0
[  1236,6s f59106] InfluenceTick: 6,7 ms 
[  1236,7s f59107] FRAME: 58,2 ms gc0+0 gc1+0 gc2+0
[  1236,7s f59108] FRAME: 62,7 ms gc0+0 gc1+0 gc2+0
[  1236,8s f59108] InfluenceTick: 5,7 ms 
[  1236,8s f59109] FRAME: 70,5 ms gc0+0 gc1+0 gc2+0
[  1236,8s f59109] AIThink: 20,0 ms brains 1
[  1236,8s f59110] FRAME: 57,8 ms gc0+0 gc1+0 gc2+0
[  1236,9s f59110] InfluenceTick: 5,8 ms 
[  1236,9s f59111] FRAME: 58,2 ms gc0+0 gc1+0 gc2+0
[  1237,0s f59113] InfluenceTick: 5,3 ms 
[  1237,0s f59114] FRAME: 62,0 ms gc0+0 gc1+0 gc2+0
[  1237,1s f59115] InfluenceTick: 6,1 ms 
[  1237,1s f59116] FRAME: 54,2 ms gc0+0 gc1+0 gc2+0
[  1237,2s f59117] FRAME: 57,0 ms gc0+0 gc1+0 gc2+0
[  1237,2s f59117] InfluenceTick: 6,2 ms 
[  1237,3s f59118] FRAME: 59,6 ms gc0+0 gc1+0 gc2+0
[  1237,3s f59119] InfluenceTick: 5,8 ms 
[  1237,3s f59120] FRAME: 54,5 ms gc0+0 gc1+0 gc2+0
[  1237,4s f59122] InfluenceTick: 5,5 ms 
[  1237,5s f59123] FRAME: 52,3 ms gc0+0 gc1+0 gc2+0
[  1237,6s f59125] InfluenceTick: 6,0 ms 
[  1237,6s f59126] FRAME: 79,9 ms gc0+0 gc1+0 gc2+0
[  1237,7s f59127] InfluenceTick: 6,0 ms 
[  1237,7s f59128] FRAME: 53,4 ms gc0+0 gc1+0 gc2+0
[  1237,8s f59128] AIThink: 11,0 ms brains 1
[  1237,8s f59129] FRAME: 57,1 ms gc0+0 gc1+0 gc2+0
[  1237,8s f59129] InfluenceTick: 5,9 ms 
[  1237,8s f59130] FRAME: 60,3 ms gc0+0 gc1+0 gc2+0
[  1237,9s f59131] HutIncome: 16,3 ms huts 71
[  1237,9s f59131] AIThink: 9,3 ms brains 1
[  1237,9s f59132] FRAME: 64,6 ms gc0+0 gc1+0 gc2+0
[  1238,0s f59132] InfluenceTick: 6,0 ms 
[  1238,0s f59133] FRAME: 69,9 ms gc0+0 gc1+0 gc2+0
[  1238,1s f59134] FRAME: 60,4 ms gc0+0 gc1+0 gc2+0
[  1238,1s f59134] InfluenceTick: 6,1 ms 
[  1238,1s f59135] FRAME: 55,4 ms gc0+0 gc1+0 gc2+0
[  1238,2s f59137] InfluenceTick: 6,2 ms 
[  1238,3s f59138] FRAME: 55,5 ms gc0+0 gc1+0 gc2+0
[  1238,3s f59138] AIThink: 12,6 ms brains 1
[  1238,3s f59139] FRAME: 61,1 ms gc0+0 gc1+0 gc2+0
[  1238,4s f59139] InfluenceTick: 6,4 ms 
[  1238,4s f59140] FRAME: 62,9 ms gc0+0 gc1+0 gc2+0
[  1238,5s f59141] InfluenceTick: 5,3 ms 
[  1238,5s f59142] FRAME: 69,1 ms gc0+0 gc1+0 gc2+0
[  1238,6s f59143] InfluenceTick: 6,5 ms 
[  1238,6s f59144] FRAME: 60,6 ms gc0+0 gc1+0 gc2+0
[  1238,7s f59145] InfluenceTick: 5,9 ms 
[  1238,7s f59146] FRAME: 53,0 ms gc0+0 gc1+0 gc2+0
[  1238,8s f59148] InfluenceTick: 5,9 ms 
[  1238,8s f59149] FRAME: 68,8 ms gc0+1 gc1+1 gc2+1
[  1238,9s f59150] InfluenceTick: 6,2 ms 
[  1238,9s f59151] FRAME: 56,8 ms gc0+0 gc1+0 gc2+0
[  1239,0s f59152] InfluenceTick: 5,3 ms 
[  1239,1s f59153] FRAME: 59,2 ms gc0+0 gc1+0 gc2+0
[  1239,1s f59154] InfluenceTick: 6,0 ms 
[  1239,1s f59155] FRAME: 56,1 ms gc0+0 gc1+0 gc2+0
[  1239,2s f59156] AIThink: 22,2 ms brains 1
[  1239,2s f59157] FRAME: 63,8 ms gc0+0 gc1+0 gc2+0
[  1239,3s f59157] InfluenceTick: 5,7 ms 
[  1239,3s f59158] FRAME: 73,3 ms gc0+0 gc1+0 gc2+0
[  1239,4s f59159] InfluenceTick: 5,9 ms 
[  1239,4s f59160] FRAME: 52,4 ms gc0+0 gc1+0 gc2+0
[  1239,5s f59162] InfluenceTick: 5,6 ms 
[  1239,5s f59163] FRAME: 54,6 ms gc0+0 gc1+0 gc2+0
[  1239,6s f59165] InfluenceTick: 5,6 ms 
[  1239,7s f59166] FRAME: 50,3 ms gc0+0 gc1+0 gc2+0
[  1239,7s f59167] FRAME: 52,4 ms gc0+0 gc1+0 gc2+0
[  1239,7s f59167] InfluenceTick: 6,2 ms 
[  1239,8s f59168] FRAME: 59,6 ms gc0+0 gc1+0 gc2+0
[  1239,8s f59169] AIThink: 9,9 ms brains 1
[  1239,9s f59170] InfluenceTick: 6,1 ms 
[  1239,9s f59171] FRAME: 60,1 ms gc0+0 gc1+0 gc2+0
[  1239,9s f59171] HutIncome: 17,3 ms huts 71
[  1240,0s f59172] FRAME: 70,7 ms gc0+0 gc1+0 gc2+0
[  1240,0s f59172] InfluenceTick: 5,4 ms 
[  1240,1s f59173] FRAME: 75,8 ms gc0+0 gc1+0 gc2+0
[  1240,1s f59173] AIThink: 10,4 ms brains 1
[  1240,1s f59174] FRAME: 60,9 ms gc0+1 gc1+1 gc2+1
[  1240,2s f59174] InfluenceTick: 5,5 ms 
[  1240,2s f59175] FRAME: 67,0 ms gc0+0 gc1+0 gc2+0
[  1240,3s f59176] InfluenceTick: 6,4 ms 
[  1240,3s f59177] FRAME: 55,4 ms gc0+0 gc1+0 gc2+0
[  1240,4s f59179] InfluenceTick: 5,6 ms 
[  1240,4s f59180] FRAME: 59,5 ms gc0+0 gc1+0 gc2+0
[  1240,5s f59182] InfluenceTick: 5,9 ms 
[  1240,5s f59183] FRAME: 54,3 ms gc0+0 gc1+0 gc2+0
[  1240,6s f59183] AIThink: 12,2 ms brains 1
[  1240,6s f59184] FRAME: 68,1 ms gc0+0 gc1+0 gc2+0
[  1240,6s f59184] InfluenceTick: 5,5 ms 
[  1240,7s f59185] FRAME: 51,9 ms gc0+0 gc1+0 gc2+0
[  1240,8s f59187] InfluenceTick: 6,3 ms 
[  1240,8s f59188] FRAME: 58,5 ms gc0+0 gc1+0 gc2+0
[  1240,9s f59190] InfluenceTick: 6,2 ms 
[  1240,9s f59191] FRAME: 58,5 ms gc0+0 gc1+0 gc2+0
[  1241,0s f59193] FRAME: 58,9 ms gc0+0 gc1+0 gc2+0
[  1241,0s f59193] InfluenceTick: 6,0 ms 
[  1241,1s f59194] FRAME: 68,9 ms gc0+0 gc1+0 gc2+0
[  1241,1s f59195] FRAME: 56,9 ms gc0+0 gc1+0 gc2+0
[  1241,2s f59195] InfluenceTick: 5,4 ms 
[  1241,2s f59196] FRAME: 63,0 ms gc0+0 gc1+0 gc2+0
[  1241,3s f59197] InfluenceTick: 5,6 ms 
[  1241,3s f59198] FRAME: 54,5 ms gc0+0 gc1+0 gc2+0
[  1241,4s f59200] InfluenceTick: 6,2 ms 
[  1241,5s f59201] FRAME: 72,9 ms gc0+0 gc1+0 gc2+0
[  1241,5s f59202] InfluenceTick: 5,6 ms 
[  1241,5s f59203] FRAME: 54,3 ms gc0+0 gc1+0 gc2+0
[  1241,6s f59204] AIThink: 21,3 ms brains 1
[  1241,6s f59205] FRAME: 61,3 ms gc0+0 gc1+0 gc2+0
[  1241,7s f59205] InfluenceTick: 5,7 ms 
[  1241,7s f59206] FRAME: 60,7 ms gc0+0 gc1+0 gc2+0
[  1241,8s f59208] InfluenceTick: 5,9 ms 
[  1241,9s f59209] FRAME: 72,9 ms gc0+0 gc1+0 gc2+0
[  1241,9s f59210] InfluenceTick: 5,9 ms 
[  1242,0s f59211] FRAME: 63,1 ms gc0+0 gc1+0 gc2+0
[  1242,0s f59211] HutIncome: 18,3 ms huts 71
[  1242,0s f59212] FRAME: 65,6 ms gc0+0 gc1+0 gc2+0
[  1242,0s f59212] InfluenceTick: 6,5 ms 
[  1242,1s f59213] FRAME: 68,4 ms gc0+0 gc1+0 gc2+0
[  1242,2s f59214] InfluenceTick: 5,3 ms 
[  1242,2s f59215] FRAME: 50,1 ms gc0+0 gc1+0 gc2+0
[  1242,3s f59216] AIThink: 9,6 ms brains 1
[  1242,3s f59217] FRAME: 58,5 ms gc0+0 gc1+0 gc2+0
[  1242,3s f59217] InfluenceTick: 6,2 ms 
[  1242,3s f59218] FRAME: 61,1 ms gc0+0 gc1+0 gc2+0
[  1242,4s f59219] InfluenceTick: 5,8 ms 
[  1242,4s f59220] FRAME: 56,1 ms gc0+0 gc1+0 gc2+0
[  1242,5s f59221] FRAME: 51,1 ms gc0+0 gc1+0 gc2+0
[  1242,5s f59221] InfluenceTick: 5,3 ms 
[  1242,5s f59222] FRAME: 53,7 ms gc0+1 gc1+1 gc2+1
[  1242,6s f59224] InfluenceTick: 6,4 ms 
[  1242,7s f59225] FRAME: 57,8 ms gc0+0 gc1+0 gc2+0
[  1242,7s f59226] FRAME: 52,7 ms gc0+0 gc1+0 gc2+0
[  1242,7s f59226] InfluenceTick: 5,6 ms 
[  1242,8s f59227] FRAME: 53,0 ms gc0+0 gc1+0 gc2+0
[  1242,9s f59229] InfluenceTick: 5,9 ms 
[  1242,9s f59230] FRAME: 56,1 ms gc0+0 gc1+0 gc2+0
[  1243,0s f59232] FRAME: 53,3 ms gc0+0 gc1+0 gc2+0
[  1243,0s f59232] InfluenceTick: 5,7 ms 
[  1243,1s f59233] FRAME: 59,9 ms gc0+0 gc1+0 gc2+0
[  1243,2s f59235] InfluenceTick: 6,1 ms 
[  1243,2s f59236] FRAME: 56,7 ms gc0+0 gc1+0 gc2+0
[  1243,3s f59238] InfluenceTick: 5,5 ms 
[  1243,3s f59239] FRAME: 53,0 ms gc0+0 gc1+0 gc2+0
[  1243,4s f59241] InfluenceTick: 6,4 ms 
[  1243,5s f59242] FRAME: 62,5 ms gc0+0 gc1+0 gc2+0
[  1243,5s f59243] InfluenceTick: 5,6 ms 
[  1243,6s f59244] FRAME: 66,8 ms gc0+0 gc1+0 gc2+0
[  1243,6s f59245] InfluenceTick: 5,1 ms 
[  1243,8s f59248] InfluenceTick: 5,8 ms 
[  1243,8s f59249] FRAME: 55,6 ms gc0+0 gc1+0 gc2+0
[  1243,9s f59251] InfluenceTick: 5,4 ms 
[  1243,9s f59252] FRAME: 52,5 ms gc0+0 gc1+0 gc2+0
[  1244,0s f59253] InfluenceTick: 6,1 ms 
[  1244,0s f59253] HutIncome: 15,8 ms huts 71
[  1244,1s f59253] AIThink: 29,4 ms brains 2
[  1244,1s f59254] FRAME: 116,0 ms gc0+0 gc1+0 gc2+0
[  1244,1s f59254] InfluenceTick: 5,2 ms 
[  1244,2s f59255] FRAME: 60,9 ms gc0+0 gc1+0 gc2+0
[  1244,2s f59257] InfluenceTick: 6,1 ms 
[  1244,3s f59258] FRAME: 57,9 ms gc0+0 gc1+0 gc2+0
[  1244,4s f59260] InfluenceTick: 6,1 ms 
[  1244,4s f59261] FRAME: 70,6 ms gc0+0 gc1+0 gc2+0
[  1244,4s f59261] AIThink: 9,8 ms brains 1
[  1244,5s f59262] InfluenceTick: 5,6 ms 
[  1244,5s f59263] FRAME: 50,0 ms gc0+0 gc1+0 gc2+0
[  1244,6s f59265] InfluenceTick: 5,8 ms 
[  1244,7s f59266] FRAME: 56,1 ms gc0+0 gc1+0 gc2+0
[  1244,7s f59268] InfluenceTick: 6,1 ms 
[  1244,8s f59269] FRAME: 54,0 ms gc0+0 gc1+0 gc2+0
[  1244,8s f59270] FRAME: 52,8 ms gc0+0 gc1+0 gc2+0
[  1244,9s f59270] InfluenceTick: 5,8 ms 
[  1244,9s f59271] FRAME: 53,3 ms gc0+0 gc1+0 gc2+0
[  1245,0s f59273] InfluenceTick: 5,5 ms 
[  1245,0s f59274] FRAME: 61,4 ms gc0+0 gc1+0 gc2+0
[  1245,1s f59275] InfluenceTick: 6,0 ms 
[  1245,1s f59276] FRAME: 65,5 ms gc0+0 gc1+0 gc2+0
[  1245,2s f59277] InfluenceTick: 5,8 ms 
[  1245,2s f59278] FRAME: 52,5 ms gc0+0 gc1+0 gc2+0
[  1245,3s f59279] FRAME: 56,1 ms gc0+0 gc1+0 gc2+0
[  1245,3s f59279] InfluenceTick: 6,1 ms 
[  1245,3s f59280] FRAME: 74,1 ms gc0+0 gc1+0 gc2+0
[  1245,4s f59281] FRAME: 50,4 ms gc0+0 gc1+0 gc2+0
[  1245,4s f59281] InfluenceTick: 5,6 ms 
[  1245,5s f59282] FRAME: 55,7 ms gc0+0 gc1+0 gc2+0
[  1245,6s f59284] InfluenceTick: 5,9 ms 
[  1245,6s f59285] FRAME: 54,2 ms gc0+0 gc1+0 gc2+0
[  1245,7s f59287] FRAME: 55,1 ms gc0+0 gc1+0 gc2+0
[  1245,7s f59287] InfluenceTick: 5,7 ms 
[  1245,7s f59288] FRAME: 58,2 ms gc0+1 gc1+1 gc2+1
[  1245,8s f59289] InfluenceTick: 6,4 ms 
[  1245,8s f59290] FRAME: 62,2 ms gc0+0 gc1+0 gc2+0
[  1245,9s f59291] InfluenceTick: 5,6 ms 
[  1245,9s f59292] FRAME: 56,8 ms gc0+0 gc1+0 gc2+0
[  1246,0s f59293] InfluenceTick: 5,6 ms 
[  1246,0s f59293] HutIncome: 14,8 ms huts 71
[  1246,1s f59294] FRAME: 73,0 ms gc0+0 gc1+0 gc2+0
[  1246,1s f59295] FRAME: 58,6 ms gc0+0 gc1+0 gc2+0
[  1246,2s f59295] InfluenceTick: 5,8 ms 
[  1246,2s f59296] FRAME: 61,6 ms gc0+0 gc1+0 gc2+0
[  1246,3s f59297] InfluenceTick: 6,4 ms 
[  1246,3s f59298] FRAME: 59,1 ms gc0+0 gc1+0 gc2+0
[  1246,4s f59299] InfluenceTick: 7,2 ms 
[  1246,4s f59300] FRAME: 68,4 ms gc0+0 gc1+0 gc2+0
[  1246,4s f59300] AIThink: 20,2 ms brains 1
[  1246,5s f59301] FRAME: 65,5 ms gc0+0 gc1+0 gc2+0
[  1246,5s f59301] InfluenceTick: 6,6 ms 
[  1246,5s f59302] FRAME: 61,4 ms gc0+0 gc1+0 gc2+0
[  1246,6s f59303] FRAME: 52,6 ms gc0+0 gc1+0 gc2+0
[  1246,6s f59303] InfluenceTick: 6,4 ms 
[  1246,6s f59303] AIThink: 11,0 ms brains 1
[  1246,7s f59304] FRAME: 77,8 ms gc0+0 gc1+0 gc2+0
[  1246,7s f59305] InfluenceTick: 6,0 ms 
[  1246,8s f59306] FRAME: 56,2 ms gc0+0 gc1+0 gc2+0
[  1246,9s f59308] InfluenceTick: 5,3 ms 
[  1246,9s f59309] FRAME: 54,3 ms gc0+0 gc1+0 gc2+0
[  1246,9s f59310] FRAME: 56,0 ms gc0+0 gc1+0 gc2+0
[  1247,0s f59310] InfluenceTick: 5,2 ms 
[  1247,0s f59311] FRAME: 84,9 ms gc0+1 gc1+1 gc2+1
[  1247,1s f59312] FRAME: 51,3 ms gc0+0 gc1+0 gc2+0
[  1247,1s f59312] InfluenceTick: 5,8 ms 
[  1247,1s f59313] FRAME: 60,6 ms gc0+0 gc1+0 gc2+0
[  1247,2s f59315] InfluenceTick: 5,6 ms 
[  1247,3s f59316] FRAME: 51,7 ms gc0+0 gc1+0 gc2+0
[  1247,3s f59316] AIThink: 12,0 ms brains 1
[  1247,3s f59317] FRAME: 52,6 ms gc0+0 gc1+0 gc2+0
[  1247,3s f59317] InfluenceTick: 5,9 ms 
[  1247,4s f59318] FRAME: 58,9 ms gc0+0 gc1+0 gc2+0
[  1247,4s f59319] FRAME: 57,3 ms gc0+0 gc1+0 gc2+0
[  1247,5s f59319] InfluenceTick: 6,2 ms 
[  1247,5s f59320] FRAME: 56,0 ms gc0+0 gc1+0 gc2+0
[  1247,6s f59322] InfluenceTick: 6,6 ms 
[  1247,6s f59323] FRAME: 63,7 ms gc0+0 gc1+0 gc2+0
[  1247,7s f59324] InfluenceTick: 5,0 ms 
[  1247,8s f59327] InfluenceTick: 6,5 ms 
[  1247,9s f59328] FRAME: 74,4 ms gc0+0 gc1+0 gc2+0
[  1247,9s f59329] InfluenceTick: 6,0 ms 
[  1248,0s f59330] FRAME: 67,8 ms gc0+0 gc1+0 gc2+0
[  1248,0s f59331] FRAME: 54,1 ms gc0+0 gc1+0 gc2+0
[  1248,1s f59331] InfluenceTick: 5,7 ms 
[  1248,1s f59331] HutIncome: 14,7 ms huts 71
[  1248,1s f59332] FRAME: 81,7 ms gc0+0 gc1+0 gc2+0
[  1248,2s f59333] InfluenceTick: 5,9 ms 
[  1248,2s f59333] AIThink: 10,4 ms brains 1
[  1248,2s f59334] FRAME: 71,7 ms gc0+0 gc1+0 gc2+0
[  1248,3s f59335] FRAME: 62,9 ms gc0+0 gc1+0 gc2+0
[  1248,3s f59335] InfluenceTick: 6,5 ms 
[  1248,4s f59336] FRAME: 63,8 ms gc0+0 gc1+0 gc2+0
[  1248,4s f59337] InfluenceTick: 6,1 ms 
[  1248,5s f59338] FRAME: 61,9 ms gc0+0 gc1+0 gc2+0
[  1248,5s f59339] InfluenceTick: 6,4 ms 
[  1248,6s f59340] FRAME: 79,1 ms gc0+0 gc1+0 gc2+0
[  1248,6s f59341] InfluenceTick: 5,8 ms 
[  1248,7s f59342] FRAME: 58,2 ms gc0+0 gc1+0 gc2+0
[  1248,7s f59343] FRAME: 60,4 ms gc0+0 gc1+0 gc2+0
[  1248,8s f59343] InfluenceTick: 6,5 ms 
[  1248,8s f59343] AIThink: 11,1 ms brains 1
[  1248,8s f59344] FRAME: 88,4 ms gc0+0 gc1+0 gc2+0
[  1248,9s f59344] AIThink: 21,1 ms brains 1
[  1248,9s f59345] FRAME: 82,2 ms gc0+0 gc1+0 gc2+0
[  1248,9s f59345] InfluenceTick: 5,9 ms 
[  1249,0s f59346] FRAME: 66,0 ms gc0+1 gc1+1 gc2+1
[  1249,0s f59347] FRAME: 52,6 ms gc0+0 gc1+0 gc2+0
[  1249,1s f59347] InfluenceTick: 5,8 ms 
[  1249,1s f59348] FRAME: 61,5 ms gc0+0 gc1+0 gc2+0
[  1249,2s f59349] FRAME: 65,3 ms gc0+0 gc1+0 gc2+0
[  1249,2s f59349] InfluenceTick: 6,0 ms 
[  1249,2s f59350] FRAME: 59,7 ms gc0+0 gc1+0 gc2+0
[  1249,3s f59352] InfluenceTick: 6,2 ms 
[  1249,3s f59353] FRAME: 54,4 ms gc0+0 gc1+0 gc2+0
[  1249,4s f59355] InfluenceTick: 6,4 ms 
[  1249,5s f59356] FRAME: 62,8 ms gc0+0 gc1+0 gc2+0
[  1249,6s f59357] InfluenceTick: 5,2 ms 
[  1249,6s f59357] AIThink: 9,6 ms brains 1
[  1249,6s f59358] FRAME: 72,4 ms gc0+0 gc1+0 gc2+0
[  1249,7s f59359] InfluenceTick: 5,8 ms 
[  1249,7s f59360] FRAME: 57,9 ms gc0+0 gc1+0 gc2+0
[  1249,8s f59362] InfluenceTick: 5,5 ms 
[  1249,8s f59363] FRAME: 59,3 ms gc0+0 gc1+0 gc2+0
[  1249,9s f59365] InfluenceTick: 5,8 ms 
[  1250,0s f59366] FRAME: 52,6 ms gc0+0 gc1+0 gc2+0
[  1250,0s f59367] FRAME: 70,6 ms gc0+0 gc1+0 gc2+0
[  1250,1s f59367] InfluenceTick: 6,8 ms 
[  1250,1s f59367] HutIncome: 16,5 ms huts 71
[  1250,1s f59368] FRAME: 79,9 ms gc0+0 gc1+0 gc2+0
[  1250,2s f59369] InfluenceTick: 5,8 ms 
[  1250,2s f59370] FRAME: 63,7 ms gc0+1 gc1+1 gc2+1
[  1250,3s f59371] InfluenceTick: 5,9 ms 
[  1250,3s f59371] AIThink: 10,5 ms brains 1
[  1250,3s f59372] FRAME: 70,2 ms gc0+0 gc1+0 gc2+0
[  1250,4s f59373] InfluenceTick: 6,1 ms 
[  1250,5s f59374] FRAME: 77,1 ms gc0+0 gc1+0 gc2+0
[  1250,5s f59375] InfluenceTick: 5,8 ms 
[  1250,6s f59376] FRAME: 57,6 ms gc0+0 gc1+0 gc2+0
[  1250,7s f59378] InfluenceTick: 6,0 ms 
[  1250,7s f59379] FRAME: 60,6 ms gc0+0 gc1+0 gc2+0
[  1250,8s f59380] InfluenceTick: 7,1 ms 
[  1250,8s f59381] FRAME: 65,8 ms gc0+0 gc1+0 gc2+0
[  1250,9s f59382] FRAME: 52,9 ms gc0+0 gc1+0 gc2+0
[  1250,9s f59382] InfluenceTick: 5,8 ms 
[  1250,9s f59383] FRAME: 59,0 ms gc0+0 gc1+0 gc2+0
[  1250,9s f59383] AIThink: 11,1 ms brains 1
[  1251,0s f59384] FRAME: 53,4 ms gc0+0 gc1+0 gc2+0
[  1251,0s f59384] InfluenceTick: 7,0 ms 
[  1251,0s f59385] FRAME: 69,8 ms gc0+0 gc1+0 gc2+0
[  1251,1s f59386] InfluenceTick: 6,3 ms 
[  1251,1s f59387] FRAME: 57,0 ms gc0+0 gc1+0 gc2+0
[  1251,2s f59388] FRAME: 57,8 ms gc0+0 gc1+0 gc2+0
[  1251,2s f59388] InfluenceTick: 5,8 ms 
[  1251,3s f59389] FRAME: 65,8 ms gc0+0 gc1+0 gc2+0
[  1251,3s f59389] AIThink: 19,5 ms brains 1
[  1251,3s f59390] FRAME: 73,4 ms gc0+0 gc1+0 gc2+0
[  1251,4s f59390] InfluenceTick: 6,4 ms 
[  1251,4s f59391] FRAME: 63,6 ms gc0+0 gc1+0 gc2+0
[  1251,5s f59392] InfluenceTick: 5,0 ms 
[  1251,6s f59395] InfluenceTick: 5,3 ms 
[  1251,6s f59396] FRAME: 52,0 ms gc0+0 gc1+0 gc2+0
[  1251,7s f59398] InfluenceTick: 5,6 ms 
[  1251,8s f59399] FRAME: 68,3 ms gc0+0 gc1+0 gc2+0
[  1251,8s f59400] InfluenceTick: 6,0 ms 
[  1251,9s f59401] FRAME: 54,7 ms gc0+0 gc1+0 gc2+0
[  1251,9s f59403] FRAME: 57,4 ms gc0+0 gc1+0 gc2+0
[  1252,0s f59403] InfluenceTick: 5,6 ms 
[  1252,0s f59404] FRAME: 72,4 ms gc0+0 gc1+0 gc2+0
[  1252,1s f59405] InfluenceTick: 5,6 ms 
[  1252,1s f59405] HutIncome: 14,9 ms huts 71
[  1252,1s f59406] FRAME: 76,1 ms gc0+0 gc1+0 gc2+0
[  1252,2s f59407] FRAME: 55,6 ms gc0+0 gc1+0 gc2+0
[  1252,2s f59407] InfluenceTick: 6,1 ms 
[  1252,3s f59408] FRAME: 59,9 ms gc0+0 gc1+0 gc2+0
[  1252,3s f59410] InfluenceTick: 5,5 ms 
[  1252,4s f59411] AIThink: 10,9 ms brains 1
[  1252,5s f59413] InfluenceTick: 6,2 ms 
[  1252,5s f59414] FRAME: 60,2 ms gc0+0 gc1+0 gc2+0
[  1252,6s f59415] InfluenceTick: 5,6 ms 
[  1252,6s f59416] FRAME: 75,6 ms gc0+1 gc1+1 gc2+1
[  1252,7s f59417] InfluenceTick: 6,5 ms 
[  1252,7s f59418] FRAME: 58,7 ms gc0+0 gc1+0 gc2+0
[  1252,8s f59420] InfluenceTick: 5,8 ms 
[  1252,9s f59421] FRAME: 54,4 ms gc0+0 gc1+0 gc2+0
[  1253,0s f59423] InfluenceTick: 6,0 ms 
[  1253,0s f59424] FRAME: 67,0 ms gc0+0 gc1+0 gc2+0
[  1253,1s f59425] FRAME: 64,4 ms gc0+0 gc1+0 gc2+0
[  1253,1s f59425] InfluenceTick: 6,2 ms 
[  1253,1s f59425] AIThink: 10,5 ms brains 1
[  1253,1s f59426] FRAME: 67,7 ms gc0+0 gc1+0 gc2+0
[  1253,2s f59427] InfluenceTick: 5,4 ms 
[  1253,2s f59428] FRAME: 55,3 ms gc0+0 gc1+0 gc2+0
[  1253,3s f59430] InfluenceTick: 5,9 ms 
[  1253,4s f59431] FRAME: 60,3 ms gc0+0 gc1+0 gc2+0
[  1253,5s f59432] InfluenceTick: 6,1 ms 
[  1253,5s f59433] FRAME: 75,6 ms gc0+0 gc1+0 gc2+0
[  1253,6s f59434] InfluenceTick: 5,9 ms 
[  1253,6s f59435] FRAME: 56,0 ms gc0+0 gc1+0 gc2+0
[  1253,7s f59437] InfluenceTick: 5,4 ms 
[  1253,7s f59437] AIThink: 17,9 ms brains 1
[  1253,7s f59438] FRAME: 70,4 ms gc0+0 gc1+0 gc2+0
[  1253,8s f59439] InfluenceTick: 5,8 ms 
[  1253,8s f59440] FRAME: 58,4 ms gc0+0 gc1+0 gc2+0
[  1253,9s f59441] FRAME: 59,1 ms gc0+1 gc1+1 gc2+1
[  1253,9s f59441] InfluenceTick: 5,3 ms 
[  1253,9s f59442] FRAME: 52,4 ms gc0+0 gc1+0 gc2+0
[  1254,0s f59444] InfluenceTick: 5,0 ms 
[  1254,0s f59444] AIThink: 9,2 ms brains 1
[  1254,1s f59445] FRAME: 66,7 ms gc0+0 gc1+0 gc2+0
[  1254,1s f59445] HutIncome: 16,4 ms huts 71
[  1254,1s f59446] FRAME: 59,4 ms gc0+0 gc1+0 gc2+0
[  1254,2s f59446] InfluenceTick: 6,9 ms 
[  1254,2s f59447] FRAME: 57,4 ms gc0+0 gc1+0 gc2+0
[  1254,3s f59449] FRAME: 56,0 ms gc0+0 gc1+0 gc2+0
[  1254,3s f59449] InfluenceTick: 6,3 ms 
[  1254,4s f59450] FRAME: 63,3 ms gc0+0 gc1+0 gc2+0
[  1254,4s f59451] FRAME: 51,0 ms gc0+0 gc1+0 gc2+0
[  1254,4s f59451] InfluenceTick: 5,6 ms 
[  1254,5s f59452] FRAME: 62,8 ms gc0+0 gc1+0 gc2+0
[  1254,5s f59452] AIThink: 12,0 ms brains 1
[  1254,5s f59453] FRAME: 51,9 ms gc0+0 gc1+0 gc2+0
[  1254,5s f59453] InfluenceTick: 6,1 ms 
[  1254,6s f59454] FRAME: 63,3 ms gc0+0 gc1+0 gc2+0
[  1254,7s f59455] InfluenceTick: 5,7 ms 
[  1254,7s f59456] FRAME: 53,6 ms gc0+0 gc1+0 gc2+0
[  1254,7s f59457] FRAME: 56,0 ms gc0+0 gc1+0 gc2+0
[  1254,8s f59457] InfluenceTick: 5,7 ms 
[  1254,8s f59458] FRAME: 57,9 ms gc0+0 gc1+0 gc2+0
[  1254,9s f59460] InfluenceTick: 6,1 ms 
[  1254,9s f59461] FRAME: 60,5 ms gc0+0 gc1+0 gc2+0
[  1255,0s f59462] InfluenceTick: 6,2 ms 
[  1255,0s f59463] FRAME: 70,9 ms gc0+0 gc1+0 gc2+0
[  1255,1s f59464] InfluenceTick: 5,7 ms 
[  1255,2s f59465] FRAME: 84,2 ms gc0+0 gc1+0 gc2+0
[  1255,2s f59466] InfluenceTick: 5,2 ms 
[  1255,3s f59467] FRAME: 55,8 ms gc0+0 gc1+0 gc2+0
[  1255,3s f59467] AIThink: 10,5 ms brains 1
[  1255,3s f59468] InfluenceTick: 6,3 ms 
[  1255,4s f59469] FRAME: 60,9 ms gc0+0 gc1+0 gc2+0
[  1255,4s f59470] InfluenceTick: 5,9 ms 
[  1255,5s f59471] FRAME: 54,3 ms gc0+0 gc1+0 gc2+0
[  1255,6s f59473] FRAME: 56,1 ms gc0+0 gc1+0 gc2+0
[  1255,6s f59473] InfluenceTick: 5,7 ms 
[  1255,6s f59474] FRAME: 56,2 ms gc0+0 gc1+0 gc2+0
[  1255,7s f59475] InfluenceTick: 6,3 ms 
[  1255,7s f59476] FRAME: 59,9 ms gc0+0 gc1+0 gc2+0
[  1255,8s f59478] InfluenceTick: 5,8 ms 
[  1255,9s f59479] FRAME: 61,4 ms gc0+1 gc1+1 gc2+1
[  1256,0s f59481] InfluenceTick: 6,0 ms 
[  1256,0s f59482] FRAME: 78,0 ms gc0+0 gc1+0 gc2+0
[  1256,1s f59482] AIThink: 20,3 ms brains 1
[  1256,1s f59483] FRAME: 69,2 ms gc0+0 gc1+0 gc2+0
[  1256,1s f59483] InfluenceTick: 6,0 ms 
[  1256,1s f59483] HutIncome: 15,4 ms huts 71
[  1256,2s f59484] FRAME: 74,4 ms gc0+0 gc1+0 gc2+0
[  1256,2s f59485] FRAME: 58,4 ms gc0+0 gc1+0 gc2+0
[  1256,3s f59485] InfluenceTick: 5,7 ms 
[  1256,3s f59486] FRAME: 66,0 ms gc0+0 gc1+0 gc2+0
[  1256,3s f59486] AIThink: 13,2 ms brains 2
[  1256,3s f59487] FRAME: 52,7 ms gc0+0 gc1+0 gc2+0
[  1256,4s f59487] InfluenceTick: 5,8 ms 
[  1256,4s f59488] FRAME: 54,3 ms gc0+0 gc1+0 gc2+0
[  1256,5s f59489] FRAME: 54,8 ms gc0+0 gc1+0 gc2+0
[  1256,5s f59489] InfluenceTick: 6,2 ms 
[  1256,5s f59490] FRAME: 56,0 ms gc0+0 gc1+0 gc2+0
[  1256,6s f59492] InfluenceTick: 5,1 ms 
[  1256,6s f59493] FRAME: 51,4 ms gc0+0 gc1+0 gc2+0
[  1256,7s f59495] InfluenceTick: 5,9 ms 
[  1256,8s f59496] FRAME: 55,8 ms gc0+0 gc1+0 gc2+0
[  1256,9s f59498] FRAME: 52,7 ms gc0+0 gc1+0 gc2+0
[  1256,9s f59498] InfluenceTick: 6,3 ms 
[  1256,9s f59499] FRAME: 57,0 ms gc0+0 gc1+0 gc2+0
[  1257,0s f59501] InfluenceTick: 5,5 ms 
[  1257,1s f59502] FRAME: 63,5 ms gc0+0 gc1+0 gc2+0
[  1257,1s f59503] InfluenceTick: 5,5 ms 
[  1257,2s f59504] FRAME: 52,7 ms gc0+0 gc1+0 gc2+0
[  1257,3s f59506] InfluenceTick: 5,3 ms 
[  1257,3s f59507] FRAME: 64,6 ms gc0+0 gc1+0 gc2+0
[  1257,4s f59508] InfluenceTick: 5,8 ms 
[  1257,4s f59509] FRAME: 54,4 ms gc0+0 gc1+0 gc2+0
[  1257,5s f59510] AIThink: 9,7 ms brains 1
[  1257,5s f59511] InfluenceTick: 6,1 ms 
[  1257,5s f59512] FRAME: 57,1 ms gc0+0 gc1+0 gc2+0
[  1257,6s f59514] InfluenceTick: 6,5 ms 
[  1257,7s f59515] FRAME: 56,6 ms gc0+0 gc1+0 gc2+0
[  1257,7s f59516] FRAME: 54,4 ms gc0+0 gc1+0 gc2+0
[  1257,7s f59516] InfluenceTick: 6,1 ms 
[  1257,8s f59517] FRAME: 60,9 ms gc0+0 gc1+0 gc2+0
[  1257,9s f59519] InfluenceTick: 5,3 ms 
[  1257,9s f59520] FRAME: 51,0 ms gc0+0 gc1+0 gc2+0
[  1258,0s f59522] InfluenceTick: 5,8 ms 
[  1258,1s f59523] FRAME: 58,3 ms gc0+0 gc1+0 gc2+0
[  1258,1s f59525] FRAME: 50,7 ms gc0+0 gc1+0 gc2+0
[  1258,2s f59525] InfluenceTick: 6,6 ms 
[  1258,2s f59525] HutIncome: 17,0 ms huts 71
[  1258,2s f59526] FRAME: 88,6 ms gc0+1 gc1+1 gc2+1
[  1258,3s f59527] InfluenceTick: 5,7 ms 
[  1258,3s f59528] FRAME: 55,1 ms gc0+0 gc1+0 gc2+0
[  1258,4s f59530] InfluenceTick: 5,5 ms 
[  1258,4s f59530] AIThink: 18,3 ms brains 1
[  1258,5s f59531] FRAME: 70,8 ms gc0+0 gc1+0 gc2+0
[  1258,5s f59532] InfluenceTick: 5,2 ms 
[  1258,6s f59533] FRAME: 67,2 ms gc0+0 gc1+0 gc2+0
[  1258,6s f59533] AIThink: 11,0 ms brains 1
[  1258,6s f59534] FRAME: 51,5 ms gc0+0 gc1+0 gc2+0
[  1258,7s f59534] InfluenceTick: 6,1 ms 
[  1258,7s f59534] AIThink: 12,3 ms brains 2
[  1258,7s f59535] FRAME: 73,1 ms gc0+0 gc1+0 gc2+0
[  1258,8s f59536] InfluenceTick: 6,4 ms 
[  1258,8s f59537] FRAME: 61,2 ms gc0+0 gc1+0 gc2+0
[  1258,9s f59538] InfluenceTick: 6,9 ms 
[  1258,9s f59539] FRAME: 63,1 ms gc0+0 gc1+0 gc2+0
[  1259,0s f59540] FRAME: 60,4 ms gc0+0 gc1+0 gc2+0
[  1259,0s f59540] InfluenceTick: 6,5 ms 
[  1259,1s f59541] FRAME: 73,9 ms gc0+0 gc1+0 gc2+0
[  1259,1s f59542] FRAME: 55,7 ms gc0+0 gc1+0 gc2+0
[  1259,1s f59542] InfluenceTick: 6,2 ms 
[  1259,2s f59543] FRAME: 71,4 ms gc0+1 gc1+1 gc2+1
[  1259,3s f59544] InfluenceTick: 5,8 ms 
[  1259,3s f59545] FRAME: 53,9 ms gc0+0 gc1+0 gc2+0
[  1259,4s f59547] FRAME: 57,1 ms gc0+0 gc1+0 gc2+0
[  1259,4s f59547] InfluenceTick: 6,8 ms 
[  1259,4s f59548] FRAME: 67,6 ms gc0+0 gc1+0 gc2+0
[  1259,5s f59549] InfluenceTick: 6,5 ms 
[  1259,6s f59550] FRAME: 58,3 ms gc0+0 gc1+0 gc2+0
[  1259,6s f59551] AIThink: 11,3 ms brains 1
[  1259,6s f59552] FRAME: 54,9 ms gc0+0 gc1+0 gc2+0
[  1259,7s f59552] InfluenceTick: 6,0 ms 
[  1259,7s f59553] FRAME: 57,2 ms gc0+0 gc1+0 gc2+0
[  1259,8s f59555] InfluenceTick: 6,1 ms 
[  1259,9s f59556] FRAME: 60,5 ms gc0+0 gc1+0 gc2+0
[  1259,9s f59557] FRAME: 50,1 ms gc0+0 gc1+0 gc2+0
[  1259,9s f59557] InfluenceTick: 5,9 ms 
[  1260,0s f59558] FRAME: 63,5 ms gc0+0 gc1+0 gc2+0
[  1260,0s f59559] FRAME: 51,8 ms gc0+0 gc1+0 gc2+0
[  1260,0s f59559] InfluenceTick: 5,9 ms 
[  1260,1s f59560] FRAME: 61,0 ms gc0+0 gc1+0 gc2+0
[  1260,2s f59562] InfluenceTick: 6,4 ms 
[  1260,2s f59562] HutIncome: 15,3 ms huts 71
[  1260,2s f59563] FRAME: 84,4 ms gc0+0 gc1+0 gc2+0
[  1260,3s f59564] InfluenceTick: 5,7 ms 
[  1260,3s f59565] FRAME: 54,5 ms gc0+0 gc1+0 gc2+0
[  1260,4s f59567] InfluenceTick: 5,9 ms 
[  1260,5s f59568] FRAME: 59,2 ms gc0+0 gc1+0 gc2+0
[  1260,5s f59569] InfluenceTick: 5,8 ms 
[  1260,6s f59570] FRAME: 58,7 ms gc0+0 gc1+0 gc2+0
[  1260,6s f59571] FRAME: 56,7 ms gc0+0 gc1+0 gc2+0
[  1260,7s f59571] InfluenceTick: 6,0 ms 
[  1260,7s f59572] FRAME: 60,2 ms gc0+0 gc1+0 gc2+0
[  1260,8s f59574] InfluenceTick: 5,6 ms 
[  1260,8s f59575] FRAME: 55,9 ms gc0+0 gc1+0 gc2+0
[  1260,9s f59575] AIThink: 33,0 ms brains 2
[  1260,9s f59576] FRAME: 73,8 ms gc0+0 gc1+0 gc2+0
[  1260,9s f59576] InfluenceTick: 6,1 ms 
[  1261,0s f59577] FRAME: 64,6 ms gc0+0 gc1+0 gc2+0
[  1261,1s f59578] InfluenceTick: 6,1 ms 
[  1261,1s f59579] FRAME: 78,3 ms gc0+0 gc1+0 gc2+0
[  1261,2s f59580] InfluenceTick: 6,1 ms 
[  1261,2s f59581] FRAME: 62,4 ms gc0+0 gc1+0 gc2+0
[  1261,2s f59582] FRAME: 51,9 ms gc0+0 gc1+0 gc2+0
[  1261,3s f59582] InfluenceTick: 5,5 ms 
[  1261,3s f59583] FRAME: 65,0 ms gc0+0 gc1+0 gc2+0
[  1261,4s f59584] InfluenceTick: 6,6 ms 
[  1261,4s f59585] FRAME: 62,7 ms gc0+0 gc1+0 gc2+0
[  1261,5s f59586] FRAME: 63,7 ms gc0+0 gc1+0 gc2+0
[  1261,5s f59586] InfluenceTick: 6,3 ms 
[  1261,5s f59587] FRAME: 61,0 ms gc0+0 gc1+0 gc2+0
[  1261,6s f59588] InfluenceTick: 5,5 ms 
[  1261,6s f59589] FRAME: 54,5 ms gc0+0 gc1+0 gc2+0
[  1261,7s f59590] InfluenceTick: 6,4 ms 
[  1261,8s f59591] FRAME: 66,0 ms gc0+1 gc1+1 gc2+1
[  1261,8s f59591] AIThink: 10,4 ms brains 1
[  1261,8s f59592] FRAME: 54,0 ms gc0+0 gc1+0 gc2+0
[  1261,8s f59592] InfluenceTick: 7,2 ms 
[  1261,9s f59593] FRAME: 63,5 ms gc0+0 gc1+0 gc2+0
[  1261,9s f59594] FRAME: 55,6 ms gc0+0 gc1+0 gc2+0
[  1262,0s f59594] InfluenceTick: 6,0 ms 
[  1262,0s f59595] FRAME: 59,6 ms gc0+0 gc1+0 gc2+0
[  1262,1s f59596] InfluenceTick: 6,3 ms 
[  1262,1s f59597] FRAME: 60,2 ms gc0+0 gc1+0 gc2+0
[  1262,2s f59598] InfluenceTick: 6,4 ms 
[  1262,2s f59599] FRAME: 65,1 ms gc0+0 gc1+0 gc2+0
[  1262,2s f59599] HutIncome: 16,8 ms huts 71
[  1262,3s f59600] FRAME: 59,7 ms gc0+0 gc1+0 gc2+0
[  1262,3s f59600] InfluenceTick: 6,7 ms 
[  1262,3s f59601] FRAME: 66,6 ms gc0+0 gc1+0 gc2+0
[  1262,4s f59602] FRAME: 66,7 ms gc0+0 gc1+0 gc2+0
[  1262,4s f59602] InfluenceTick: 6,1 ms 
[  1262,5s f59603] FRAME: 59,4 ms gc0+0 gc1+0 gc2+0
[  1262,5s f59604] InfluenceTick: 5,7 ms 
[  1262,6s f59605] FRAME: 60,3 ms gc0+0 gc1+0 gc2+0
[  1262,7s f59607] InfluenceTick: 5,8 ms 
[  1262,7s f59608] FRAME: 55,1 ms gc0+0 gc1+0 gc2+0
[  1262,8s f59610] FRAME: 70,6 ms gc0+0 gc1+0 gc2+0
[  1262,8s f59610] InfluenceTick: 5,9 ms 
[  1262,9s f59611] FRAME: 68,0 ms gc0+0 gc1+0 gc2+0
[  1262,9s f59611] AIThink: 10,7 ms brains 1
[  1262,9s f59612] FRAME: 52,6 ms gc0+0 gc1+0 gc2+0
[  1263,0s f59612] InfluenceTick: 6,0 ms 
[  1263,0s f59613] FRAME: 62,3 ms gc0+1 gc1+1 gc2+1
[  1263,1s f59614] InfluenceTick: 6,2 ms 
[  1263,1s f59615] FRAME: 57,2 ms gc0+0 gc1+0 gc2+0
[  1263,1s f59615] AIThink: 5,4 ms brains 1
[  1263,2s f59616] InfluenceTick: 5,6 ms 
[  1263,2s f59617] FRAME: 67,9 ms gc0+0 gc1+0 gc2+0
[  1263,2s f59617] AIThink: 19,7 ms brains 1
[  1263,3s f59618] FRAME: 65,9 ms gc0+0 gc1+0 gc2+0
[  1263,3s f59618] InfluenceTick: 6,4 ms 
[  1263,3s f59619] FRAME: 60,5 ms gc0+0 gc1+0 gc2+0
[  1263,4s f59620] InfluenceTick: 5,6 ms 
[  1263,4s f59621] FRAME: 57,1 ms gc0+0 gc1+0 gc2+0
[  1263,5s f59622] InfluenceTick: 6,3 ms 
[  1263,5s f59623] FRAME: 56,3 ms gc0+0 gc1+0 gc2+0
[  1263,6s f59625] FRAME: 63,9 ms gc0+0 gc1+0 gc2+0
[  1263,7s f59625] InfluenceTick: 5,6 ms 
[  1263,7s f59626] FRAME: 65,0 ms gc0+0 gc1+0 gc2+0
[  1263,8s f59627] InfluenceTick: 5,3 ms 
[  1263,8s f59628] FRAME: 50,2 ms gc0+0 gc1+0 gc2+0
[  1263,9s f59630] InfluenceTick: 6,1 ms 
[  1263,9s f59631] FRAME: 56,6 ms gc0+0 gc1+0 gc2+0
[  1264,0s f59631] AIThink: 10,4 ms brains 1
[  1264,0s f59632] FRAME: 60,1 ms gc0+1 gc1+1 gc2+1
[  1264,0s f59632] InfluenceTick: 5,9 ms 
[  1264,1s f59633] FRAME: 85,4 ms gc0+0 gc1+0 gc2+0
[  1264,1s f59634] InfluenceTick: 6,2 ms 
[  1264,2s f59635] FRAME: 57,0 ms gc0+0 gc1+0 gc2+0
[  1264,2s f59636] HutIncome: 15,5 ms huts 71
[  1264,3s f59637] FRAME: 50,6 ms gc0+0 gc1+0 gc2+0
[  1264,3s f59637] InfluenceTick: 6,0 ms 
[  1264,3s f59638] FRAME: 56,7 ms gc0+0 gc1+0 gc2+0
[  1264,4s f59640] InfluenceTick: 5,6 ms 
[  1264,5s f59641] FRAME: 67,0 ms gc0+0 gc1+0 gc2+0
[  1264,5s f59642] InfluenceTick: 6,2 ms 
[  1264,6s f59643] FRAME: 61,4 ms gc0+0 gc1+0 gc2+0
[  1264,6s f59644] InfluenceTick: 6,1 ms 
[  1264,7s f59645] FRAME: 64,9 ms gc0+0 gc1+0 gc2+0
[  1264,7s f59646] InfluenceTick: 6,2 ms 
[  1264,8s f59647] FRAME: 61,6 ms gc0+0 gc1+0 gc2+0
[  1264,9s f59648] InfluenceTick: 6,4 ms 
[  1264,9s f59649] FRAME: 75,7 ms gc0+0 gc1+0 gc2+0
[  1265,0s f59650] InfluenceTick: 6,3 ms 
[  1265,0s f59651] FRAME: 55,8 ms gc0+0 gc1+0 gc2+0
[  1265,0s f59651] AIThink: 11,2 ms brains 1
[  1265,1s f59652] FRAME: 60,0 ms gc0+0 gc1+0 gc2+0
[  1265,1s f59652] InfluenceTick: 5,7 ms 
[  1265,1s f59653] FRAME: 68,5 ms gc0+0 gc1+0 gc2+0
[  1265,2s f59654] InfluenceTick: 6,1 ms 
[  1265,2s f59655] FRAME: 58,0 ms gc0+0 gc1+0 gc2+0
[  1265,3s f59657] FRAME: 54,0 ms gc0+0 gc1+0 gc2+0
[  1265,3s f59657] InfluenceTick: 6,4 ms 
[  1265,4s f59658] FRAME: 58,4 ms gc0+0 gc1+0 gc2+0
[  1265,4s f59659] InfluenceTick: 6,6 ms 
[  1265,5s f59660] FRAME: 64,1 ms gc0+0 gc1+0 gc2+0
[  1265,5s f59661] InfluenceTick: 6,8 ms 
[  1265,6s f59662] FRAME: 62,0 ms gc0+0 gc1+0 gc2+0
[  1265,6s f59662] AIThink: 24,9 ms brains 2
[  1265,6s f59663] FRAME: 63,7 ms gc0+0 gc1+0 gc2+0
[  1265,7s f59663] InfluenceTick: 6,2 ms 
[  1265,7s f59664] FRAME: 59,8 ms gc0+0 gc1+0 gc2+0
[  1265,8s f59665] FRAME: 62,9 ms gc0+0 gc1+0 gc2+0
[  1265,8s f59665] InfluenceTick: 6,2 ms 
[  1265,8s f59666] FRAME: 57,6 ms gc0+0 gc1+0 gc2+0
[  1265,9s f59668] InfluenceTick: 6,1 ms 
[  1266,0s f59669] FRAME: 53,8 ms gc0+0 gc1+0 gc2+0
[  1266,1s f59671] InfluenceTick: 6,0 ms 
[  1266,1s f59672] FRAME: 54,5 ms gc0+0 gc1+0 gc2+0
[  1266,1s f59672] AIThink: 11,3 ms brains 1
[  1266,2s f59673] FRAME: 57,7 ms gc0+0 gc1+0 gc2+0
[  1266,2s f59673] InfluenceTick: 6,3 ms 
[  1266,2s f59674] FRAME: 85,0 ms gc0+0 gc1+0 gc2+0
[  1266,3s f59674] HutIncome: 17,7 ms huts 71
[  1266,3s f59675] FRAME: 73,6 ms gc0+0 gc1+0 gc2+0
[  1266,3s f59675] InfluenceTick: 5,6 ms 
[  1266,4s f59676] FRAME: 66,6 ms gc0+0 gc1+0 gc2+0
[  1266,5s f59677] InfluenceTick: 6,5 ms 
[  1266,5s f59678] FRAME: 63,3 ms gc0+0 gc1+0 gc2+0
[  1266,6s f59679] InfluenceTick: 6,1 ms 
[  1266,6s f59680] FRAME: 55,3 ms gc0+0 gc1+0 gc2+0
[  1266,6s f59681] FRAME: 53,5 ms gc0+0 gc1+0 gc2+0
[  1266,7s f59681] InfluenceTick: 6,0 ms 
[  1266,7s f59682] FRAME: 56,5 ms gc0+0 gc1+0 gc2+0
[  1266,7s f59683] FRAME: 52,1 ms gc0+0 gc1+0 gc2+0
[  1266,8s f59683] InfluenceTick: 5,7 ms 
[  1266,8s f59684] FRAME: 66,3 ms gc0+0 gc1+0 gc2+0
[  1266,9s f59685] InfluenceTick: 6,1 ms 
[  1266,9s f59686] FRAME: 58,4 ms gc0+0 gc1+0 gc2+0
[  1267,0s f59688] FRAME: 50,9 ms gc0+0 gc1+0 gc2+0
[  1267,0s f59688] InfluenceTick: 6,2 ms 
[  1267,1s f59689] FRAME: 86,2 ms gc0+0 gc1+0 gc2+0
[  1267,1s f59690] InfluenceTick: 6,2 ms 
[  1267,2s f59691] FRAME: 60,8 ms gc0+0 gc1+0 gc2+0
[  1267,3s f59692] InfluenceTick: 5,9 ms 
[  1267,3s f59693] FRAME: 61,5 ms gc0+0 gc1+0 gc2+0
[  1267,4s f59695] InfluenceTick: 6,0 ms 
[  1267,4s f59696] FRAME: 55,2 ms gc0+0 gc1+0 gc2+0
[  1267,5s f59697] FRAME: 58,5 ms gc0+0 gc1+0 gc2+0
[  1267,5s f59697] InfluenceTick: 6,9 ms 
[  1267,5s f59698] FRAME: 64,6 ms gc0+0 gc1+0 gc2+0
[  1267,6s f59698] AIThink: 11,8 ms brains 1
[  1267,6s f59699] FRAME: 53,3 ms gc0+0 gc1+0 gc2+0
[  1267,6s f59699] InfluenceTick: 6,7 ms 
[  1267,7s f59700] FRAME: 67,2 ms gc0+0 gc1+0 gc2+0
[  1267,7s f59701] InfluenceTick: 6,7 ms 
[  1267,8s f59702] FRAME: 53,6 ms gc0+0 gc1+0 gc2+0
[  1267,9s f59704] InfluenceTick: 5,4 ms 
[  1267,9s f59705] FRAME: 71,3 ms gc0+0 gc1+0 gc2+0
[  1268,0s f59706] InfluenceTick: 6,4 ms 
[  1268,0s f59707] FRAME: 64,7 ms gc0+0 gc1+0 gc2+0
[  1268,0s f59707] AIThink: 20,1 ms brains 1
[  1268,1s f59708] FRAME: 67,3 ms gc0+0 gc1+0 gc2+0
[  1268,1s f59708] InfluenceTick: 6,4 ms 
[  1268,1s f59709] FRAME: 63,5 ms gc0+0 gc1+0 gc2+0
[  1268,2s f59710] InfluenceTick: 6,9 ms 
[  1268,2s f59711] FRAME: 57,2 ms gc0+0 gc1+0 gc2+0
[  1268,3s f59711] HutIncome: 15,6 ms huts 71
[  1268,3s f59711] AIThink: 9,5 ms brains 1
[  1268,3s f59712] FRAME: 80,5 ms gc0+0 gc1+0 gc2+0
[  1268,4s f59712] InfluenceTick: 6,1 ms 
[  1268,4s f59713] FRAME: 61,4 ms gc0+0 gc1+0 gc2+0
[  1268,5s f59714] InfluenceTick: 6,0 ms 
[  1268,5s f59715] FRAME: 53,3 ms gc0+0 gc1+0 gc2+0
[  1268,6s f59717] InfluenceTick: 5,9 ms 
[  1268,6s f59718] FRAME: 51,8 ms gc0+0 gc1+0 gc2+0
[  1268,7s f59720] FRAME: 55,0 ms gc0+0 gc1+0 gc2+0
[  1268,7s f59720] InfluenceTick: 5,9 ms 
[  1268,8s f59721] FRAME: 60,2 ms gc0+0 gc1+0 gc2+0
[  1268,9s f59723] InfluenceTick: 6,0 ms 
[  1268,9s f59724] FRAME: 61,3 ms gc0+0 gc1+0 gc2+0
[  1269,0s f59726] InfluenceTick: 6,0 ms 
[  1269,0s f59727] FRAME: 66,1 ms gc0+0 gc1+0 gc2+0
[  1269,1s f59728] InfluenceTick: 5,9 ms 
[  1269,2s f59729] FRAME: 69,2 ms gc0+0 gc1+0 gc2+0
[  1269,2s f59729] AIThink: 12,0 ms brains 1
[  1269,2s f59730] FRAME: 57,3 ms gc0+0 gc1+0 gc2+0
[  1269,2s f59730] InfluenceTick: 6,1 ms 
[  1269,3s f59731] FRAME: 61,3 ms gc0+0 gc1+0 gc2+0
[  1269,3s f59732] InfluenceTick: 6,4 ms 
[  1269,4s f59733] FRAME: 58,2 ms gc0+0 gc1+0 gc2+0
[  1269,5s f59734] InfluenceTick: 6,4 ms 
[  1269,5s f59735] FRAME: 60,3 ms gc0+0 gc1+0 gc2+0
[  1269,6s f59737] FRAME: 52,0 ms gc0+0 gc1+0 gc2+0
[  1269,6s f59737] InfluenceTick: 6,1 ms 
[  1269,6s f59738] FRAME: 59,0 ms gc0+0 gc1+0 gc2+0
[  1269,7s f59739] InfluenceTick: 7,5 ms 
[  1269,7s f59740] FRAME: 58,7 ms gc0+0 gc1+0 gc2+0
[  1269,8s f59741] AIThink: 14,3 ms brains 1
[  1269,8s f59742] FRAME: 54,8 ms gc0+0 gc1+0 gc2+0
[  1269,9s f59742] InfluenceTick: 6,4 ms 
[  1269,9s f59743] FRAME: 58,8 ms gc0+0 gc1+0 gc2+0
[  1270,0s f59744] InfluenceTick: 6,4 ms 
[  1270,0s f59745] FRAME: 72,7 ms gc0+0 gc1+0 gc2+0
[  1270,1s f59746] FRAME: 50,1 ms gc0+0 gc1+0 gc2+0
[  1270,1s f59746] InfluenceTick: 6,0 ms 
[  1270,1s f59747] FRAME: 68,4 ms gc0+1 gc1+1 gc2+1
[  1270,2s f59748] FRAME: 60,7 ms gc0+0 gc1+0 gc2+0
[  1270,2s f59748] InfluenceTick: 6,0 ms 
[  1270,2s f59749] FRAME: 63,0 ms gc0+0 gc1+0 gc2+0
[  1270,3s f59750] InfluenceTick: 6,7 ms 
[  1270,3s f59750] HutIncome: 15,5 ms huts 71
[  1270,4s f59751] FRAME: 70,8 ms gc0+0 gc1+0 gc2+0
[  1270,4s f59752] FRAME: 53,2 ms gc0+0 gc1+0 gc2+0
[  1270,4s f59752] InfluenceTick: 6,2 ms 
[  1270,5s f59752] AIThink: 30,1 ms brains 2
[  1270,5s f59753] FRAME: 97,5 ms gc0+0 gc1+0 gc2+0
[  1270,6s f59754] InfluenceTick: 6,5 ms 
[  1270,6s f59755] FRAME: 62,3 ms gc0+0 gc1+0 gc2+0
[  1270,7s f59756] InfluenceTick: 6,4 ms 
[  1270,7s f59757] FRAME: 62,1 ms gc0+0 gc1+0 gc2+0
[  1270,8s f59758] FRAME: 51,1 ms gc0+0 gc1+0 gc2+0
[  1270,8s f59758] InfluenceTick: 5,7 ms 
[  1270,9s f59759] FRAME: 81,0 ms gc0+0 gc1+0 gc2+0
[  1270,9s f59760] InfluenceTick: 6,2 ms 
[  1271,0s f59761] FRAME: 59,7 ms gc0+0 gc1+0 gc2+0
[  1271,0s f59762] InfluenceTick: 5,3 ms 
[  1271,1s f59763] FRAME: 62,6 ms gc0+0 gc1+0 gc2+0
[  1271,1s f59764] FRAME: 52,0 ms gc0+0 gc1+0 gc2+0
[  1271,1s f59764] InfluenceTick: 6,2 ms 
[  1271,2s f59765] FRAME: 70,1 ms gc0+0 gc1+0 gc2+0
[  1271,2s f59766] FRAME: 61,6 ms gc0+1 gc1+1 gc2+1
[  1271,3s f59766] InfluenceTick: 6,0 ms 
[  1271,3s f59766] AIThink: 10,5 ms brains 1
[  1271,3s f59767] FRAME: 84,0 ms gc0+0 gc1+0 gc2+0
[  1271,4s f59768] InfluenceTick: 5,4 ms 
[  1271,5s f59771] InfluenceTick: 6,5 ms 
[  1271,6s f59772] FRAME: 59,8 ms gc0+0 gc1+0 gc2+0
[  1271,7s f59773] InfluenceTick: 6,9 ms 
[  1271,7s f59774] FRAME: 78,7 ms gc0+0 gc1+0 gc2+0
[  1271,8s f59775] InfluenceTick: 6,4 ms 
[  1271,8s f59776] FRAME: 58,5 ms gc0+0 gc1+0 gc2+0
[  1271,9s f59778] InfluenceTick: 5,6 ms 
[  1271,9s f59779] FRAME: 58,9 ms gc0+0 gc1+0 gc2+0
[  1272,0s f59780] InfluenceTick: 6,8 ms 
[  1272,0s f59781] FRAME: 74,6 ms gc0+0 gc1+0 gc2+0
[  1272,1s f59782] FRAME: 60,9 ms gc0+0 gc1+0 gc2+0
[  1272,1s f59782] InfluenceTick: 6,4 ms 
[  1272,2s f59783] FRAME: 57,7 ms gc0+0 gc1+0 gc2+0
[  1272,3s f59785] InfluenceTick: 6,3 ms 
[  1272,3s f59786] FRAME: 62,7 ms gc0+0 gc1+0 gc2+0
[  1272,3s f59786] HutIncome: 17,3 ms huts 71
[  1272,4s f59787] FRAME: 63,9 ms gc0+0 gc1+0 gc2+0
[  1272,4s f59787] InfluenceTick: 6,0 ms 
[  1272,4s f59788] FRAME: 63,5 ms gc0+1 gc1+1 gc2+1
[  1272,5s f59789] InfluenceTick: 6,1 ms 
[  1272,5s f59790] FRAME: 74,3 ms gc0+0 gc1+0 gc2+0
[  1272,6s f59791] InfluenceTick: 6,4 ms 
[  1272,7s f59792] FRAME: 61,5 ms gc0+0 gc1+0 gc2+0
[  1272,7s f59793] InfluenceTick: 6,7 ms 
[  1272,8s f59794] FRAME: 64,2 ms gc0+0 gc1+0 gc2+0
[  1272,8s f59795] InfluenceTick: 6,6 ms 
[  1272,9s f59795] AIThink: 19,9 ms brains 1
[  1272,9s f59796] FRAME: 79,1 ms gc0+0 gc1+0 gc2+0
[  1272,9s f59797] FRAME: 55,9 ms gc0+0 gc1+0 gc2+0
[  1273,0s f59797] InfluenceTick: 6,0 ms 
[  1273,0s f59798] FRAME: 58,0 ms gc0+0 gc1+0 gc2+0
[  1273,1s f59799] InfluenceTick: 5,5 ms 
[  1273,1s f59800] FRAME: 61,9 ms gc0+0 gc1+0 gc2+0
[  1273,2s f59802] FRAME: 53,2 ms gc0+0 gc1+0 gc2+0
[  1273,2s f59802] InfluenceTick: 6,0 ms 
[  1273,3s f59803] FRAME: 61,2 ms gc0+0 gc1+0 gc2+0
[  1273,3s f59805] FRAME: 52,0 ms gc0+0 gc1+0 gc2+0
[  1273,4s f59805] InfluenceTick: 6,1 ms 
[  1273,4s f59805] AIThink: 10,5 ms brains 1
[  1273,4s f59806] FRAME: 71,6 ms gc0+0 gc1+0 gc2+0
[  1273,5s f59807] InfluenceTick: 6,6 ms 
[  1273,5s f59808] FRAME: 62,2 ms gc0+0 gc1+0 gc2+0
[  1273,6s f59809] InfluenceTick: 6,1 ms 
[  1273,6s f59810] FRAME: 60,8 ms gc0+1 gc1+1 gc2+1
[  1273,7s f59811] InfluenceTick: 6,3 ms 
[  1273,7s f59812] FRAME: 60,3 ms gc0+0 gc1+0 gc2+0
[  1273,8s f59813] FRAME: 59,3 ms gc0+0 gc1+0 gc2+0
[  1273,8s f59813] InfluenceTick: 6,4 ms 
[  1273,8s f59814] FRAME: 57,0 ms gc0+0 gc1+0 gc2+0
[  1274,0s f59816] InfluenceTick: 6,6 ms 
[  1274,0s f59817] FRAME: 61,8 ms gc0+0 gc1+0 gc2+0
[  1274,0s f59818] FRAME: 50,1 ms gc0+0 gc1+0 gc2+0
[  1274,1s f59818] InfluenceTick: 6,1 ms 
[  1274,1s f59819] FRAME: 70,9 ms gc0+0 gc1+0 gc2+0
[  1274,2s f59820] InfluenceTick: 6,0 ms 
[  1274,2s f59821] FRAME: 72,5 ms gc0+0 gc1+0 gc2+0
[  1274,3s f59822] InfluenceTick: 6,4 ms 
[  1274,3s f59823] FRAME: 56,7 ms gc0+0 gc1+0 gc2+0
[  1274,3s f59823] HutIncome: 17,2 ms huts 71
[  1274,4s f59823] AIThink: 12,6 ms brains 1
[  1274,4s f59824] FRAME: 74,2 ms gc0+0 gc1+0 gc2+0
[  1274,4s f59824] InfluenceTick: 6,4 ms 
[  1274,5s f59825] FRAME: 57,6 ms gc0+0 gc1+0 gc2+0
[  1274,5s f59826] InfluenceTick: 6,6 ms 
[  1274,6s f59827] FRAME: 68,3 ms gc0+1 gc1+1 gc2+1
[  1274,6s f59828] FRAME: 65,9 ms gc0+0 gc1+0 gc2+0
[  1274,7s f59828] InfluenceTick: 6,4 ms 
[  1274,7s f59829] FRAME: 59,8 ms gc0+0 gc1+0 gc2+0
[  1274,8s f59831] InfluenceTick: 5,9 ms 
[  1274,8s f59832] FRAME: 58,8 ms gc0+0 gc1+0 gc2+0
[  1274,9s f59834] InfluenceTick: 6,0 ms 
[  1275,0s f59835] FRAME: 59,1 ms gc0+0 gc1+0 gc2+0
[  1275,0s f59836] FRAME: 66,3 ms gc0+0 gc1+0 gc2+0
[  1275,1s f59836] InfluenceTick: 5,7 ms 
[  1275,1s f59837] FRAME: 67,1 ms gc0+0 gc1+0 gc2+0
[  1275,2s f59838] FRAME: 51,5 ms gc0+0 gc1+0 gc2+0
[  1275,2s f59838] InfluenceTick: 6,1 ms 
[  1275,2s f59839] FRAME: 66,6 ms gc0+0 gc1+0 gc2+0
[  1275,3s f59839] AIThink: 17,2 ms brains 1
[  1275,3s f59840] FRAME: 63,9 ms gc0+0 gc1+0 gc2+0
[  1275,3s f59840] InfluenceTick: 6,4 ms 
[  1275,3s f59841] FRAME: 60,7 ms gc0+0 gc1+0 gc2+0
[  1275,4s f59842] InfluenceTick: 6,2 ms 
[  1275,5s f59843] FRAME: 78,3 ms gc0+0 gc1+0 gc2+0
[  1275,5s f59843] AIThink: 12,9 ms brains 1
[  1275,5s f59844] FRAME: 53,4 ms gc0+0 gc1+0 gc2+0
[  1275,5s f59844] InfluenceTick: 6,4 ms 
[  1275,6s f59845] FRAME: 60,8 ms gc0+0 gc1+0 gc2+0
[  1275,7s f59846] InfluenceTick: 6,8 ms 
[  1275,7s f59847] FRAME: 69,0 ms gc0+1 gc1+1 gc2+1
[  1275,8s f59848] InfluenceTick: 6,3 ms 
[  1275,8s f59849] FRAME: 59,3 ms gc0+0 gc1+0 gc2+0
[  1275,9s f59850] FRAME: 56,8 ms gc0+0 gc1+0 gc2+0
[  1275,9s f59850] InfluenceTick: 6,1 ms 
[  1275,9s f59851] FRAME: 58,2 ms gc0+0 gc1+0 gc2+0
[  1276,0s f59852] VeilPulse: 5,1 ms 
[  1276,0s f59853] FRAME: 56,3 ms gc0+0 gc1+0 gc2+0
[  1276,0s f59853] InfluenceTick: 6,4 ms 
[  1276,1s f59854] FRAME: 69,7 ms gc0+0 gc1+0 gc2+0
[  1276,1s f59855] InfluenceTick: 6,2 ms 
[  1276,2s f59856] FRAME: 56,2 ms gc0+0 gc1+0 gc2+0
[  1276,2s f59857] FRAME: 50,3 ms gc0+0 gc1+0 gc2+0
[  1276,3s f59857] InfluenceTick: 5,4 ms 
[  1276,3s f59858] FRAME: 76,5 ms gc0+0 gc1+0 gc2+0
[  1276,4s f59859] FRAME: 54,3 ms gc0+0 gc1+0 gc2+0
[  1276,4s f59859] InfluenceTick: 6,0 ms 
[  1276,4s f59859] HutIncome: 14,9 ms huts 70
[  1276,4s f59860] FRAME: 75,6 ms gc0+0 gc1+0 gc2+0
[  1276,5s f59861] InfluenceTick: 6,3 ms 
[  1276,5s f59862] FRAME: 55,5 ms gc0+0 gc1+0 gc2+0
[  1276,6s f59864] InfluenceTick: 6,5 ms 
[  1276,7s f59865] FRAME: 61,4 ms gc0+0 gc1+0 gc2+0
[  1276,7s f59866] FRAME: 58,0 ms gc0+0 gc1+0 gc2+0
[  1276,8s f59866] InfluenceTick: 6,7 ms 
[  1276,8s f59867] FRAME: 76,2 ms gc0+1 gc1+1 gc2+1
[  1276,9s f59868] InfluenceTick: 6,5 ms 
[  1276,9s f59869] FRAME: 65,9 ms gc0+0 gc1+0 gc2+0
[  1277,0s f59870] InfluenceTick: 6,1 ms 
[  1277,0s f59871] FRAME: 66,3 ms gc0+0 gc1+0 gc2+0
[  1277,1s f59872] InfluenceTick: 6,9 ms 
[  1277,2s f59873] FRAME: 80,3 ms gc0+0 gc1+0 gc2+0
[  1277,2s f59874] InfluenceTick: 5,5 ms 
[  1277,3s f59875] FRAME: 51,8 ms gc0+0 gc1+0 gc2+0
[  1277,4s f59877] InfluenceTick: 6,2 ms 
[  1277,4s f59878] FRAME: 61,7 ms gc0+0 gc1+0 gc2+0
[  1277,5s f59879] InfluenceTick: 7,4 ms 
[  1277,5s f59880] FRAME: 60,6 ms gc0+0 gc1+0 gc2+0
[  1277,6s f59881] FRAME: 55,6 ms gc0+0 gc1+0 gc2+0
[  1277,6s f59881] InfluenceTick: 6,6 ms 
[  1277,6s f59881] AIThink: 10,9 ms brains 1
[  1277,6s f59882] FRAME: 74,0 ms gc0+0 gc1+0 gc2+0
[  1277,7s f59882] AIThink: 20,9 ms brains 1
[  1277,7s f59883] FRAME: 64,2 ms gc0+0 gc1+0 gc2+0
[  1277,7s f59883] InfluenceTick: 6,3 ms 
[  1277,8s f59884] FRAME: 66,1 ms gc0+0 gc1+0 gc2+0
[  1277,8s f59885] InfluenceTick: 6,6 ms 
[  1277,9s f59886] FRAME: 66,8 ms gc0+0 gc1+0 gc2+0
[  1277,9s f59887] FRAME: 59,6 ms gc0+0 gc1+0 gc2+0
[  1278,0s f59887] InfluenceTick: 5,9 ms 
[  1278,0s f59888] FRAME: 92,5 ms gc0+1 gc1+1 gc2+1
[  1278,1s f59889] FRAME: 57,7 ms gc0+0 gc1+0 gc2+0
[  1278,1s f59889] InfluenceTick: 6,5 ms 
[  1278,2s f59890] FRAME: 73,7 ms gc0+0 gc1+0 gc2+0
[  1278,2s f59891] InfluenceTick: 6,2 ms 
[  1278,3s f59892] FRAME: 61,0 ms gc0+0 gc1+0 gc2+0
[  1278,3s f59893] FRAME: 52,3 ms gc0+0 gc1+0 gc2+0
[  1278,3s f59893] InfluenceTick: 6,6 ms 
[  1278,4s f59894] FRAME: 77,1 ms gc0+0 gc1+0 gc2+0
[  1278,4s f59894] HutIncome: 17,3 ms huts 70
[  1278,5s f59895] FRAME: 73,0 ms gc0+0 gc1+0 gc2+0
[  1278,5s f59895] InfluenceTick: 6,1 ms 
[  1278,5s f59896] FRAME: 60,4 ms gc0+0 gc1+0 gc2+0
[  1278,6s f59897] InfluenceTick: 6,8 ms 
[  1278,6s f59898] FRAME: 71,1 ms gc0+0 gc1+0 gc2+0
[  1278,7s f59899] InfluenceTick: 6,4 ms 
[  1278,7s f59900] FRAME: 62,7 ms gc0+0 gc1+0 gc2+0
[  1278,8s f59901] InfluenceTick: 6,4 ms 
[  1278,9s f59902] FRAME: 84,6 ms gc0+0 gc1+0 gc2+0
[  1279,0s f59903] InfluenceTick: 5,7 ms 
[  1279,0s f59904] FRAME: 63,6 ms gc0+0 gc1+0 gc2+0
[  1279,1s f59905] FRAME: 61,5 ms gc0+1 gc1+1 gc2+1
[  1279,1s f59905] InfluenceTick: 5,8 ms 
[  1279,1s f59906] FRAME: 66,4 ms gc0+0 gc1+0 gc2+0
[  1279,2s f59907] InfluenceTick: 6,0 ms 
[  1279,2s f59908] FRAME: 60,3 ms gc0+0 gc1+0 gc2+0
[  1279,3s f59909] FRAME: 53,7 ms gc0+0 gc1+0 gc2+0
[  1279,3s f59909] InfluenceTick: 6,2 ms 
[  1279,3s f59910] FRAME: 60,3 ms gc0+0 gc1+0 gc2+0
[  1279,4s f59911] FRAME: 60,4 ms gc0+0 gc1+0 gc2+0
[  1279,4s f59911] InfluenceTick: 6,4 ms 
[  1279,5s f59912] FRAME: 71,6 ms gc0+0 gc1+0 gc2+0
[  1279,5s f59913] InfluenceTick: 6,6 ms 
[  1279,6s f59914] FRAME: 62,8 ms gc0+0 gc1+0 gc2+0
[  1279,6s f59915] InfluenceTick: 6,5 ms 
[  1279,7s f59916] FRAME: 61,5 ms gc0+0 gc1+0 gc2+0
[  1279,7s f59916] AIThink: 10,1 ms brains 1
[  1279,7s f59917] FRAME: 70,1 ms gc0+0 gc1+0 gc2+0
[  1279,8s f59917] InfluenceTick: 6,3 ms 
[  1279,8s f59918] FRAME: 60,2 ms gc0+0 gc1+0 gc2+0
[  1279,9s f59919] InfluenceTick: 7,7 ms 
[  1279,9s f59920] FRAME: 83,1 ms gc0+1 gc1+1 gc2+1
[  1280,0s f59921] InfluenceTick: 6,4 ms 
[  1280,1s f59922] FRAME: 67,7 ms gc0+0 gc1+0 gc2+0
[  1280,1s f59922] AIThink: 20,6 ms brains 1
[  1280,1s f59923] FRAME: 73,1 ms gc0+0 gc1+0 gc2+0
[  1280,2s f59923] InfluenceTick: 5,9 ms 
[  1280,2s f59924] FRAME: 78,6 ms gc0+0 gc1+0 gc2+0
[  1280,3s f59925] InfluenceTick: 5,9 ms 
[  1280,3s f59926] FRAME: 60,4 ms gc0+0 gc1+0 gc2+0
[  1280,4s f59927] InfluenceTick: 6,2 ms 
[  1280,4s f59928] FRAME: 56,5 ms gc0+0 gc1+0 gc2+0
[  1280,4s f59928] HutIncome: 16,6 ms huts 70
[  1280,5s f59929] FRAME: 79,6 ms gc0+0 gc1+0 gc2+0
[  1280,5s f59929] InfluenceTick: 6,5 ms 
[  1280,6s f59930] FRAME: 69,7 ms gc0+0 gc1+0 gc2+0
[  1280,6s f59931] FRAME: 59,1 ms gc0+0 gc1+0 gc2+0
[  1280,6s f59931] InfluenceTick: 6,4 ms 
[  1280,7s f59932] FRAME: 64,8 ms gc0+0 gc1+0 gc2+0
[  1280,7s f59933] InfluenceTick: 6,8 ms 
[  1280,8s f59934] FRAME: 59,4 ms gc0+0 gc1+0 gc2+0
[  1280,9s f59936] InfluenceTick: 6,5 ms 
[  1280,9s f59937] FRAME: 61,1 ms gc0+0 gc1+0 gc2+0
[  1281,0s f59938] InfluenceTick: 6,2 ms 
[  1281,0s f59939] FRAME: 81,8 ms gc0+0 gc1+0 gc2+0
[  1281,1s f59939] AIThink: 7,2 ms brains 1
[  1281,1s f59940] FRAME: 57,6 ms gc0+0 gc1+0 gc2+0
[  1281,1s f59940] InfluenceTick: 6,4 ms 
[  1281,2s f59941] FRAME: 76,7 ms gc0+1 gc1+1 gc2+1
[  1281,2s f59942] InfluenceTick: 6,5 ms 
[  1281,3s f59943] FRAME: 61,2 ms gc0+0 gc1+0 gc2+0
[  1281,4s f59944] InfluenceTick: 5,7 ms 
[  1281,4s f59945] FRAME: 60,4 ms gc0+0 gc1+0 gc2+0
[  1281,4s f59946] FRAME: 53,7 ms gc0+0 gc1+0 gc2+0
[  1281,5s f59946] InfluenceTick: 6,4 ms 
[  1281,5s f59947] FRAME: 65,0 ms gc0+0 gc1+0 gc2+0
[  1281,6s f59948] InfluenceTick: 5,9 ms 
[  1281,6s f59949] FRAME: 54,5 ms gc0+0 gc1+0 gc2+0
[  1281,7s f59951] InfluenceTick: 6,5 ms 
[  1281,7s f59952] FRAME: 61,8 ms gc0+0 gc1+0 gc2+0
[  1281,8s f59953] InfluenceTick: 6,5 ms 
[  1281,8s f59954] FRAME: 61,5 ms gc0+0 gc1+0 gc2+0
[  1281,9s f59955] FRAME: 61,7 ms gc0+0 gc1+0 gc2+0
[  1281,9s f59955] InfluenceTick: 7,0 ms 
[  1282,0s f59956] FRAME: 61,5 ms gc0+0 gc1+0 gc2+0
[  1282,0s f59957] FRAME: 52,3 ms gc0+0 gc1+0 gc2+0
[  1282,0s f59957] InfluenceTick: 5,6 ms 
[  1282,1s f59958] FRAME: 63,6 ms gc0+0 gc1+0 gc2+0
[  1282,2s f59959] InfluenceTick: 6,4 ms 
[  1282,2s f59960] FRAME: 67,8 ms gc0+0 gc1+0 gc2+0
[  1282,3s f59961] InfluenceTick: 6,2 ms 
[  1282,3s f59962] FRAME: 58,6 ms gc0+0 gc1+0 gc2+0
[  1282,4s f59963] FRAME: 62,4 ms gc0+0 gc1+0 gc2+0
[  1282,4s f59963] InfluenceTick: 6,9 ms 
[  1282,4s f59964] FRAME: 66,8 ms gc0+1 gc1+1 gc2+1
[  1282,5s f59964] HutIncome: 15,5 ms huts 70
[  1282,5s f59964] AIThink: 16,6 ms brains 1
[  1282,5s f59965] FRAME: 71,7 ms gc0+0 gc1+0 gc2+0
[  1282,5s f59965] InfluenceTick: 6,5 ms 
[  1282,6s f59966] FRAME: 64,7 ms gc0+0 gc1+0 gc2+0
[  1282,6s f59967] InfluenceTick: 6,4 ms 
[  1282,7s f59968] FRAME: 62,7 ms gc0+0 gc1+0 gc2+0
[  1282,7s f59969] InfluenceTick: 6,1 ms 
[  1282,8s f59970] FRAME: 70,5 ms gc0+0 gc1+0 gc2+0
[  1282,9s f59971] InfluenceTick: 6,8 ms 
[  1282,9s f59972] FRAME: 64,2 ms gc0+0 gc1+0 gc2+0
[  1283,0s f59973] InfluenceTick: 5,7 ms 
[  1283,0s f59974] FRAME: 53,5 ms gc0+0 gc1+0 gc2+0
[  1283,1s f59975] InfluenceTick: 5,5 ms 
[  1283,1s f59976] FRAME: 68,3 ms gc0+0 gc1+0 gc2+0
[  1283,2s f59977] InfluenceTick: 6,1 ms 
[  1283,2s f59978] FRAME: 77,1 ms gc0+0 gc1+0 gc2+0
[  1283,3s f59979] InfluenceTick: 5,7 ms 
[  1283,3s f59980] FRAME: 51,6 ms gc0+0 gc1+0 gc2+0
[  1283,4s f59982] InfluenceTick: 7,3 ms 
[  1283,4s f59983] FRAME: 57,3 ms gc0+0 gc1+0 gc2+0
[  1283,5s f59985] InfluenceTick: 5,7 ms 
[  1283,6s f59986] FRAME: 54,9 ms gc0+0 gc1+0 gc2+0
[  1283,6s f59987] FRAME: 59,6 ms gc0+0 gc1+0 gc2+0
[  1283,7s f59987] InfluenceTick: 6,1 ms 
[  1283,7s f59988] FRAME: 62,0 ms gc0+0 gc1+0 gc2+0
[  1283,8s f59989] InfluenceTick: 6,1 ms 
[  1283,8s f59990] FRAME: 61,8 ms gc0+1 gc1+1 gc2+1
[  1283,9s f59992] InfluenceTick: 5,5 ms 
[  1283,9s f59992] AIThink: 9,2 ms brains 1
[  1283,9s f59993] FRAME: 66,6 ms gc0+0 gc1+0 gc2+0
[  1284,0s f59994] InfluenceTick: 6,9 ms 
[  1284,1s f59995] FRAME: 87,3 ms gc0+0 gc1+0 gc2+0
[  1284,1s f59996] FRAME: 57,9 ms gc0+0 gc1+0 gc2+0
[  1284,2s f59996] InfluenceTick: 6,4 ms 
[  1284,2s f59997] FRAME: 65,0 ms gc0+0 gc1+0 gc2+0
[  1284,3s f59998] InfluenceTick: 7,2 ms 
[  1284,3s f59999] FRAME: 61,9 ms gc0+0 gc1+0 gc2+0
[  1284,4s f60000] InfluenceTick: 6,6 ms 
[  1284,4s f60001] FRAME: 61,8 ms gc0+0 gc1+0 gc2+0
[  1284,5s f60002] FRAME: 57,8 ms gc0+0 gc1+0 gc2+0
[  1284,5s f60002] InfluenceTick: 6,5 ms 
[  1284,5s f60002] HutIncome: 16,0 ms huts 70
[  1284,5s f60003] FRAME: 75,2 ms gc0+0 gc1+0 gc2+0
[  1284,6s f60004] InfluenceTick: 6,2 ms 
[  1284,6s f60005] FRAME: 59,8 ms gc0+0 gc1+0 gc2+0
[  1284,7s f60006] FRAME: 55,7 ms gc0+1 gc1+1 gc2+1
[  1284,7s f60006] InfluenceTick: 6,2 ms 
[  1284,7s f60007] FRAME: 56,1 ms gc0+0 gc1+0 gc2+0
[  1284,9s f60009] InfluenceTick: 5,5 ms 
[  1284,9s f60009] AIThink: 18,1 ms brains 1
[  1284,9s f60010] FRAME: 88,4 ms gc0+0 gc1+0 gc2+0
[  1285,0s f60011] InfluenceTick: 5,9 ms 
[  1285,0s f60012] FRAME: 76,9 ms gc0+0 gc1+0 gc2+0
[  1285,1s f60013] InfluenceTick: 6,6 ms 
[  1285,1s f60014] FRAME: 61,2 ms gc0+0 gc1+0 gc2+0
[  1285,2s f60015] InfluenceTick: 6,2 ms 
[  1285,3s f60016] FRAME: 70,4 ms gc0+0 gc1+0 gc2+0
[  1285,3s f60017] FRAME: 59,4 ms gc0+0 gc1+0 gc2+0
[  1285,3s f60017] InfluenceTick: 6,2 ms 
[  1285,4s f60018] FRAME: 59,8 ms gc0+0 gc1+0 gc2+0
[  1285,4s f60019] InfluenceTick: 6,4 ms 
[  1285,5s f60020] FRAME: 62,6 ms gc0+0 gc1+0 gc2+0
[  1285,5s f60021] InfluenceTick: 5,5 ms 
[  1285,6s f60022] FRAME: 52,6 ms gc0+0 gc1+0 gc2+0
[  1285,7s f60024] InfluenceTick: 6,5 ms 
[  1285,7s f60025] FRAME: 64,4 ms gc0+0 gc1+0 gc2+0
[  1285,8s f60026] FRAME: 66,6 ms gc0+1 gc1+1 gc2+1
[  1285,8s f60026] InfluenceTick: 5,9 ms 
[  1285,8s f60027] FRAME: 53,8 ms gc0+0 gc1+0 gc2+0
[  1285,9s f60029] InfluenceTick: 7,0 ms 
[  1286,0s f60030] FRAME: 66,9 ms gc0+0 gc1+0 gc2+0
[  1286,0s f60030] AIThink: 10,9 ms brains 1
[  1286,0s f60031] FRAME: 64,9 ms gc0+0 gc1+0 gc2+0
[  1286,1s f60031] InfluenceTick: 6,3 ms 
[  1286,1s f60032] FRAME: 67,5 ms gc0+0 gc1+0 gc2+0
[  1286,2s f60033] FRAME: 58,2 ms gc0+0 gc1+0 gc2+0
[  1286,2s f60033] InfluenceTick: 6,7 ms 
[  1286,2s f60034] FRAME: 65,4 ms gc0+0 gc1+0 gc2+0
[  1286,3s f60035] InfluenceTick: 6,7 ms 
[  1286,3s f60036] FRAME: 58,8 ms gc0+0 gc1+0 gc2+0
[  1286,4s f60037] InfluenceTick: 6,6 ms 
[  1286,4s f60038] FRAME: 62,5 ms gc0+0 gc1+0 gc2+0
[  1286,5s f60039] InfluenceTick: 8,0 ms 
[  1286,5s f60039] HutIncome: 18,5 ms huts 70
[  1286,6s f60040] FRAME: 82,0 ms gc0+0 gc1+0 gc2+0
[  1286,6s f60041] FRAME: 61,5 ms gc0+0 gc1+0 gc2+0
[  1286,7s f60041] InfluenceTick: 7,9 ms 
[  1286,7s f60042] FRAME: 72,2 ms gc0+0 gc1+0 gc2+0
[  1286,8s f60043] InfluenceTick: 7,3 ms 
[  1286,8s f60044] FRAME: 65,0 ms gc0+0 gc1+0 gc2+0
[  1286,9s f60045] InfluenceTick: 6,4 ms 
[  1286,9s f60046] FRAME: 65,5 ms gc0+0 gc1+0 gc2+0
[  1287,0s f60047] InfluenceTick: 7,0 ms 
[  1287,1s f60048] FRAME: 76,2 ms gc0+0 gc1+0 gc2+0
[  1287,1s f60049] FRAME: 77,3 ms gc0+1 gc1+1 gc2+1
[  1287,2s f60049] InfluenceTick: 6,7 ms 
[  1287,2s f60050] FRAME: 65,3 ms gc0+0 gc1+0 gc2+0
[  1287,2s f60050] AIThink: 19,8 ms brains 1
[  1287,3s f60051] FRAME: 62,0 ms gc0+0 gc1+0 gc2+0
[  1287,3s f60051] InfluenceTick: 6,8 ms 
[  1287,3s f60052] FRAME: 60,1 ms gc0+0 gc1+0 gc2+0
[  1287,4s f60053] FRAME: 50,0 ms gc0+0 gc1+0 gc2+0
[  1287,4s f60053] InfluenceTick: 6,5 ms 
[  1287,4s f60054] FRAME: 65,5 ms gc0+0 gc1+0 gc2+0
[  1287,5s f60055] InfluenceTick: 5,9 ms 
[  1287,5s f60056] FRAME: 68,3 ms gc0+0 gc1+0 gc2+0
[  1287,6s f60057] InfluenceTick: 6,5 ms 
[  1287,6s f60058] FRAME: 59,7 ms gc0+0 gc1+0 gc2+0
[  1287,7s f60059] InfluenceTick: 6,6 ms 
[  1287,7s f60060] FRAME: 62,0 ms gc0+0 gc1+0 gc2+0
[  1287,8s f60061] InfluenceTick: 6,1 ms 
[  1287,8s f60062] FRAME: 59,1 ms gc0+0 gc1+0 gc2+0
[  1287,9s f60063] InfluenceTick: 5,9 ms 
[  1288,0s f60064] FRAME: 70,3 ms gc0+0 gc1+0 gc2+0
[  1288,0s f60065] InfluenceTick: 6,2 ms 
[  1288,1s f60066] FRAME: 68,9 ms gc0+0 gc1+0 gc2+0
[  1288,1s f60066] AIThink: 10,4 ms brains 1
[  1288,1s f60067] FRAME: 53,0 ms gc0+0 gc1+0 gc2+0
[  1288,2s f60067] InfluenceTick: 6,2 ms 
[  1288,2s f60068] FRAME: 56,7 ms gc0+0 gc1+0 gc2+0
[  1288,3s f60070] InfluenceTick: 5,9 ms 
[  1288,3s f60071] FRAME: 68,7 ms gc0+1 gc1+1 gc2+1
[  1288,4s f60072] FRAME: 60,8 ms gc0+0 gc1+0 gc2+0
[  1288,4s f60072] InfluenceTick: 6,2 ms 
[  1288,5s f60073] FRAME: 64,0 ms gc0+0 gc1+0 gc2+0
[  1288,5s f60074] InfluenceTick: 6,2 ms 
[  1288,5s f60074] HutIncome: 15,6 ms huts 70
[  1288,6s f60075] FRAME: 71,9 ms gc0+0 gc1+0 gc2+0
[  1288,6s f60076] FRAME: 53,2 ms gc0+0 gc1+0 gc2+0
[  1288,7s f60076] InfluenceTick: 6,0 ms 
[  1288,7s f60077] FRAME: 69,6 ms gc0+0 gc1+0 gc2+0
[  1288,8s f60078] InfluenceTick: 5,9 ms 
[  1288,8s f60079] FRAME: 67,7 ms gc0+0 gc1+0 gc2+0
[  1288,9s f60080] FRAME: 59,2 ms gc0+0 gc1+0 gc2+0
[  1288,9s f60080] InfluenceTick: 7,3 ms 
[  1288,9s f60081] FRAME: 62,3 ms gc0+0 gc1+0 gc2+0
[  1289,0s f60082] InfluenceTick: 6,5 ms 
[  1289,0s f60083] FRAME: 72,6 ms gc0+0 gc1+0 gc2+0
[  1289,1s f60084] FRAME: 50,2 ms gc0+0 gc1+0 gc2+0
[  1289,1s f60084] InfluenceTick: 7,0 ms 
[  1289,2s f60085] FRAME: 74,7 ms gc0+1 gc1+1 gc2+1
[  1289,2s f60086] InfluenceTick: 5,8 ms 
[  1289,3s f60087] FRAME: 72,0 ms gc0+0 gc1+0 gc2+0
[  1289,3s f60088] InfluenceTick: 5,6 ms 
[  1289,4s f60089] FRAME: 57,4 ms gc0+0 gc1+0 gc2+0
[  1289,5s f60091] InfluenceTick: 7,5 ms 
[  1289,5s f60092] FRAME: 68,7 ms gc0+0 gc1+0 gc2+0
[  1289,6s f60093] InfluenceTick: 6,4 ms 
[  1289,6s f60094] FRAME: 65,7 ms gc0+0 gc1+0 gc2+0
[  1289,7s f60094] AIThink: 18,7 ms brains 1
[  1289,7s f60095] FRAME: 78,9 ms gc0+0 gc1+0 gc2+0
[  1289,7s f60095] InfluenceTick: 6,5 ms 
[  1289,8s f60096] FRAME: 59,3 ms gc0+0 gc1+0 gc2+0
[  1289,8s f60097] InfluenceTick: 6,0 ms 
[  1289,9s f60098] FRAME: 52,9 ms gc0+0 gc1+0 gc2+0
[  1290,0s f60100] InfluenceTick: 6,7 ms 
[  1290,0s f60101] FRAME: 63,7 ms gc0+0 gc1+0 gc2+0
[  1290,1s f60102] FRAME: 59,3 ms gc0+0 gc1+0 gc2+0
[  1290,1s f60102] InfluenceTick: 5,8 ms 
[  1290,1s f60103] FRAME: 79,7 ms gc0+0 gc1+0 gc2+0
[  1290,2s f60104] FRAME: 52,4 ms gc0+0 gc1+0 gc2+0
[  1290,2s f60104] InfluenceTick: 6,3 ms 
[  1290,3s f60105] FRAME: 74,0 ms gc0+0 gc1+0 gc2+0
[  1290,3s f60106] InfluenceTick: 6,5 ms 
[  1290,4s f60107] FRAME: 63,4 ms gc0+1 gc1+1 gc2+1
[  1290,5s f60108] InfluenceTick: 7,3 ms 
[  1290,5s f60109] FRAME: 60,3 ms gc0+0 gc1+0 gc2+0
[  1290,5s f60110] FRAME: 60,4 ms gc0+0 gc1+0 gc2+0
[  1290,6s f60110] InfluenceTick: 6,3 ms 
[  1290,6s f60110] HutIncome: 15,8 ms huts 70
[  1290,6s f60111] FRAME: 84,8 ms gc0+0 gc1+0 gc2+0
[  1290,7s f60112] InfluenceTick: 6,7 ms 
[  1290,7s f60113] FRAME: 67,7 ms gc0+0 gc1+0 gc2+0
[  1290,8s f60114] InfluenceTick: 6,8 ms 
[  1290,8s f60115] FRAME: 58,0 ms gc0+0 gc1+0 gc2+0
[  1290,9s f60117] FRAME: 56,4 ms gc0+0 gc1+0 gc2+0
[  1291,0s f60117] InfluenceTick: 6,3 ms 
[  1291,0s f60118] FRAME: 62,7 ms gc0+0 gc1+0 gc2+0
[  1291,1s f60119] FRAME: 55,4 ms gc0+0 gc1+0 gc2+0
[  1291,1s f60119] InfluenceTick: 6,1 ms 
[  1291,1s f60120] FRAME: 70,1 ms gc0+0 gc1+0 gc2+0
[  1291,2s f60121] InfluenceTick: 8,0 ms 
[  1291,2s f60122] FRAME: 66,9 ms gc0+0 gc1+0 gc2+0
[  1291,3s f60123] InfluenceTick: 6,3 ms 
[  1291,4s f60124] FRAME: 71,4 ms gc0+0 gc1+0 gc2+0
[  1291,4s f60125] InfluenceTick: 6,7 ms 
[  1291,5s f60126] FRAME: 63,7 ms gc0+0 gc1+0 gc2+0
[  1291,5s f60127] InfluenceTick: 5,8 ms 
[  1291,6s f60128] FRAME: 56,1 ms gc0+0 gc1+0 gc2+0
[  1291,6s f60129] FRAME: 50,2 ms gc0+0 gc1+0 gc2+0
[  1291,6s f60129] InfluenceTick: 6,7 ms 
[  1291,7s f60130] FRAME: 64,1 ms gc0+1 gc1+1 gc2+1
[  1291,8s f60131] InfluenceTick: 6,2 ms 
[  1291,8s f60132] FRAME: 72,9 ms gc0+0 gc1+0 gc2+0
[  1291,9s f60133] InfluenceTick: 6,5 ms 
[  1291,9s f60134] FRAME: 60,5 ms gc0+0 gc1+0 gc2+0
[  1292,0s f60135] InfluenceTick: 6,5 ms 
[  1292,0s f60136] FRAME: 56,3 ms gc0+0 gc1+0 gc2+0
[  1292,0s f60136] VeilPulse: 5,2 ms 
[  1292,0s f60137] FRAME: 57,8 ms gc0+0 gc1+0 gc2+0
[  1292,1s f60137] InfluenceTick: 6,5 ms 
[  1292,1s f60137] AIThink: 18,2 ms brains 1
[  1292,1s f60138] FRAME: 89,4 ms gc0+0 gc1+0 gc2+0
[  1292,2s f60139] FRAME: 63,2 ms gc0+0 gc1+0 gc2+0
[  1292,2s f60139] InfluenceTick: 6,2 ms 
[  1292,3s f60140] FRAME: 57,1 ms gc0+0 gc1+0 gc2+0
[  1292,4s f60142] InfluenceTick: 6,5 ms 
[  1292,4s f60143] FRAME: 64,0 ms gc0+0 gc1+0 gc2+0
[  1292,5s f60144] InfluenceTick: 6,9 ms 
[  1292,5s f60145] FRAME: 61,2 ms gc0+0 gc1+0 gc2+0
[  1292,6s f60146] InfluenceTick: 6,7 ms 
[  1292,6s f60147] FRAME: 80,3 ms gc0+0 gc1+0 gc2+0
[  1292,7s f60147] HutIncome: 17,7 ms huts 70
[  1292,7s f60148] FRAME: 64,0 ms gc0+0 gc1+0 gc2+0
[  1292,7s f60148] InfluenceTick: 7,2 ms 
[  1292,8s f60149] FRAME: 79,9 ms gc0+0 gc1+0 gc2+0
[  1292,8s f60150] InfluenceTick: 6,9 ms 
[  1292,9s f60151] FRAME: 64,2 ms gc0+1 gc1+1 gc2+1
[  1292,9s f60152] InfluenceTick: 6,4 ms 
[  1293,0s f60153] FRAME: 60,6 ms gc0+0 gc1+0 gc2+0
[  1293,1s f60154] FRAME: 71,8 ms gc0+0 gc1+0 gc2+0
[  1293,1s f60154] InfluenceTick: 6,1 ms 
[  1293,1s f60155] FRAME: 67,3 ms gc0+0 gc1+0 gc2+0
[  1293,2s f60156] InfluenceTick: 7,1 ms 
[  1293,6s f60157] FRAME: 450,1 ms gc0+0 gc1+0 gc2+0
[  1293,7s f60157] InfluenceTick: 5,8 ms 
[  1293,7s f60158] FRAME: 84,9 ms gc0+0 gc1+0 gc2+0
[  1293,8s f60159] InfluenceTick: 6,3 ms 
[  1293,8s f60160] FRAME: 58,8 ms gc0+0 gc1+0 gc2+0
[  1293,9s f60162] InfluenceTick: 5,6 ms 
[  1293,9s f60163] FRAME: 55,2 ms gc0+0 gc1+0 gc2+0
[  1294,0s f60165] InfluenceTick: 6,7 ms 
[  1294,1s f60166] FRAME: 61,6 ms gc0+0 gc1+0 gc2+0
[  1294,1s f60167] FRAME: 65,6 ms gc0+0 gc1+0 gc2+0
[  1294,2s f60167] InfluenceTick: 6,1 ms 
[  1294,2s f60168] FRAME: 76,7 ms gc0+0 gc1+0 gc2+0
[  1294,3s f60169] InfluenceTick: 6,0 ms 
[  1294,3s f60170] FRAME: 61,5 ms gc0+0 gc1+0 gc2+0
[  1294,4s f60171] InfluenceTick: 7,0 ms 
[  1294,4s f60172] FRAME: 59,9 ms gc0+0 gc1+0 gc2+0
[  1294,5s f60172] AIThink: 13,9 ms brains 1
[  1294,5s f60173] FRAME: 67,2 ms gc0+0 gc1+0 gc2+0
[  1294,5s f60173] InfluenceTick: 7,6 ms 
[  1294,6s f60173] AIThink: 12,8 ms brains 1
[  1294,6s f60174] FRAME: 116,9 ms gc0+0 gc1+0 gc2+0
[  1294,6s f60174] InfluenceTick: 7,5 ms 
[  1294,7s f60174] AIThink: 19,0 ms brains 1
[  1294,7s f60175] FRAME: 84,1 ms gc0+0 gc1+0 gc2+0
[  1294,7s f60176] FRAME: 50,3 ms gc0+0 gc1+0 gc2+0
[  1294,8s f60176] InfluenceTick: 7,2 ms 
[  1294,8s f60177] FRAME: 68,9 ms gc0+0 gc1+0 gc2+0
[  1294,8s f60177] HutIncome: 17,6 ms huts 70
[  1294,9s f60178] FRAME: 57,1 ms gc0+0 gc1+0 gc2+0
[  1294,9s f60178] InfluenceTick: 7,2 ms 
[  1294,9s f60179] FRAME: 64,9 ms gc0+0 gc1+0 gc2+0
[  1295,0s f60180] FRAME: 60,4 ms gc0+0 gc1+0 gc2+0
[  1295,0s f60180] InfluenceTick: 6,5 ms 
[  1295,1s f60181] FRAME: 62,8 ms gc0+0 gc1+0 gc2+0
[  1295,2s f60183] InfluenceTick: 5,4 ms 
[  1295,2s f60184] FRAME: 58,6 ms gc0+0 gc1+0 gc2+0
[  1295,3s f60186] InfluenceTick: 6,3 ms 
[  1295,3s f60187] FRAME: 55,7 ms gc0+0 gc1+0 gc2+0
[  1295,4s f60188] InfluenceTick: 6,3 ms 
[  1295,4s f60189] FRAME: 74,4 ms gc0+0 gc1+0 gc2+0
[  1295,5s f60190] InfluenceTick: 6,6 ms 
[  1295,6s f60191] FRAME: 70,8 ms gc0+1 gc1+1 gc2+1
[  1295,6s f60192] InfluenceTick: 6,6 ms 
[  1295,7s f60193] FRAME: 62,6 ms gc0+0 gc1+0 gc2+0
[  1295,7s f60194] InfluenceTick: 5,3 ms 
[  1295,8s f60195] FRAME: 57,4 ms gc0+0 gc1+0 gc2+0
[  1295,9s f60197] FRAME: 56,9 ms gc0+0 gc1+0 gc2+0
[  1295,9s f60197] InfluenceTick: 6,5 ms 
[  1295,9s f60198] FRAME: 61,5 ms gc0+0 gc1+0 gc2+0
[  1296,0s f60199] InfluenceTick: 6,7 ms 
[  1296,0s f60200] FRAME: 57,1 ms gc0+0 gc1+0 gc2+0
[  1296,1s f60202] InfluenceTick: 6,4 ms 
[  1296,2s f60203] FRAME: 70,4 ms gc0+0 gc1+0 gc2+0
[  1296,3s f60204] InfluenceTick: 7,1 ms 
[  1296,3s f60205] FRAME: 87,3 ms gc0+0 gc1+0 gc2+0
[  1296,4s f60206] InfluenceTick: 6,4 ms 
[  1296,4s f60207] FRAME: 61,4 ms gc0+0 gc1+0 gc2+0
[  1296,5s f60208] InfluenceTick: 6,6 ms 
[  1296,5s f60209] FRAME: 62,5 ms gc0+0 gc1+0 gc2+0
[  1296,6s f60210] InfluenceTick: 6,8 ms 
[  1296,6s f60211] FRAME: 56,6 ms gc0+0 gc1+0 gc2+0
[  1296,6s f60211] AIThink: 20,7 ms brains 2
[  1296,7s f60212] FRAME: 63,8 ms gc0+0 gc1+0 gc2+0
[  1296,7s f60212] InfluenceTick: 7,3 ms 
[  1296,8s f60213] FRAME: 93,7 ms gc0+1 gc1+1 gc2+1
[  1296,8s f60214] FRAME: 52,2 ms gc0+0 gc1+0 gc2+0
[  1296,8s f60214] InfluenceTick: 6,1 ms 
[  1296,9s f60214] HutIncome: 14,5 ms huts 70
[  1296,9s f60215] FRAME: 74,2 ms gc0+0 gc1+0 gc2+0
[  1297,0s f60216] InfluenceTick: 6,7 ms 
[  1297,0s f60217] FRAME: 62,8 ms gc0+0 gc1+0 gc2+0
[  1297,0s f60217] AIThink: 20,5 ms brains 2
[  1297,1s f60218] FRAME: 64,3 ms gc0+0 gc1+0 gc2+0
[  1297,1s f60218] InfluenceTick: 6,4 ms 
[  1297,1s f60219] FRAME: 73,4 ms gc0+0 gc1+0 gc2+0
[  1297,2s f60220] FRAME: 64,8 ms gc0+0 gc1+0 gc2+0
[  1297,2s f60220] InfluenceTick: 5,7 ms 
[  1297,3s f60221] FRAME: 61,4 ms gc0+0 gc1+0 gc2+0
[  1297,3s f60222] InfluenceTick: 6,8 ms 
[  1297,4s f60223] FRAME: 73,4 ms gc0+0 gc1+0 gc2+0
[  1297,4s f60224] InfluenceTick: 6,9 ms 
[  1297,5s f60225] FRAME: 63,6 ms gc0+0 gc1+0 gc2+0
[  1297,5s f60226] FRAME: 51,5 ms gc0+0 gc1+0 gc2+0
[  1297,6s f60226] InfluenceTick: 6,9 ms 
[  1297,6s f60227] FRAME: 59,9 ms gc0+0 gc1+0 gc2+0
[  1297,7s f60228] FRAME: 61,7 ms gc0+0 gc1+0 gc2+0
[  1297,7s f60228] InfluenceTick: 6,6 ms 
[  1297,7s f60229] FRAME: 63,4 ms gc0+0 gc1+0 gc2+0
[  1297,8s f60230] FRAME: 55,1 ms gc0+0 gc1+0 gc2+0
[  1297,8s f60230] InfluenceTick: 5,7 ms 
[  1297,8s f60231] FRAME: 65,0 ms gc0+0 gc1+0 gc2+0
[  1297,9s f60232] InfluenceTick: 6,8 ms 
[  1297,9s f60233] FRAME: 63,7 ms gc0+1 gc1+1 gc2+1
[  1298,0s f60234] InfluenceTick: 6,8 ms 
[  1298,0s f60235] FRAME: 60,8 ms gc0+0 gc1+0 gc2+0
[  1298,1s f60236] FRAME: 58,2 ms gc0+0 gc1+0 gc2+0
[  1298,1s f60236] InfluenceTick: 6,7 ms 
[  1298,2s f60237] FRAME: 68,4 ms gc0+0 gc1+0 gc2+0
[  1298,2s f60238] FRAME: 52,3 ms gc0+0 gc1+0 gc2+0
[  1298,3s f60238] InfluenceTick: 6,7 ms 
[  1298,3s f60239] FRAME: 63,3 ms gc0+0 gc1+0 gc2+0
[  1298,4s f60240] InfluenceTick: 6,6 ms 
[  1298,4s f60241] FRAME: 59,1 ms gc0+0 gc1+0 gc2+0
[  1298,5s f60242] InfluenceTick: 6,9 ms 
[  1298,5s f60243] FRAME: 59,5 ms gc0+0 gc1+0 gc2+0
[  1298,6s f60244] FRAME: 54,9 ms gc0+0 gc1+0 gc2+0
[  1298,6s f60244] InfluenceTick: 6,2 ms 
[  1298,6s f60245] FRAME: 59,1 ms gc0+0 gc1+0 gc2+0
[  1298,7s f60246] InfluenceTick: 7,0 ms 
[  1298,7s f60247] FRAME: 62,3 ms gc0+0 gc1+0 gc2+0
[  1298,7s f60247] AIThink: 10,9 ms brains 1
[  1298,8s f60248] FRAME: 55,7 ms gc0+0 gc1+0 gc2+0
[  1298,8s f60248] InfluenceTick: 7,4 ms 
[  1298,8s f60248] AIThink: 11,2 ms brains 1
[  1298,9s f60249] FRAME: 85,9 ms gc0+0 gc1+0 gc2+0
[  1298,9s f60249] HutIncome: 15,7 ms huts 70
[  1298,9s f60250] FRAME: 67,8 ms gc0+0 gc1+0 gc2+0
[  1299,0s f60250] InfluenceTick: 6,7 ms 
[  1299,0s f60251] FRAME: 84,5 ms gc0+0 gc1+0 gc2+0
[  1299,1s f60252] InfluenceTick: 6,5 ms 
[  1299,1s f60253] FRAME: 58,0 ms gc0+0 gc1+0 gc2+0
[  1299,2s f60254] FRAME: 54,3 ms gc0+1 gc1+1 gc2+1
[  1299,2s f60254] InfluenceTick: 6,4 ms 
[  1299,2s f60255] FRAME: 71,7 ms gc0+0 gc1+0 gc2+0
[  1299,3s f60256] InfluenceTick: 6,9 ms 
[  1299,3s f60257] FRAME: 64,7 ms gc0+0 gc1+0 gc2+0
[  1299,4s f60258] FRAME: 63,0 ms gc0+0 gc1+0 gc2+0
[  1299,4s f60258] InfluenceTick: 6,2 ms 
[  1299,5s f60258] AIThink: 17,1 ms brains 1
[  1299,5s f60259] FRAME: 78,6 ms gc0+0 gc1+0 gc2+0
[  1299,6s f60260] InfluenceTick: 6,9 ms 
[  1299,6s f60261] FRAME: 56,6 ms gc0+0 gc1+0 gc2+0
[  1299,7s f60263] InfluenceTick: 6,8 ms 
[  1299,7s f60264] FRAME: 57,4 ms gc0+0 gc1+0 gc2+0
[  1299,8s f60266] FRAME: 62,4 ms gc0+0 gc1+0 gc2+0
[  1299,9s f60266] InfluenceTick: 7,3 ms 
[  1299,9s f60267] FRAME: 62,2 ms gc0+0 gc1+0 gc2+0
[  1300,0s f60268] InfluenceTick: 7,7 ms 
[  1300,0s f60269] FRAME: 65,1 ms gc0+0 gc1+0 gc2+0
[  1300,1s f60270] FRAME: 77,7 ms gc0+1 gc1+1 gc2+1
[  1300,1s f60270] InfluenceTick: 8,4 ms 
[  1300,1s f60270] VeilPulse: 5,2 ms 
[  1300,2s f60271] FRAME: 84,6 ms gc0+0 gc1+0 gc2+0
[  1300,2s f60272] InfluenceTick: 6,6 ms 
[  1300,3s f60273] FRAME: 76,5 ms gc0+0 gc1+0 gc2+0
[  1300,4s f60274] InfluenceTick: 8,0 ms 
[  1300,4s f60275] FRAME: 66,1 ms gc0+0 gc1+0 gc2+0
[  1300,5s f60276] InfluenceTick: 7,0 ms 
[  1300,5s f60277] FRAME: 60,2 ms gc0+0 gc1+0 gc2+0
[  1300,6s f60278] InfluenceTick: 6,3 ms 
[  1300,6s f60279] FRAME: 59,4 ms gc0+0 gc1+0 gc2+0
[  1300,7s f60281] FRAME: 54,3 ms gc0+0 gc1+0 gc2+0
[  1300,7s f60281] InfluenceTick: 7,1 ms 
[  1300,8s f60282] FRAME: 64,3 ms gc0+0 gc1+0 gc2+0
[  1300,8s f60283] InfluenceTick: 7,2 ms 
[  1300,8s f60283] AIThink: 10,8 ms brains 1
[  1300,9s f60284] FRAME: 76,8 ms gc0+0 gc1+0 gc2+0
[  1300,9s f60284] HutIncome: 18,4 ms huts 70
[  1300,9s f60285] FRAME: 65,5 ms gc0+0 gc1+0 gc2+0
[  1301,0s f60285] InfluenceTick: 6,4 ms 
[  1301,0s f60286] FRAME: 62,7 ms gc0+1 gc1+1 gc2+1
[  1301,1s f60287] InfluenceTick: 6,4 ms 
[  1301,1s f60288] FRAME: 80,9 ms gc0+0 gc1+0 gc2+0
[  1301,2s f60289] FRAME: 52,5 ms gc0+0 gc1+0 gc2+0
[  1301,2s f60289] InfluenceTick: 6,5 ms 
[  1301,2s f60290] FRAME: 66,9 ms gc0+0 gc1+0 gc2+0
[  1301,3s f60291] InfluenceTick: 8,1 ms 
[  1301,4s f60292] FRAME: 68,6 ms gc0+0 gc1+0 gc2+0
[  1301,4s f60293] InfluenceTick: 7,8 ms 
[  1301,5s f60294] FRAME: 71,4 ms gc0+0 gc1+0 gc2+0
[  1301,5s f60295] FRAME: 64,3 ms gc0+0 gc1+0 gc2+0
[  1301,6s f60295] InfluenceTick: 7,0 ms 
[  1301,6s f60296] FRAME: 60,7 ms gc0+0 gc1+0 gc2+0
[  1301,7s f60297] InfluenceTick: 7,3 ms 
[  1301,7s f60298] FRAME: 65,3 ms gc0+0 gc1+0 gc2+0
[  1301,8s f60299] FRAME: 51,3 ms gc0+0 gc1+0 gc2+0
[  1301,8s f60299] InfluenceTick: 7,3 ms 
[  1301,8s f60300] FRAME: 66,5 ms gc0+0 gc1+0 gc2+0
[  1301,9s f60300] AIThink: 18,8 ms brains 1
[  1301,9s f60301] FRAME: 74,3 ms gc0+0 gc1+0 gc2+0
[  1302,0s f60301] InfluenceTick: 7,0 ms 
[  1302,0s f60302] FRAME: 89,6 ms gc0+0 gc1+0 gc2+0
[  1302,1s f60303] FRAME: 56,1 ms gc0+0 gc1+0 gc2+0
[  1302,1s f60303] InfluenceTick: 7,1 ms 
[  1302,1s f60304] FRAME: 61,8 ms gc0+0 gc1+0 gc2+0
[  1302,2s f60305] FRAME: 58,6 ms gc0+0 gc1+0 gc2+0
[  1302,2s f60305] InfluenceTick: 6,9 ms 
[  1302,2s f60306] FRAME: 73,7 ms gc0+0 gc1+0 gc2+0
[  1302,3s f60307] FRAME: 54,1 ms gc0+1 gc1+1 gc2+1
[  1302,3s f60307] InfluenceTick: 6,1 ms 
[  1302,4s f60308] FRAME: 61,8 ms gc0+0 gc1+0 gc2+0
[  1302,4s f60309] FRAME: 57,0 ms gc0+0 gc1+0 gc2+0
[  1302,5s f60309] InfluenceTick: 6,8 ms 
[  1302,5s f60310] FRAME: 57,8 ms gc0+0 gc1+0 gc2+0
[  1302,6s f60312] InfluenceTick: 5,9 ms 
[  1302,6s f60313] FRAME: 56,0 ms gc0+0 gc1+0 gc2+0
[  1302,7s f60315] InfluenceTick: 6,5 ms 
[  1302,7s f60316] FRAME: 56,2 ms gc0+0 gc1+0 gc2+0
[  1302,8s f60317] InfluenceTick: 6,4 ms 
[  1302,9s f60318] FRAME: 73,9 ms gc0+0 gc1+0 gc2+0
[  1302,9s f60319] InfluenceTick: 6,3 ms 
[  1302,9s f60319] HutIncome: 15,4 ms huts 70
[  1303,0s f60320] FRAME: 77,4 ms gc0+0 gc1+0 gc2+0
[  1303,1s f60321] InfluenceTick: 6,7 ms 
[  1303,1s f60322] FRAME: 59,4 ms gc0+0 gc1+0 gc2+0
[  1303,1s f60323] FRAME: 52,8 ms gc0+0 gc1+0 gc2+0
[  1303,2s f60323] InfluenceTick: 6,5 ms 
[  1303,2s f60323] AIThink: 10,2 ms brains 1
[  1303,2s f60324] FRAME: 78,4 ms gc0+0 gc1+0 gc2+0
[  1303,3s f60325] FRAME: 64,0 ms gc0+0 gc1+0 gc2+0
[  1303,3s f60325] InfluenceTick: 6,5 ms 
[  1303,3s f60326] FRAME: 61,0 ms gc0+0 gc1+0 gc2+0
[  1303,4s f60328] InfluenceTick: 6,6 ms 
[  1303,5s f60329] FRAME: 63,1 ms gc0+1 gc1+1 gc2+1
[  1303,6s f60330] InfluenceTick: 6,4 ms 
[  1303,6s f60331] FRAME: 58,1 ms gc0+0 gc1+0 gc2+0
[  1303,7s f60332] InfluenceTick: 6,3 ms 
[  1303,7s f60333] FRAME: 75,2 ms gc0+0 gc1+0 gc2+0
[  1303,8s f60334] InfluenceTick: 6,6 ms 
[  1303,8s f60335] FRAME: 59,8 ms gc0+0 gc1+0 gc2+0
[  1303,9s f60337] InfluenceTick: 5,9 ms 
[  1303,9s f60338] FRAME: 50,5 ms gc0+0 gc1+0 gc2+0
[  1304,0s f60340] InfluenceTick: 6,5 ms 
[  1304,1s f60341] FRAME: 60,5 ms gc0+0 gc1+0 gc2+0
[  1304,1s f60342] FRAME: 67,5 ms gc0+0 gc1+0 gc2+0
[  1304,2s f60342] InfluenceTick: 6,3 ms 
[  1304,2s f60343] FRAME: 67,8 ms gc0+0 gc1+0 gc2+0
[  1304,3s f60344] FRAME: 53,7 ms gc0+0 gc1+0 gc2+0
[  1304,3s f60344] InfluenceTick: 6,4 ms 
[  1304,3s f60344] AIThink: 17,4 ms brains 1
[  1304,3s f60345] FRAME: 82,1 ms gc0+1 gc1+1 gc2+1
[  1304,4s f60346] InfluenceTick: 6,9 ms 
[  1304,4s f60347] FRAME: 56,7 ms gc0+0 gc1+0 gc2+0
[  1304,5s f60349] FRAME: 50,7 ms gc0+0 gc1+0 gc2+0
[  1304,5s f60349] InfluenceTick: 6,9 ms 
[  1304,6s f60350] FRAME: 62,9 ms gc0+0 gc1+0 gc2+0
[  1304,6s f60351] InfluenceTick: 7,1 ms 
[  1304,7s f60352] FRAME: 57,7 ms gc0+0 gc1+0 gc2+0
[  1304,8s f60354] InfluenceTick: 6,6 ms 
[  1304,8s f60355] FRAME: 57,0 ms gc0+0 gc1+0 gc2+0
[  1304,9s f60357] InfluenceTick: 6,6 ms 
[  1305,0s f60358] FRAME: 75,6 ms gc0+0 gc1+0 gc2+0
[  1305,0s f60358] HutIncome: 17,6 ms huts 70
[  1305,0s f60359] FRAME: 57,6 ms gc0+0 gc1+0 gc2+0
[  1305,0s f60359] InfluenceTick: 7,4 ms 
[  1305,1s f60359] AIThink: 10,8 ms brains 1
[  1305,1s f60360] FRAME: 71,8 ms gc0+0 gc1+0 gc2+0
[  1305,2s f60361] InfluenceTick: 6,6 ms 
[  1305,2s f60362] FRAME: 64,7 ms gc0+0 gc1+0 gc2+0
[  1305,3s f60363] InfluenceTick: 6,4 ms 
[  1305,3s f60364] FRAME: 64,0 ms gc0+0 gc1+0 gc2+0
[  1305,4s f60365] FRAME: 68,3 ms gc0+0 gc1+0 gc2+0
[  1305,4s f60365] InfluenceTick: 6,2 ms 
[  1305,4s f60366] FRAME: 60,7 ms gc0+1 gc1+1 gc2+1
[  1305,5s f60367] InfluenceTick: 6,5 ms 
[  1305,5s f60368] FRAME: 60,8 ms gc0+0 gc1+0 gc2+0
[  1305,6s f60369] InfluenceTick: 6,6 ms 
[  1305,6s f60370] FRAME: 55,6 ms gc0+0 gc1+0 gc2+0
[  1305,8s f60372] InfluenceTick: 6,1 ms 
[  1305,8s f60373] FRAME: 72,7 ms gc0+0 gc1+0 gc2+0
[  1305,9s f60374] InfluenceTick: 6,9 ms 
[  1305,9s f60375] FRAME: 67,6 ms gc0+0 gc1+0 gc2+0
[  1306,0s f60376] InfluenceTick: 6,6 ms 
[  1306,0s f60377] FRAME: 66,0 ms gc0+0 gc1+0 gc2+0
[  1306,1s f60378] InfluenceTick: 6,1 ms 
[  1306,1s f60379] FRAME: 59,3 ms gc0+0 gc1+0 gc2+0
[  1306,2s f60380] InfluenceTick: 7,2 ms 
[  1306,2s f60381] FRAME: 75,1 ms gc0+0 gc1+0 gc2+0
[  1306,3s f60382] InfluenceTick: 6,7 ms 
[  1306,3s f60383] FRAME: 60,8 ms gc0+0 gc1+0 gc2+0
[  1306,4s f60384] InfluenceTick: 6,7 ms 
[  1306,4s f60385] FRAME: 69,9 ms gc0+0 gc1+0 gc2+0
[  1306,5s f60386] InfluenceTick: 6,1 ms 
[  1306,6s f60387] FRAME: 68,0 ms gc0+0 gc1+0 gc2+0
[  1306,6s f60388] FRAME: 62,4 ms gc0+0 gc1+0 gc2+0
[  1306,7s f60388] InfluenceTick: 6,6 ms 
[  1306,7s f60389] FRAME: 65,7 ms gc0+0 gc1+0 gc2+0
[  1306,7s f60389] AIThink: 18,1 ms brains 1
[  1306,8s f60390] FRAME: 68,7 ms gc0+1 gc1+1 gc2+1
[  1306,8s f60390] InfluenceTick: 7,6 ms 
[  1306,8s f60391] FRAME: 67,3 ms gc0+0 gc1+0 gc2+0
[  1306,9s f60392] InfluenceTick: 6,7 ms 
[  1306,9s f60393] FRAME: 60,6 ms gc0+0 gc1+0 gc2+0
[  1307,0s f60395] FRAME: 52,9 ms gc0+0 gc1+0 gc2+0
[  1307,0s f60395] InfluenceTick: 6,9 ms 
[  1307,1s f60395] HutIncome: 15,9 ms huts 70
[  1307,1s f60396] FRAME: 78,6 ms gc0+0 gc1+0 gc2+0
[  1307,1s f60397] FRAME: 53,7 ms gc0+0 gc1+0 gc2+0
[  1307,2s f60397] InfluenceTick: 6,8 ms 
[  1307,2s f60398] FRAME: 66,3 ms gc0+0 gc1+0 gc2+0
[  1307,3s f60399] InfluenceTick: 6,9 ms 
[  1307,3s f60400] FRAME: 63,2 ms gc0+0 gc1+0 gc2+0
[  1307,4s f60401] InfluenceTick: 6,2 ms 
[  1307,4s f60402] FRAME: 76,7 ms gc0+0 gc1+0 gc2+0
[  1307,5s f60403] InfluenceTick: 6,3 ms 
[  1307,5s f60403] AIThink: 10,0 ms brains 1
[  1307,5s f60404] FRAME: 69,1 ms gc0+0 gc1+0 gc2+0
[  1307,6s f60405] InfluenceTick: 7,1 ms 
[  1307,7s f60406] FRAME: 59,6 ms gc0+0 gc1+0 gc2+0
[  1307,8s f60408] InfluenceTick: 7,0 ms 
[  1307,8s f60409] FRAME: 60,1 ms gc0+0 gc1+0 gc2+0
[  1307,9s f60410] FRAME: 63,6 ms gc0+0 gc1+0 gc2+0
[  1307,9s f60410] InfluenceTick: 6,6 ms 
[  1307,9s f60411] FRAME: 62,1 ms gc0+0 gc1+0 gc2+0
[  1308,0s f60412] FRAME: 50,2 ms gc0+0 gc1+0 gc2+0
[  1308,0s f60412] InfluenceTick: 6,3 ms 
[  1308,0s f60413] FRAME: 62,5 ms gc0+1 gc1+1 gc2+1
[  1308,1s f60415] FRAME: 54,4 ms gc0+0 gc1+0 gc2+0
[  1308,1s f60415] InfluenceTick: 6,4 ms 
[  1308,2s f60416] FRAME: 66,7 ms gc0+0 gc1+0 gc2+0
[  1308,3s f60417] InfluenceTick: 6,8 ms 
[  1308,3s f60418] FRAME: 77,5 ms gc0+0 gc1+0 gc2+0
[  1308,4s f60419] InfluenceTick: 6,5 ms 
[  1308,4s f60420] FRAME: 61,4 ms gc0+0 gc1+0 gc2+0
[  1308,5s f60421] FRAME: 55,5 ms gc0+0 gc1+0 gc2+0
[  1308,5s f60421] InfluenceTick: 5,9 ms 
[  1308,5s f60422] FRAME: 70,3 ms gc0+0 gc1+0 gc2+0
[  1308,6s f60423] InfluenceTick: 6,2 ms 
[  1308,6s f60424] FRAME: 58,2 ms gc0+0 gc1+0 gc2+0
[  1308,7s f60425] FRAME: 53,8 ms gc0+0 gc1+0 gc2+0
[  1308,7s f60425] InfluenceTick: 6,7 ms 
[  1308,8s f60426] FRAME: 62,8 ms gc0+0 gc1+0 gc2+0
[  1308,8s f60427] InfluenceTick: 6,6 ms 
[  1308,9s f60428] FRAME: 61,4 ms gc0+0 gc1+0 gc2+0
[  1308,9s f60429] InfluenceTick: 6,7 ms 
[  1309,0s f60430] FRAME: 60,1 ms gc0+0 gc1+0 gc2+0
[  1309,0s f60431] InfluenceTick: 6,5 ms 
[  1309,1s f60432] FRAME: 63,8 ms gc0+0 gc1+0 gc2+0
[  1309,1s f60432] HutIncome: 16,5 ms huts 70
[  1309,1s f60432] AIThink: 18,2 ms brains 1
[  1309,2s f60433] FRAME: 102,5 ms gc0+0 gc1+0 gc2+0
[  1309,2s f60433] InfluenceTick: 6,9 ms 
[  1309,2s f60434] FRAME: 73,5 ms gc0+1 gc1+1 gc2+1
[  1309,3s f60435] InfluenceTick: 6,6 ms 
[  1309,3s f60436] FRAME: 60,6 ms gc0+0 gc1+0 gc2+0
[  1309,4s f60437] InfluenceTick: 6,8 ms 
[  1309,4s f60438] FRAME: 56,5 ms gc0+0 gc1+0 gc2+0
[  1309,5s f60440] FRAME: 53,4 ms gc0+0 gc1+0 gc2+0
[  1309,6s f60440] InfluenceTick: 6,6 ms 
[  1309,6s f60441] FRAME: 62,9 ms gc0+0 gc1+0 gc2+0
[  1309,7s f60442] InfluenceTick: 6,3 ms 
[  1309,7s f60442] AIThink: 10,2 ms brains 1
[  1309,7s f60443] FRAME: 77,9 ms gc0+0 gc1+0 gc2+0
[  1309,8s f60444] InfluenceTick: 5,9 ms 
[  1309,8s f60445] FRAME: 57,8 ms gc0+0 gc1+0 gc2+0
[  1309,9s f60447] InfluenceTick: 6,0 ms 
[  1310,0s f60448] FRAME: 71,2 ms gc0+0 gc1+0 gc2+0
[  1310,0s f60449] InfluenceTick: 6,6 ms 
[  1310,1s f60450] FRAME: 57,7 ms gc0+0 gc1+0 gc2+0
[  1310,1s f60451] FRAME: 57,6 ms gc0+1 gc1+1 gc2+1
[  1310,1s f60451] InfluenceTick: 6,8 ms 
[  1310,2s f60452] FRAME: 70,4 ms gc0+0 gc1+0 gc2+0
[  1310,3s f60453] InfluenceTick: 6,9 ms 
[  1310,3s f60454] FRAME: 61,1 ms gc0+0 gc1+0 gc2+0
[  1310,4s f60455] InfluenceTick: 6,8 ms 
[  1310,4s f60456] FRAME: 77,0 ms gc0+0 gc1+0 gc2+0
[  1310,5s f60457] InfluenceTick: 6,5 ms 
[  1310,5s f60458] FRAME: 66,9 ms gc0+0 gc1+0 gc2+0
[  1310,6s f60459] InfluenceTick: 7,0 ms 
[  1310,6s f60460] FRAME: 60,3 ms gc0+0 gc1+0 gc2+0
[  1310,7s f60461] InfluenceTick: 6,7 ms 
[  1310,7s f60462] FRAME: 58,3 ms gc0+0 gc1+0 gc2+0
[  1310,8s f60464] FRAME: 58,3 ms gc0+0 gc1+0 gc2+0
[  1310,8s f60464] InfluenceTick: 7,0 ms 
[  1310,9s f60465] FRAME: 61,6 ms gc0+0 gc1+0 gc2+0
[  1311,0s f60466] InfluenceTick: 7,5 ms 
[  1311,0s f60467] FRAME: 64,9 ms gc0+0 gc1+0 gc2+0
[  1311,1s f60468] InfluenceTick: 6,6 ms 
[  1311,1s f60469] FRAME: 55,8 ms gc0+0 gc1+0 gc2+0
[  1311,1s f60469] HutIncome: 17,3 ms huts 69
[  1311,2s f60470] FRAME: 68,3 ms gc0+0 gc1+0 gc2+0
[  1311,2s f60470] InfluenceTick: 6,8 ms 
[  1311,2s f60471] FRAME: 71,9 ms gc0+0 gc1+0 gc2+0
[  1311,3s f60472] FRAME: 67,7 ms gc0+0 gc1+0 gc2+0
[  1311,3s f60472] InfluenceTick: 6,1 ms 
[  1311,4s f60473] FRAME: 70,0 ms gc0+1 gc1+1 gc2+1
[  1311,4s f60473] AIThink: 9,9 ms brains 1
[  1311,4s f60474] FRAME: 51,4 ms gc0+0 gc1+0 gc2+0
[  1311,4s f60474] InfluenceTick: 6,6 ms 
[  1311,5s f60475] FRAME: 56,5 ms gc0+0 gc1+0 gc2+0
[  1311,5s f60475] AIThink: 18,2 ms brains 1
[  1311,5s f60476] FRAME: 60,5 ms gc0+0 gc1+0 gc2+0
[  1311,6s f60476] InfluenceTick: 6,8 ms 
[  1311,6s f60477] FRAME: 64,7 ms gc0+0 gc1+0 gc2+0
[  1311,7s f60478] InfluenceTick: 7,0 ms 
[  1311,7s f60479] FRAME: 78,6 ms gc0+0 gc1+0 gc2+0
[  1311,8s f60480] FRAME: 61,9 ms gc0+0 gc1+0 gc2+0
[  1311,8s f60480] InfluenceTick: 7,0 ms 
[  1311,8s f60481] FRAME: 62,9 ms gc0+0 gc1+0 gc2+0
[  1311,9s f60482] InfluenceTick: 6,6 ms 
[  1311,9s f60483] FRAME: 54,5 ms gc0+0 gc1+0 gc2+0
[  1312,0s f60485] InfluenceTick: 6,0 ms 
[  1312,1s f60486] FRAME: 51,5 ms gc0+0 gc1+0 gc2+0
[  1312,1s f60487] FRAME: 65,9 ms gc0+0 gc1+0 gc2+0
[  1312,2s f60487] InfluenceTick: 6,8 ms 
[  1312,2s f60488] FRAME: 71,0 ms gc0+0 gc1+0 gc2+0
[  1312,3s f60489] InfluenceTick: 6,9 ms 
[  1312,3s f60490] FRAME: 60,6 ms gc0+0 gc1+0 gc2+0
[  1312,4s f60491] InfluenceTick: 6,8 ms 
[  1312,4s f60492] FRAME: 60,2 ms gc0+0 gc1+0 gc2+0
[  1312,5s f60494] InfluenceTick: 6,5 ms 
[  1312,6s f60495] FRAME: 71,1 ms gc0+0 gc1+0 gc2+0
[  1312,6s f60496] FRAME: 55,3 ms gc0+1 gc1+1 gc2+1
[  1312,6s f60496] InfluenceTick: 6,7 ms 
[  1312,7s f60497] FRAME: 74,6 ms gc0+0 gc1+0 gc2+0
[  1312,7s f60498] InfluenceTick: 7,5 ms 
[  1312,8s f60499] FRAME: 61,7 ms gc0+0 gc1+0 gc2+0
[  1312,8s f60500] InfluenceTick: 6,7 ms 
[  1312,9s f60501] FRAME: 58,0 ms gc0+0 gc1+0 gc2+0
[  1312,9s f60502] FRAME: 58,2 ms gc0+0 gc1+0 gc2+0
[  1313,0s f60502] InfluenceTick: 7,1 ms 
[  1313,0s f60503] FRAME: 62,4 ms gc0+0 gc1+0 gc2+0
[  1313,1s f60504] InfluenceTick: 6,9 ms 
[  1313,1s f60505] FRAME: 54,0 ms gc0+0 gc1+0 gc2+0
[  1313,1s f60505] HutIncome: 16,5 ms huts 69
[  1313,2s f60506] FRAME: 69,1 ms gc0+0 gc1+0 gc2+0
[  1313,2s f60506] InfluenceTick: 6,5 ms 
[  1313,2s f60507] FRAME: 68,1 ms gc0+0 gc1+0 gc2+0
[  1313,3s f60508] InfluenceTick: 7,2 ms 
[  1313,3s f60509] FRAME: 62,9 ms gc0+0 gc1+0 gc2+0
[  1313,4s f60510] FRAME: 60,0 ms gc0+0 gc1+0 gc2+0
[  1313,4s f60510] InfluenceTick: 7,0 ms 
[  1313,5s f60511] FRAME: 60,1 ms gc0+0 gc1+0 gc2+0
[  1313,5s f60511] AIThink: 10,0 ms brains 1
[  1313,5s f60512] InfluenceTick: 7,1 ms 
[  1313,6s f60513] FRAME: 59,4 ms gc0+0 gc1+0 gc2+0
[  1313,7s f60515] InfluenceTick: 6,0 ms 
[  1313,7s f60516] FRAME: 65,4 ms gc0+1 gc1+1 gc2+1
[  1313,8s f60517] InfluenceTick: 7,4 ms 
[  1313,9s f60518] FRAME: 85,4 ms gc0+0 gc1+0 gc2+0
[  1313,9s f60518] AIThink: 18,0 ms brains 1
[  1313,9s f60519] FRAME: 62,5 ms gc0+0 gc1+0 gc2+0
[  1313,9s f60519] InfluenceTick: 7,1 ms 
[  1314,0s f60520] FRAME: 62,8 ms gc0+0 gc1+0 gc2+0
[  1314,0s f60521] InfluenceTick: 6,2 ms 
[  1314,1s f60522] FRAME: 54,5 ms gc0+0 gc1+0 gc2+0
[  1314,2s f60524] InfluenceTick: 6,6 ms 
[  1314,2s f60525] FRAME: 58,8 ms gc0+0 gc1+0 gc2+0
[  1314,3s f60526] FRAME: 58,4 ms gc0+0 gc1+0 gc2+0
[  1314,3s f60526] InfluenceTick: 6,7 ms 
[  1314,3s f60527] FRAME: 60,2 ms gc0+0 gc1+0 gc2+0
[  1314,4s f60529] InfluenceTick: 6,5 ms 
[  1314,5s f60530] FRAME: 58,4 ms gc0+0 gc1+0 gc2+0
[  1314,6s f60532] InfluenceTick: 6,8 ms 
[  1314,6s f60533] FRAME: 58,5 ms gc0+0 gc1+0 gc2+0
[  1314,7s f60535] FRAME: 57,3 ms gc0+0 gc1+0 gc2+0
[  1314,7s f60535] InfluenceTick: 7,6 ms 
[  1314,8s f60536] FRAME: 64,4 ms gc0+0 gc1+0 gc2+0
[  1314,9s f60538] InfluenceTick: 7,1 ms 
[  1314,9s f60539] FRAME: 57,8 ms gc0+0 gc1+0 gc2+0
[  1315,0s f60540] InfluenceTick: 6,9 ms 
[  1315,0s f60541] FRAME: 60,1 ms gc0+0 gc1+0 gc2+0
[  1315,1s f60543] InfluenceTick: 6,4 ms 
[  1315,2s f60544] FRAME: 83,2 ms gc0+0 gc1+0 gc2+0
[  1315,2s f60544] HutIncome: 15,8 ms huts 69
[  1315,2s f60545] FRAME: 62,3 ms gc0+0 gc1+0 gc2+0
[  1315,2s f60545] InfluenceTick: 7,2 ms 
[  1315,3s f60546] FRAME: 56,0 ms gc0+0 gc1+0 gc2+0
[  1315,4s f60548] InfluenceTick: 6,6 ms 
[  1315,4s f60549] FRAME: 55,3 ms gc0+0 gc1+0 gc2+0
[  1315,5s f60551] InfluenceTick: 7,0 ms 
[  1315,5s f60552] FRAME: 55,5 ms gc0+0 gc1+0 gc2+0
[  1315,6s f60553] FRAME: 55,6 ms gc0+0 gc1+0 gc2+0
[  1315,6s f60553] InfluenceTick: 7,5 ms 
[  1315,6s f60553] AIThink: 10,7 ms brains 1
[  1315,7s f60554] FRAME: 78,0 ms gc0+0 gc1+0 gc2+0
[  1315,7s f60555] InfluenceTick: 6,9 ms 
[  1315,8s f60556] FRAME: 58,4 ms gc0+0 gc1+0 gc2+0
[  1315,9s f60558] InfluenceTick: 7,2 ms 
[  1315,9s f60559] FRAME: 58,4 ms gc0+0 gc1+0 gc2+0
[  1316,0s f60560] InfluenceTick: 7,5 ms 
[  1316,0s f60561] FRAME: 82,0 ms gc0+0 gc1+0 gc2+0
[  1316,1s f60562] InfluenceTick: 6,8 ms 
[  1316,1s f60563] FRAME: 68,3 ms gc0+0 gc1+0 gc2+0
[  1316,2s f60564] InfluenceTick: 6,8 ms 
[  1316,2s f60565] FRAME: 60,0 ms gc0+0 gc1+0 gc2+0
[  1316,3s f60565] AIThink: 19,0 ms brains 1
[  1316,3s f60566] FRAME: 60,5 ms gc0+0 gc1+0 gc2+0
[  1316,3s f60566] InfluenceTick: 6,8 ms 
[  1316,4s f60567] FRAME: 57,5 ms gc0+0 gc1+0 gc2+0
[  1316,4s f60568] FRAME: 59,2 ms gc0+0 gc1+0 gc2+0
[  1316,4s f60568] InfluenceTick: 7,5 ms 
[  1316,5s f60569] FRAME: 58,6 ms gc0+0 gc1+0 gc2+0
[  1316,5s f60570] InfluenceTick: 7,3 ms 
[  1316,6s f60571] FRAME: 56,3 ms gc0+0 gc1+0 gc2+0
[  1316,7s f60573] InfluenceTick: 7,8 ms 
[  1316,7s f60574] FRAME: 59,6 ms gc0+0 gc1+0 gc2+0
[  1316,8s f60576] InfluenceTick: 7,3 ms 
[  1316,9s f60577] FRAME: 79,7 ms gc0+0 gc1+0 gc2+0
[  1316,9s f60578] InfluenceTick: 6,9 ms 
[  1317,0s f60579] FRAME: 64,8 ms gc0+0 gc1+0 gc2+0
[  1317,0s f60580] InfluenceTick: 7,2 ms 
[  1317,1s f60581] FRAME: 62,8 ms gc0+0 gc1+0 gc2+0
[  1317,1s f60582] InfluenceTick: 6,8 ms 
[  1317,2s f60583] FRAME: 64,0 ms gc0+0 gc1+0 gc2+0
[  1317,2s f60583] HutIncome: 16,1 ms huts 69
[  1317,2s f60584] FRAME: 55,8 ms gc0+0 gc1+0 gc2+0
[  1317,3s f60584] InfluenceTick: 7,1 ms 
[  1317,3s f60585] FRAME: 78,6 ms gc0+0 gc1+0 gc2+0
[  1317,4s f60586] InfluenceTick: 7,3 ms 
[  1317,4s f60587] FRAME: 58,9 ms gc0+0 gc1+0 gc2+0
[  1317,5s f60588] InfluenceTick: 6,9 ms 
[  1317,5s f60589] FRAME: 58,5 ms gc0+0 gc1+0 gc2+0
[  1317,6s f60590] InfluenceTick: 7,0 ms 
[  1317,6s f60591] FRAME: 60,1 ms gc0+0 gc1+0 gc2+0
[  1317,7s f60592] InfluenceTick: 7,3 ms 
[  1317,7s f60593] FRAME: 78,6 ms gc0+0 gc1+0 gc2+0
[  1317,8s f60594] InfluenceTick: 6,9 ms 
[  1317,8s f60595] FRAME: 60,3 ms gc0+0 gc1+0 gc2+0
[  1317,9s f60597] InfluenceTick: 6,6 ms 
[  1318,0s f60598] FRAME: 58,7 ms gc0+0 gc1+0 gc2+0
[  1318,1s f60600] InfluenceTick: 7,1 ms 
[  1318,1s f60601] FRAME: 57,7 ms gc0+0 gc1+0 gc2+0
[  1318,2s f60602] FRAME: 77,9 ms gc0+0 gc1+0 gc2+0
[  1318,2s f60602] InfluenceTick: 6,6 ms 
[  1318,3s f60603] FRAME: 69,7 ms gc0+0 gc1+0 gc2+0
[  1318,3s f60604] InfluenceTick: 6,3 ms 
[  1318,4s f60605] FRAME: 56,8 ms gc0+0 gc1+0 gc2+0
[  1318,4s f60606] InfluenceTick: 7,1 ms 
[  1318,5s f60607] FRAME: 60,7 ms gc0+0 gc1+0 gc2+0
[  1318,6s f60609] InfluenceTick: 6,6 ms 
[  1318,6s f60610] FRAME: 72,1 ms gc0+0 gc1+0 gc2+0
[  1318,6s f60610] AIThink: 17,9 ms brains 1
[  1318,7s f60611] FRAME: 58,0 ms gc0+0 gc1+0 gc2+0
[  1318,7s f60611] InfluenceTick: 7,1 ms 
[  1318,7s f60612] FRAME: 58,8 ms gc0+0 gc1+0 gc2+0
[  1318,8s f60614] InfluenceTick: 7,0 ms 
[  1318,9s f60615] FRAME: 55,3 ms gc0+0 gc1+0 gc2+0
[  1319,0s f60617] InfluenceTick: 6,9 ms 
[  1319,0s f60618] FRAME: 57,6 ms gc0+0 gc1+0 gc2+0
[  1319,0s f60619] FRAME: 55,6 ms gc0+0 gc1+0 gc2+0
[  1319,1s f60619] InfluenceTick: 7,2 ms 
[  1319,1s f60620] FRAME: 65,3 ms gc0+0 gc1+0 gc2+0
[  1319,2s f60621] InfluenceTick: 6,6 ms 
[  1319,2s f60622] FRAME: 59,8 ms gc0+0 gc1+0 gc2+0
[  1319,2s f60622] HutIncome: 14,5 ms huts 69
[  1319,3s f60623] FRAME: 54,8 ms gc0+0 gc1+0 gc2+0
[  1319,3s f60623] InfluenceTick: 7,5 ms 
[  1319,3s f60624] FRAME: 63,7 ms gc0+0 gc1+0 gc2+0
[  1319,4s f60625] InfluenceTick: 7,2 ms 
[  1319,4s f60626] FRAME: 59,1 ms gc0+0 gc1+0 gc2+0
[  1319,5s f60627] FRAME: 57,6 ms gc0+0 gc1+0 gc2+0
[  1319,5s f60627] InfluenceTick: 6,9 ms 
[  1319,6s f60628] FRAME: 60,5 ms gc0+0 gc1+0 gc2+0
[  1319,7s f60630] InfluenceTick: 6,7 ms 
[  1319,7s f60631] FRAME: 55,4 ms gc0+0 gc1+0 gc2+0
[  1319,8s f60633] InfluenceTick: 6,4 ms 
[  1319,9s f60636] FRAME: 54,3 ms gc0+0 gc1+0 gc2+0
[  1319,9s f60636] InfluenceTick: 7,0 ms 
[  1320,0s f60637] FRAME: 63,5 ms gc0+0 gc1+0 gc2+0
[  1320,0s f60638] InfluenceTick: 6,5 ms 
[  1320,1s f60639] FRAME: 53,4 ms gc0+0 gc1+0 gc2+0
[  1320,1s f60640] InfluenceTick: 6,7 ms 
[  1320,2s f60641] FRAME: 63,1 ms gc0+0 gc1+0 gc2+0
[  1320,3s f60643] InfluenceTick: 7,7 ms 
[  1320,3s f60644] FRAME: 81,2 ms gc0+0 gc1+0 gc2+0
[  1320,4s f60645] InfluenceTick: 7,1 ms 
[  1320,4s f60646] FRAME: 55,6 ms gc0+0 gc1+0 gc2+0
[  1320,5s f60648] InfluenceTick: 6,5 ms 
[  1320,6s f60649] FRAME: 61,1 ms gc0+1 gc1+1 gc2+1
[  1320,6s f60650] InfluenceTick: 6,6 ms 
[  1320,7s f60651] FRAME: 53,0 ms gc0+0 gc1+0 gc2+0
[  1320,7s f60652] FRAME: 54,6 ms gc0+0 gc1+0 gc2+0
[  1320,7s f60652] InfluenceTick: 6,5 ms 
[  1320,8s f60653] FRAME: 56,2 ms gc0+0 gc1+0 gc2+0
[  1320,9s f60655] InfluenceTick: 7,5 ms 
[  1320,9s f60656] FRAME: 56,2 ms gc0+0 gc1+0 gc2+0
[  1321,0s f60658] InfluenceTick: 7,6 ms 
[  1321,0s f60658] AIThink: 9,0 ms brains 1
[  1321,1s f60659] FRAME: 67,0 ms gc0+0 gc1+0 gc2+0
[  1321,1s f60660] InfluenceTick: 9,9 ms 
[  1321,2s f60661] FRAME: 92,2 ms gc0+0 gc1+0 gc2+0
[  1321,3s f60662] InfluenceTick: 7,7 ms 
[  1321,3s f60662] HutIncome: 16,8 ms huts 69
[  1321,3s f60663] FRAME: 82,8 ms gc0+0 gc1+0 gc2+0
[  1321,4s f60664] FRAME: 65,9 ms gc0+0 gc1+0 gc2+0
[  1321,4s f60664] InfluenceTick: 6,8 ms 
[  1321,4s f60665] FRAME: 61,0 ms gc0+0 gc1+0 gc2+0
[  1321,6s f60667] InfluenceTick: 7,1 ms 
[  1321,6s f60668] FRAME: 73,2 ms gc0+0 gc1+0 gc2+0
[  1321,7s f60669] InfluenceTick: 7,1 ms 
[  1321,7s f60670] FRAME: 62,0 ms gc0+0 gc1+0 gc2+0
[  1321,8s f60672] InfluenceTick: 7,0 ms 
[  1321,8s f60673] FRAME: 59,7 ms gc0+1 gc1+1 gc2+1
[  1321,8s f60673] AIThink: 9,7 ms brains 1
[  1321,9s f60674] InfluenceTick: 7,1 ms 
[  1321,9s f60675] FRAME: 66,6 ms gc0+0 gc1+0 gc2+0
[  1322,0s f60676] FRAME: 58,6 ms gc0+0 gc1+0 gc2+0
[  1322,0s f60676] InfluenceTick: 7,4 ms 
[  1322,1s f60677] FRAME: 58,8 ms gc0+0 gc1+0 gc2+0
[  1322,2s f60679] InfluenceTick: 6,6 ms 
[  1322,2s f60680] FRAME: 75,8 ms gc0+0 gc1+0 gc2+0
[  1322,3s f60681] InfluenceTick: 7,2 ms 
[  1322,3s f60682] FRAME: 57,8 ms gc0+0 gc1+0 gc2+0
[  1322,4s f60684] FRAME: 52,5 ms gc0+0 gc1+0 gc2+0
[  1322,4s f60684] InfluenceTick: 6,7 ms 
[  1322,5s f60685] FRAME: 59,1 ms gc0+0 gc1+0 gc2+0
[  1322,6s f60687] InfluenceTick: 7,0 ms 
[  1322,6s f60688] FRAME: 59,4 ms gc0+0 gc1+0 gc2+0
[  1322,7s f60690] InfluenceTick: 6,6 ms 
[  1322,7s f60691] FRAME: 59,5 ms gc0+0 gc1+0 gc2+0
[  1322,8s f60692] InfluenceTick: 7,3 ms 
[  1322,9s f60693] FRAME: 72,1 ms gc0+0 gc1+0 gc2+0
[  1322,9s f60694] InfluenceTick: 7,3 ms 
[  1322,9s f60695] FRAME: 61,3 ms gc0+0 gc1+0 gc2+0
[  1323,0s f60696] InfluenceTick: 6,9 ms 
[  1323,0s f60697] FRAME: 57,5 ms gc0+0 gc1+0 gc2+0
[  1323,2s f60699] InfluenceTick: 6,3 ms 
[  1323,2s f60700] FRAME: 59,4 ms gc0+0 gc1+0 gc2+0
[  1323,3s f60701] FRAME: 62,3 ms gc0+0 gc1+0 gc2+0
[  1323,3s f60701] InfluenceTick: 8,7 ms 
[  1323,3s f60701] HutIncome: 15,4 ms huts 70
[  1323,3s f60702] FRAME: 75,4 ms gc0+0 gc1+0 gc2+0
[  1323,4s f60703] InfluenceTick: 7,3 ms 
[  1323,4s f60703] AIThink: 9,1 ms brains 1
[  1323,4s f60704] FRAME: 66,1 ms gc0+0 gc1+0 gc2+0
[  1323,5s f60705] InfluenceTick: 7,1 ms 
[  1323,5s f60706] FRAME: 59,1 ms gc0+0 gc1+0 gc2+0
[  1323,6s f60708] InfluenceTick: 6,7 ms 
[  1323,7s f60709] FRAME: 70,8 ms gc0+0 gc1+0 gc2+0
[  1323,7s f60710] InfluenceTick: 7,8 ms 
[  1323,8s f60711] FRAME: 60,6 ms gc0+0 gc1+0 gc2+0
[  1323,9s f60713] InfluenceTick: 7,0 ms 
[  1323,9s f60714] FRAME: 56,9 ms gc0+0 gc1+0 gc2+0
[  1324,0s f60715] AIThink: 11,8 ms brains 2
[  1324,0s f60716] InfluenceTick: 7,3 ms 
[  1324,0s f60717] FRAME: 64,1 ms gc0+0 gc1+0 gc2+0
[  1324,1s f60718] FRAME: 57,0 ms gc0+0 gc1+0 gc2+0
[  1324,1s f60718] InfluenceTick: 6,8 ms 
[  1324,2s f60719] FRAME: 67,5 ms gc0+0 gc1+0 gc2+0
[  1324,2s f60720] InfluenceTick: 6,4 ms 
[  1324,3s f60721] FRAME: 65,8 ms gc0+1 gc1+1 gc2+1
[  1324,3s f60722] InfluenceTick: 7,1 ms 
[  1324,4s f60723] FRAME: 57,0 ms gc0+0 gc1+0 gc2+0
[  1324,5s f60725] InfluenceTick: 6,5 ms 
[  1324,5s f60726] FRAME: 70,0 ms gc0+0 gc1+0 gc2+0
[  1324,6s f60727] InfluenceTick: 6,9 ms 
[  1324,6s f60728] FRAME: 56,7 ms gc0+0 gc1+0 gc2+0
[  1324,7s f60730] InfluenceTick: 7,1 ms 
[  1324,7s f60731] FRAME: 55,8 ms gc0+0 gc1+0 gc2+0
[  1324,8s f60733] InfluenceTick: 6,8 ms 
[  1324,9s f60734] FRAME: 54,9 ms gc0+0 gc1+0 gc2+0
[  1324,9s f60735] FRAME: 55,3 ms gc0+0 gc1+0 gc2+0
[  1325,0s f60735] InfluenceTick: 7,2 ms 
[  1325,0s f60736] FRAME: 59,1 ms gc0+0 gc1+0 gc2+0
[  1325,1s f60738] InfluenceTick: 6,3 ms 
[  1325,1s f60739] FRAME: 66,4 ms gc0+0 gc1+0 gc2+0
[  1325,2s f60740] InfluenceTick: 7,1 ms 
[  1325,2s f60741] FRAME: 53,4 ms gc0+0 gc1+0 gc2+0
[  1325,3s f60742] HutIncome: 15,7 ms huts 70
[  1325,3s f60743] FRAME: 76,0 ms gc0+0 gc1+0 gc2+0
[  1325,4s f60743] InfluenceTick: 7,3 ms 
[  1325,4s f60744] FRAME: 62,1 ms gc0+0 gc1+0 gc2+0
[  1325,5s f60745] FRAME: 50,2 ms gc0+0 gc1+0 gc2+0
[  1325,5s f60745] InfluenceTick: 6,7 ms 
[  1325,5s f60746] FRAME: 64,4 ms gc0+0 gc1+0 gc2+0
[  1325,6s f60747] InfluenceTick: 7,4 ms 
[  1325,6s f60748] FRAME: 60,5 ms gc0+0 gc1+0 gc2+0
[  1325,7s f60750] InfluenceTick: 6,8 ms 
[  1325,8s f60751] FRAME: 70,7 ms gc0+0 gc1+0 gc2+0
[  1325,8s f60751] AIThink: 10,0 ms brains 1
[  1325,8s f60752] FRAME: 52,7 ms gc0+0 gc1+0 gc2+0
[  1325,8s f60752] InfluenceTick: 6,9 ms 
[  1325,9s f60753] FRAME: 57,2 ms gc0+0 gc1+0 gc2+0
[  1326,0s f60755] InfluenceTick: 7,4 ms 
[  1326,0s f60756] FRAME: 55,0 ms gc0+0 gc1+0 gc2+0
[  1326,1s f60758] InfluenceTick: 7,4 ms 
[  1326,1s f60759] FRAME: 61,5 ms gc0+0 gc1+0 gc2+0
[  1326,2s f60760] FRAME: 63,2 ms gc0+0 gc1+0 gc2+0
[  1326,2s f60760] InfluenceTick: 7,2 ms 
[  1326,2s f60760] AIThink: 9,8 ms brains 1
[  1326,3s f60761] FRAME: 65,5 ms gc0+0 gc1+0 gc2+0
[  1326,3s f60762] InfluenceTick: 7,1 ms 
[  1326,4s f60763] FRAME: 68,3 ms gc0+0 gc1+0 gc2+0
[  1326,4s f60764] FRAME: 52,4 ms gc0+1 gc1+1 gc2+1
[  1326,5s f60764] InfluenceTick: 6,8 ms 
[  1326,5s f60765] FRAME: 56,6 ms gc0+0 gc1+0 gc2+0
[  1326,6s f60767] InfluenceTick: 6,8 ms 
[  1326,6s f60768] FRAME: 73,5 ms gc0+0 gc1+0 gc2+0
[  1326,7s f60769] InfluenceTick: 6,6 ms 
[  1326,7s f60770] FRAME: 55,5 ms gc0+0 gc1+0 gc2+0
[  1326,8s f60772] InfluenceTick: 6,4 ms 
[  1326,9s f60773] FRAME: 53,6 ms gc0+0 gc1+0 gc2+0
[  1327,0s f60775] InfluenceTick: 7,4 ms 
[  1327,0s f60776] FRAME: 60,6 ms gc0+0 gc1+0 gc2+0
[  1327,0s f60777] FRAME: 54,5 ms gc0+0 gc1+0 gc2+0
[  1327,1s f60777] InfluenceTick: 7,1 ms 
[  1327,1s f60778] FRAME: 58,8 ms gc0+0 gc1+0 gc2+0
[  1327,1s f60778] AIThink: 10,6 ms brains 1
[  1327,2s f60779] FRAME: 60,3 ms gc0+0 gc1+0 gc2+0
[  1327,2s f60779] InfluenceTick: 6,6 ms 
[  1327,2s f60780] FRAME: 62,9 ms gc0+0 gc1+0 gc2+0
[  1327,3s f60782] InfluenceTick: 6,3 ms 
[  1327,3s f60782] HutIncome: 14,0 ms huts 70
[  1327,4s f60783] FRAME: 66,8 ms gc0+0 gc1+0 gc2+0
[  1327,4s f60784] InfluenceTick: 6,7 ms 
[  1327,5s f60785] FRAME: 74,0 ms gc0+0 gc1+0 gc2+0
[  1327,5s f60786] InfluenceTick: 6,8 ms 
[  1327,6s f60787] FRAME: 53,1 ms gc0+0 gc1+0 gc2+0
[  1327,7s f60789] InfluenceTick: 7,4 ms 
[  1327,7s f60790] FRAME: 60,0 ms gc0+0 gc1+0 gc2+0
[  1327,8s f60792] InfluenceTick: 6,6 ms 
[  1327,8s f60793] FRAME: 51,0 ms gc0+0 gc1+0 gc2+0
[  1327,9s f60794] FRAME: 56,9 ms gc0+0 gc1+0 gc2+0
[  1327,9s f60794] InfluenceTick: 7,1 ms 
[  1327,9s f60795] FRAME: 55,1 ms gc0+0 gc1+0 gc2+0
[  1328,0s f60796] InfluenceTick: 6,9 ms 
[  1328,0s f60797] FRAME: 55,0 ms gc0+0 gc1+0 gc2+0
[  1328,1s f60799] InfluenceTick: 7,2 ms 
[  1328,2s f60799] AIThink: 10,3 ms brains 1
[  1328,2s f60800] FRAME: 77,5 ms gc0+0 gc1+0 gc2+0
[  1328,2s f60800] AIThink: 10,7 ms brains 1
[  1328,3s f60801] FRAME: 56,1 ms gc0+0 gc1+0 gc2+0
[  1328,3s f60801] InfluenceTick: 7,1 ms 
[  1328,3s f60802] FRAME: 75,8 ms gc0+0 gc1+0 gc2+0
[  1328,4s f60803] InfluenceTick: 7,7 ms 
[  1328,4s f60804] FRAME: 56,9 ms gc0+0 gc1+0 gc2+0
[  1328,5s f60806] InfluenceTick: 7,6 ms 
[  1328,6s f60807] FRAME: 59,7 ms gc0+0 gc1+0 gc2+0
[  1328,7s f60808] InfluenceTick: 7,7 ms 
[  1328,7s f60809] FRAME: 72,4 ms gc0+0 gc1+0 gc2+0
[  1328,8s f60810] FRAME: 66,4 ms gc0+0 gc1+0 gc2+0
[  1328,8s f60810] InfluenceTick: 7,0 ms 
[  1328,8s f60811] FRAME: 60,8 ms gc0+0 gc1+0 gc2+0
[  1328,9s f60812] InfluenceTick: 6,4 ms 
[  1328,9s f60813] FRAME: 56,8 ms gc0+1 gc1+1 gc2+1
[  1329,0s f60815] InfluenceTick: 7,6 ms 
[  1329,1s f60816] FRAME: 64,5 ms gc0+0 gc1+0 gc2+0
[  1329,1s f60817] FRAME: 56,3 ms gc0+0 gc1+0 gc2+0
[  1329,2s f60817] InfluenceTick: 7,6 ms 
[  1329,2s f60818] FRAME: 81,8 ms gc0+0 gc1+0 gc2+0
[  1329,3s f60819] InfluenceTick: 6,4 ms 
[  1329,3s f60820] FRAME: 51,1 ms gc0+0 gc1+0 gc2+0
[  1329,4s f60821] HutIncome: 16,6 ms huts 70
[  1329,4s f60822] FRAME: 57,9 ms gc0+0 gc1+0 gc2+0
[  1329,4s f60822] InfluenceTick: 8,3 ms 
[  1329,5s f60823] FRAME: 66,3 ms gc0+0 gc1+0 gc2+0
[  1329,5s f60824] InfluenceTick: 7,1 ms 
[  1329,5s f60825] FRAME: 54,9 ms gc0+0 gc1+0 gc2+0
[  1329,6s f60826] FRAME: 62,5 ms gc0+0 gc1+0 gc2+0
[  1329,6s f60826] InfluenceTick: 7,0 ms 
[  1329,7s f60827] FRAME: 60,1 ms gc0+0 gc1+0 gc2+0
[  1329,8s f60829] InfluenceTick: 7,2 ms 
[  1329,8s f60830] FRAME: 62,2 ms gc0+0 gc1+0 gc2+0
[  1329,9s f60831] InfluenceTick: 7,2 ms 
[  1329,9s f60832] FRAME: 60,8 ms gc0+0 gc1+0 gc2+0
[  1330,0s f60833] InfluenceTick: 7,0 ms 
[  1330,0s f60834] FRAME: 73,5 ms gc0+1 gc1+1 gc2+1
[  1330,1s f60835] InfluenceTick: 6,8 ms 
[  1330,2s f60836] FRAME: 76,3 ms gc0+0 gc1+0 gc2+0
[  1330,2s f60837] InfluenceTick: 6,3 ms 
[  1330,2s f60837] AIThink: 8,5 ms brains 1
[  1330,3s f60838] FRAME: 67,0 ms gc0+0 gc1+0 gc2+0
[  1330,3s f60839] InfluenceTick: 7,3 ms 
[  1330,4s f60840] FRAME: 60,5 ms gc0+0 gc1+0 gc2+0
[  1330,4s f60841] FRAME: 58,1 ms gc0+0 gc1+0 gc2+0
[  1330,4s f60841] InfluenceTick: 7,6 ms 
[  1330,5s f60842] FRAME: 60,2 ms gc0+0 gc1+0 gc2+0
[  1330,5s f60843] InfluenceTick: 7,0 ms 
[  1330,6s f60844] FRAME: 57,1 ms gc0+0 gc1+0 gc2+0
[  1330,6s f60844] AIThink: 9,9 ms brains 1
[  1330,6s f60845] FRAME: 51,3 ms gc0+0 gc1+0 gc2+0
[  1330,7s f60845] InfluenceTick: 6,8 ms 
[  1330,7s f60846] FRAME: 57,7 ms gc0+0 gc1+0 gc2+0
[  1330,8s f60847] AIThink: 10,8 ms brains 1
[  1330,8s f60848] FRAME: 58,3 ms gc0+0 gc1+0 gc2+0
[  1330,8s f60848] InfluenceTick: 7,2 ms 
[  1330,9s f60849] FRAME: 80,1 ms gc0+0 gc1+0 gc2+0
[  1330,9s f60850] FRAME: 53,8 ms gc0+0 gc1+0 gc2+0
[  1330,9s f60850] InfluenceTick: 7,5 ms 
[  1331,0s f60851] FRAME: 66,0 ms gc0+0 gc1+0 gc2+0
[  1331,1s f60852] InfluenceTick: 7,7 ms 
[  1331,1s f60853] FRAME: 64,2 ms gc0+0 gc1+0 gc2+0
[  1331,2s f60854] FRAME: 63,3 ms gc0+0 gc1+0 gc2+0
[  1331,2s f60854] InfluenceTick: 7,8 ms 
[  1331,2s f60855] FRAME: 72,4 ms gc0+1 gc1+1 gc2+1
[  1331,3s f60856] FRAME: 54,4 ms gc0+0 gc1+0 gc2+0
[  1331,3s f60856] InfluenceTick: 6,6 ms 
[  1331,3s f60857] FRAME: 54,8 ms gc0+0 gc1+0 gc2+0
[  1331,4s f60857] HutIncome: 15,5 ms huts 70
[  1331,4s f60858] FRAME: 55,9 ms gc0+0 gc1+0 gc2+0
[  1331,4s f60858] InfluenceTick: 8,2 ms 
[  1331,5s f60859] FRAME: 66,7 ms gc0+0 gc1+0 gc2+0
[  1331,5s f60860] InfluenceTick: 7,3 ms 
[  1331,6s f60861] FRAME: 60,4 ms gc0+0 gc1+0 gc2+0
[  1331,6s f60862] FRAME: 53,5 ms gc0+0 gc1+0 gc2+0
[  1331,6s f60862] InfluenceTick: 6,9 ms 
[  1331,7s f60863] FRAME: 70,8 ms gc0+0 gc1+0 gc2+0
[  1331,8s f60864] FRAME: 62,8 ms gc0+0 gc1+0 gc2+0
[  1331,8s f60864] InfluenceTick: 7,4 ms 
[  1331,8s f60865] FRAME: 58,3 ms gc0+0 gc1+0 gc2+0
[  1331,9s f60867] InfluenceTick: 6,9 ms 
[  1331,9s f60868] FRAME: 58,6 ms gc0+0 gc1+0 gc2+0
[  1332,0s f60869] InfluenceTick: 7,9 ms 
[  1332,0s f60870] FRAME: 62,2 ms gc0+0 gc1+0 gc2+0
[  1332,1s f60871] InfluenceTick: 8,2 ms 
[  1332,2s f60872] FRAME: 69,4 ms gc0+0 gc1+0 gc2+0
[  1332,2s f60873] FRAME: 74,9 ms gc0+0 gc1+0 gc2+0
[  1332,3s f60873] InfluenceTick: 6,5 ms 
[  1332,3s f60874] FRAME: 64,0 ms gc0+0 gc1+0 gc2+0
[  1332,4s f60875] FRAME: 55,4 ms gc0+0 gc1+0 gc2+0
[  1332,4s f60875] InfluenceTick: 6,7 ms 
[  1332,4s f60876] FRAME: 68,4 ms gc0+1 gc1+1 gc2+1
[  1332,5s f60877] InfluenceTick: 6,4 ms 
[  1332,5s f60878] FRAME: 57,4 ms gc0+0 gc1+0 gc2+0
[  1332,6s f60880] FRAME: 54,0 ms gc0+0 gc1+0 gc2+0
[  1332,6s f60880] InfluenceTick: 6,9 ms 
[  1332,7s f60881] FRAME: 62,9 ms gc0+0 gc1+0 gc2+0
[  1332,8s f60882] InfluenceTick: 6,9 ms 
[  1332,8s f60883] FRAME: 57,6 ms gc0+0 gc1+0 gc2+0
[  1332,9s f60885] InfluenceTick: 7,9 ms 
[  1332,9s f60886] FRAME: 58,3 ms gc0+0 gc1+0 gc2+0
[  1333,0s f60887] AIThink: 10,9 ms brains 2
[  1333,1s f60888] InfluenceTick: 7,1 ms 
[  1333,1s f60889] FRAME: 73,2 ms gc0+0 gc1+0 gc2+0
[  1333,2s f60890] InfluenceTick: 7,0 ms 
[  1333,2s f60891] FRAME: 67,7 ms gc0+0 gc1+0 gc2+0
[  1333,3s f60892] InfluenceTick: 8,2 ms 
[  1333,3s f60893] FRAME: 62,0 ms gc0+0 gc1+0 gc2+0
[  1333,4s f60894] HutIncome: 16,4 ms huts 70
[  1333,4s f60895] FRAME: 70,3 ms gc0+0 gc1+0 gc2+0
[  1333,5s f60895] InfluenceTick: 7,5 ms 
[  1333,5s f60896] FRAME: 87,7 ms gc0+0 gc1+0 gc2+0
[  1333,6s f60897] InfluenceTick: 6,9 ms 
[  1333,6s f60898] FRAME: 56,6 ms gc0+0 gc1+0 gc2+0
[  1333,7s f60900] InfluenceTick: 6,3 ms 
[  1333,7s f60901] FRAME: 60,6 ms gc0+0 gc1+0 gc2+0
[  1333,8s f60902] InfluenceTick: 6,9 ms 
[  1333,8s f60903] FRAME: 58,8 ms gc0+0 gc1+0 gc2+0
[  1333,9s f60904] FRAME: 59,3 ms gc0+0 gc1+0 gc2+0
[  1333,9s f60904] InfluenceTick: 7,4 ms 
[  1334,0s f60905] FRAME: 57,8 ms gc0+0 gc1+0 gc2+0
[  1334,1s f60907] InfluenceTick: 6,9 ms 
[  1334,1s f60908] FRAME: 59,4 ms gc0+0 gc1+0 gc2+0
[  1334,2s f60909] InfluenceTick: 6,9 ms 
[  1334,2s f60910] FRAME: 63,7 ms gc0+0 gc1+0 gc2+0
[  1334,3s f60912] InfluenceTick: 7,5 ms 
[  1334,3s f60913] FRAME: 73,6 ms gc0+0 gc1+0 gc2+0
[  1334,4s f60914] InfluenceTick: 6,7 ms 
[  1334,4s f60914] AIThink: 9,2 ms brains 1
[  1334,4s f60915] FRAME: 62,0 ms gc0+0 gc1+0 gc2+0
[  1334,5s f60916] InfluenceTick: 8,0 ms 
[  1334,6s f60917] FRAME: 62,1 ms gc0+0 gc1+0 gc2+0
[  1334,7s f60919] InfluenceTick: 7,3 ms 
[  1334,7s f60920] FRAME: 59,2 ms gc0+0 gc1+0 gc2+0
[  1334,7s f60921] FRAME: 53,9 ms gc0+0 gc1+0 gc2+0
[  1334,8s f60921] InfluenceTick: 8,0 ms 
[  1334,8s f60922] FRAME: 69,0 ms gc0+0 gc1+0 gc2+0
[  1334,9s f60923] InfluenceTick: 7,2 ms 
[  1334,9s f60924] FRAME: 54,9 ms gc0+0 gc1+0 gc2+0
[  1335,0s f60926] InfluenceTick: 7,5 ms 
[  1335,0s f60927] FRAME: 59,7 ms gc0+0 gc1+0 gc2+0
[  1335,2s f60929] InfluenceTick: 6,8 ms 
[  1335,2s f60930] FRAME: 79,3 ms gc0+0 gc1+0 gc2+0
[  1335,3s f60931] InfluenceTick: 7,4 ms 
[  1335,3s f60932] FRAME: 65,4 ms gc0+0 gc1+0 gc2+0
[  1335,4s f60933] InfluenceTick: 7,5 ms 
[  1335,4s f60933] HutIncome: 15,6 ms huts 70
[  1335,4s f60933] AIThink: 9,1 ms brains 1
[  1335,4s f60934] FRAME: 81,6 ms gc0+0 gc1+0 gc2+0
[  1335,5s f60935] InfluenceTick: 6,9 ms 
[  1335,5s f60936] FRAME: 57,1 ms gc0+0 gc1+0 gc2+0
[  1335,6s f60937] FRAME: 51,8 ms gc0+0 gc1+0 gc2+0
[  1335,6s f60937] InfluenceTick: 7,6 ms 
[  1335,6s f60938] FRAME: 61,9 ms gc0+0 gc1+0 gc2+0
[  1335,7s f60939] InfluenceTick: 7,1 ms 
[  1335,7s f60940] FRAME: 55,5 ms gc0+0 gc1+0 gc2+0
[  1335,8s f60942] InfluenceTick: 6,9 ms 
[  1335,9s f60943] FRAME: 55,1 ms gc0+0 gc1+0 gc2+0
[  1336,0s f60945] InfluenceTick: 7,3 ms 
[  1336,0s f60946] FRAME: 77,7 ms gc0+0 gc1+0 gc2+0
[  1336,1s f60947] InfluenceTick: 7,2 ms 
[  1336,1s f60948] FRAME: 60,2 ms gc0+0 gc1+0 gc2+0
[  1336,2s f60949] FRAME: 50,3 ms gc0+0 gc1+0 gc2+0
[  1336,2s f60949] InfluenceTick: 6,6 ms 
[  1336,2s f60950] FRAME: 63,9 ms gc0+0 gc1+0 gc2+0
[  1336,3s f60951] InfluenceTick: 6,9 ms 
[  1336,3s f60952] FRAME: 51,5 ms gc0+0 gc1+0 gc2+0
[  1336,4s f60954] FRAME: 51,5 ms gc0+0 gc1+0 gc2+0
[  1336,4s f60954] InfluenceTick: 7,7 ms 
[  1336,5s f60955] FRAME: 63,8 ms gc0+0 gc1+0 gc2+0
[  1336,5s f60955] AIThink: 10,6 ms brains 1
[  1336,5s f60956] InfluenceTick: 7,6 ms 
[  1336,6s f60957] FRAME: 56,8 ms gc0+0 gc1+0 gc2+0
[  1336,7s f60959] InfluenceTick: 6,7 ms 
[  1336,7s f60960] FRAME: 55,5 ms gc0+0 gc1+0 gc2+0
[  1336,8s f60962] InfluenceTick: 6,8 ms 
[  1336,9s f60963] FRAME: 73,6 ms gc0+0 gc1+0 gc2+0
[  1336,9s f60964] InfluenceTick: 6,4 ms 
[  1337,0s f60965] FRAME: 66,0 ms gc0+0 gc1+0 gc2+0
[  1337,0s f60966] InfluenceTick: 7,1 ms 
[  1337,1s f60967] FRAME: 58,7 ms gc0+0 gc1+0 gc2+0
[  1337,1s f60968] InfluenceTick: 6,9 ms 
[  1337,2s f60969] FRAME: 63,9 ms gc0+0 gc1+0 gc2+0
[  1337,2s f60970] FRAME: 55,8 ms gc0+0 gc1+0 gc2+0
[  1337,3s f60970] InfluenceTick: 7,2 ms 
[  1337,3s f60971] FRAME: 56,1 ms gc0+0 gc1+0 gc2+0
[  1337,4s f60973] InfluenceTick: 7,0 ms 
[  1337,4s f60973] HutIncome: 14,9 ms huts 70
[  1337,4s f60974] FRAME: 73,3 ms gc0+0 gc1+0 gc2+0
[  1337,5s f60975] InfluenceTick: 8,0 ms 
[  1337,5s f60976] FRAME: 59,5 ms gc0+0 gc1+0 gc2+0
[  1337,7s f60978] InfluenceTick: 6,9 ms 
[  1337,7s f60979] FRAME: 67,6 ms gc0+0 gc1+0 gc2+0
[  1337,8s f60980] InfluenceTick: 8,3 ms 
[  1337,8s f60980] AIThink: 8,8 ms brains 1
[  1337,8s f60981] FRAME: 74,0 ms gc0+0 gc1+0 gc2+0
[  1337,9s f60982] InfluenceTick: 8,8 ms 
[  1337,9s f60983] FRAME: 66,3 ms gc0+0 gc1+0 gc2+0
[  1338,0s f60984] InfluenceTick: 7,0 ms 
[  1338,0s f60985] FRAME: 55,8 ms gc0+0 gc1+0 gc2+0
[  1338,1s f60987] InfluenceTick: 7,1 ms 
[  1338,2s f60988] FRAME: 64,5 ms gc0+0 gc1+0 gc2+0
[  1338,2s f60989] InfluenceTick: 7,0 ms 
[  1338,3s f60990] FRAME: 61,7 ms gc0+0 gc1+0 gc2+0
[  1338,3s f60991] InfluenceTick: 7,0 ms 
[  1338,4s f60992] FRAME: 54,8 ms gc0+0 gc1+0 gc2+0
[  1338,5s f60994] InfluenceTick: 6,8 ms 
[  1338,5s f60995] FRAME: 56,7 ms gc0+0 gc1+0 gc2+0
[  1338,5s f60996] FRAME: 52,2 ms gc0+0 gc1+0 gc2+0
[  1338,6s f60996] InfluenceTick: 6,7 ms 
[  1338,6s f60997] FRAME: 58,2 ms gc0+0 gc1+0 gc2+0
[  1338,6s f60997] AIThink: 10,3 ms brains 1
[  1338,6s f60998] FRAME: 50,1 ms gc0+0 gc1+0 gc2+0
[  1338,7s f60998] InfluenceTick: 7,1 ms 
[  1338,7s f60999] FRAME: 58,8 ms gc0+0 gc1+0 gc2+0
[  1338,8s f61001] InfluenceTick: 7,2 ms 
[  1338,8s f61002] FRAME: 55,6 ms gc0+0 gc1+0 gc2+0
[  1338,9s f61004] InfluenceTick: 6,5 ms 
[  1339,0s f61005] FRAME: 69,4 ms gc0+0 gc1+0 gc2+0
[  1339,0s f61006] InfluenceTick: 6,8 ms 
[  1339,1s f61007] FRAME: 56,1 ms gc0+0 gc1+0 gc2+0
[  1339,1s f61008] InfluenceTick: 6,7 ms 
[  1339,2s f61009] FRAME: 62,1 ms gc0+0 gc1+0 gc2+0
[  1339,3s f61011] InfluenceTick: 7,0 ms 
[  1339,3s f61012] FRAME: 54,0 ms gc0+0 gc1+0 gc2+0
[  1339,4s f61013] FRAME: 52,3 ms gc0+0 gc1+0 gc2+0
[  1339,4s f61013] InfluenceTick: 6,8 ms 
[  1339,4s f61014] FRAME: 57,8 ms gc0+0 gc1+0 gc2+0
[  1339,4s f61014] HutIncome: 16,1 ms huts 70
[  1339,5s f61015] FRAME: 50,7 ms gc0+0 gc1+0 gc2+0
[  1339,5s f61015] InfluenceTick: 6,6 ms 
[  1339,5s f61016] FRAME: 64,3 ms gc0+1 gc1+1 gc2+1
[  1339,6s f61017] FRAME: 50,8 ms gc0+0 gc1+0 gc2+0
[  1339,6s f61017] InfluenceTick: 7,9 ms 
[  1339,6s f61018] FRAME: 64,8 ms gc0+0 gc1+0 gc2+0
[  1339,7s f61019] InfluenceTick: 6,9 ms 
[  1339,7s f61019] AIThink: 9,3 ms brains 1
[  1339,7s f61020] FRAME: 64,9 ms gc0+0 gc1+0 gc2+0
[  1339,8s f61021] FRAME: 56,7 ms gc0+0 gc1+0 gc2+0
[  1339,8s f61021] InfluenceTick: 7,0 ms 
[  1339,9s f61022] FRAME: 55,2 ms gc0+0 gc1+0 gc2+0
[  1340,0s f61024] InfluenceTick: 7,3 ms 
[  1340,0s f61025] FRAME: 54,6 ms gc0+0 gc1+0 gc2+0
[  1340,1s f61027] InfluenceTick: 7,4 ms 
[  1340,1s f61028] FRAME: 66,3 ms gc0+0 gc1+0 gc2+0
[  1340,2s f61028] AIThink: 10,1 ms brains 2
[  1340,2s f61029] FRAME: 54,4 ms gc0+0 gc1+0 gc2+0
[  1340,2s f61029] InfluenceTick: 7,7 ms 
[  1340,3s f61030] FRAME: 81,5 ms gc0+0 gc1+0 gc2+0
[  1340,3s f61031] InfluenceTick: 6,9 ms 
[  1340,4s f61032] FRAME: 58,6 ms gc0+0 gc1+0 gc2+0
[  1340,4s f61033] InfluenceTick: 7,5 ms 
[  1340,5s f61034] FRAME: 61,4 ms gc0+0 gc1+0 gc2+0
[  1340,5s f61035] InfluenceTick: 7,7 ms 
[  1340,6s f61036] FRAME: 63,6 ms gc0+0 gc1+0 gc2+0
[  1340,7s f61037] InfluenceTick: 6,5 ms 
[  1340,7s f61038] FRAME: 71,1 ms gc0+0 gc1+0 gc2+0
[  1340,7s f61038] AIThink: 10,9 ms brains 1
[  1340,8s f61039] FRAME: 50,2 ms gc0+0 gc1+0 gc2+0
[  1340,8s f61039] InfluenceTick: 7,4 ms 
[  1340,8s f61040] FRAME: 55,3 ms gc0+0 gc1+0 gc2+0
[  1340,9s f61042] InfluenceTick: 7,0 ms 
[  1340,9s f61043] FRAME: 54,2 ms gc0+0 gc1+0 gc2+0
[  1341,0s f61045] InfluenceTick: 7,4 ms 
[  1341,1s f61046] FRAME: 56,1 ms gc0+0 gc1+0 gc2+0
[  1341,1s f61047] FRAME: 64,6 ms gc0+0 gc1+0 gc2+0
[  1341,2s f61047] InfluenceTick: 7,0 ms 
[  1341,2s f61048] FRAME: 64,7 ms gc0+0 gc1+0 gc2+0
[  1341,3s f61049] InfluenceTick: 7,2 ms 
[  1341,3s f61050] FRAME: 53,9 ms gc0+0 gc1+0 gc2+0
[  1341,4s f61052] InfluenceTick: 7,4 ms 
[  1341,4s f61053] FRAME: 55,9 ms gc0+0 gc1+0 gc2+0
[  1341,4s f61053] HutIncome: 17,0 ms huts 70
[  1341,5s f61054] FRAME: 54,9 ms gc0+0 gc1+0 gc2+0
[  1341,5s f61054] InfluenceTick: 7,2 ms 
[  1341,6s f61055] FRAME: 75,3 ms gc0+0 gc1+0 gc2+0
[  1341,6s f61056] InfluenceTick: 7,2 ms 
[  1341,6s f61057] FRAME: 57,7 ms gc0+0 gc1+0 gc2+0
[  1341,7s f61058] InfluenceTick: 7,7 ms 
[  1341,8s f61059] FRAME: 64,1 ms gc0+0 gc1+0 gc2+0
[  1341,8s f61060] InfluenceTick: 7,4 ms 
[  1341,9s f61061] FRAME: 62,0 ms gc0+0 gc1+0 gc2+0
[  1341,9s f61062] InfluenceTick: 6,9 ms 
[  1342,0s f61063] FRAME: 75,9 ms gc0+0 gc1+0 gc2+0
[  1342,0s f61063] AIThink: 11,0 ms brains 1
[  1342,0s f61064] FRAME: 52,1 ms gc0+1 gc1+1 gc2+1
[  1342,1s f61064] InfluenceTick: 7,3 ms 
[  1342,1s f61065] FRAME: 56,8 ms gc0+0 gc1+0 gc2+0
[  1342,2s f61066] InfluenceTick: 7,2 ms 
[  1342,2s f61067] FRAME: 58,5 ms gc0+0 gc1+0 gc2+0
[  1342,3s f61068] InfluenceTick: 8,2 ms 
[  1342,3s f61069] FRAME: 62,7 ms gc0+0 gc1+0 gc2+0
[  1342,4s f61070] InfluenceTick: 8,4 ms 
[  1342,4s f61071] FRAME: 87,1 ms gc0+0 gc1+0 gc2+0
[  1342,5s f61072] InfluenceTick: 7,5 ms 
[  1342,5s f61073] FRAME: 64,3 ms gc0+0 gc1+0 gc2+0
[  1342,6s f61073] AIThink: 9,8 ms brains 1
[  1342,6s f61074] FRAME: 50,8 ms gc0+0 gc1+0 gc2+0
[  1342,6s f61074] InfluenceTick: 7,6 ms 
[  1342,6s f61075] FRAME: 64,5 ms gc0+0 gc1+0 gc2+0
[  1342,7s f61076] InfluenceTick: 7,1 ms 
[  1342,7s f61077] FRAME: 62,9 ms gc0+0 gc1+0 gc2+0
[  1342,8s f61078] FRAME: 67,2 ms gc0+0 gc1+0 gc2+0
[  1342,8s f61078] InfluenceTick: 6,9 ms 
[  1342,9s f61079] FRAME: 60,2 ms gc0+0 gc1+0 gc2+0
[  1343,0s f61081] InfluenceTick: 8,0 ms 
[  1343,0s f61082] FRAME: 60,5 ms gc0+0 gc1+0 gc2+0
[  1343,1s f61084] InfluenceTick: 7,6 ms 
[  1343,2s f61085] FRAME: 67,7 ms gc0+0 gc1+0 gc2+0
[  1343,2s f61086] FRAME: 58,0 ms gc0+0 gc1+0 gc2+0
[  1343,2s f61086] InfluenceTick: 7,2 ms 
[  1343,3s f61087] FRAME: 61,5 ms gc0+0 gc1+0 gc2+0
[  1343,3s f61088] InfluenceTick: 7,3 ms 
[  1343,4s f61089] FRAME: 66,1 ms gc0+0 gc1+0 gc2+0
[  1343,5s f61090] InfluenceTick: 7,7 ms 
[  1343,5s f61090] HutIncome: 17,0 ms huts 70
[  1343,5s f61091] FRAME: 81,5 ms gc0+0 gc1+0 gc2+0
[  1343,6s f61092] InfluenceTick: 7,1 ms 
[  1343,6s f61093] FRAME: 58,1 ms gc0+0 gc1+0 gc2+0
[  1343,7s f61094] FRAME: 56,2 ms gc0+0 gc1+0 gc2+0
[  1343,7s f61094] InfluenceTick: 7,4 ms 
[  1343,7s f61095] FRAME: 60,9 ms gc0+0 gc1+0 gc2+0
[  1343,8s f61097] InfluenceTick: 7,2 ms 
[  1343,9s f61098] FRAME: 64,7 ms gc0+0 gc1+0 gc2+0
[  1343,9s f61099] InfluenceTick: 7,1 ms 
[  1344,0s f61100] FRAME: 60,3 ms gc0+0 gc1+0 gc2+0
[  1344,1s f61102] InfluenceTick: 8,1 ms 
[  1344,1s f61103] FRAME: 75,4 ms gc0+0 gc1+0 gc2+0
[  1344,2s f61104] FRAME: 52,0 ms gc0+0 gc1+0 gc2+0
[  1344,2s f61104] InfluenceTick: 6,7 ms 
[  1344,2s f61105] FRAME: 60,4 ms gc0+0 gc1+0 gc2+0
[  1344,3s f61106] InfluenceTick: 7,3 ms 
[  1344,3s f61107] FRAME: 55,9 ms gc0+0 gc1+0 gc2+0
[  1344,4s f61108] FRAME: 56,0 ms gc0+0 gc1+0 gc2+0
[  1344,4s f61108] InfluenceTick: 6,8 ms 
[  1344,4s f61109] FRAME: 67,1 ms gc0+0 gc1+0 gc2+0
[  1344,5s f61110] FRAME: 56,2 ms gc0+0 gc1+0 gc2+0
[  1344,5s f61110] InfluenceTick: 6,7 ms 
[  1344,6s f61111] FRAME: 64,1 ms gc0+1 gc1+1 gc2+1
[  1344,6s f61112] InfluenceTick: 6,9 ms 
[  1344,7s f61113] FRAME: 73,0 ms gc0+0 gc1+0 gc2+0
[  1344,8s f61114] InfluenceTick: 7,0 ms 
[  1344,8s f61115] FRAME: 59,3 ms gc0+0 gc1+0 gc2+0
[  1344,9s f61117] InfluenceTick: 6,4 ms 
[  1344,9s f61118] FRAME: 76,9 ms gc0+0 gc1+0 gc2+0
[  1345,0s f61118] AIThink: 19,8 ms brains 2
[  1345,0s f61119] FRAME: 61,8 ms gc0+0 gc1+0 gc2+0
[  1345,0s f61119] InfluenceTick: 7,0 ms 
[  1345,1s f61120] FRAME: 68,6 ms gc0+0 gc1+0 gc2+0
[  1345,1s f61121] FRAME: 61,1 ms gc0+0 gc1+0 gc2+0
[  1345,2s f61121] InfluenceTick: 7,6 ms 
[  1345,2s f61122] FRAME: 74,3 ms gc0+0 gc1+0 gc2+0
[  1345,3s f61123] InfluenceTick: 7,2 ms 
[  1345,3s f61124] FRAME: 66,6 ms gc0+0 gc1+0 gc2+0
[  1345,4s f61125] FRAME: 64,7 ms gc0+0 gc1+0 gc2+0
[  1345,4s f61125] InfluenceTick: 6,7 ms 
[  1345,4s f61126] FRAME: 63,0 ms gc0+1 gc1+1 gc2+1
[  1345,5s f61126] HutIncome: 15,3 ms huts 71
[  1345,5s f61127] FRAME: 54,9 ms gc0+0 gc1+0 gc2+0
[  1345,5s f61127] InfluenceTick: 7,3 ms 
[  1345,6s f61128] FRAME: 56,4 ms gc0+0 gc1+0 gc2+0
[  1345,6s f61130] InfluenceTick: 6,9 ms 
[  1345,7s f61131] FRAME: 57,8 ms gc0+0 gc1+0 gc2+0
[  1345,8s f61133] FRAME: 56,4 ms gc0+0 gc1+0 gc2+0
[  1345,8s f61133] InfluenceTick: 7,7 ms 
[  1345,8s f61134] FRAME: 64,7 ms gc0+0 gc1+0 gc2+0
[  1345,9s f61135] InfluenceTick: 7,4 ms 
[  1346,0s f61136] FRAME: 66,1 ms gc0+0 gc1+0 gc2+0
[  1346,0s f61137] InfluenceTick: 7,3 ms 
[  1346,0s f61138] FRAME: 56,5 ms gc0+0 gc1+0 gc2+0
[  1346,1s f61140] FRAME: 54,0 ms gc0+0 gc1+0 gc2+0
[  1346,2s f61140] InfluenceTick: 6,7 ms 
[  1346,2s f61141] FRAME: 76,2 ms gc0+0 gc1+0 gc2+0
[  1346,3s f61142] InfluenceTick: 7,0 ms 
[  1346,3s f61143] FRAME: 57,5 ms gc0+0 gc1+0 gc2+0
[  1346,4s f61145] InfluenceTick: 7,1 ms 
[  1346,4s f61146] FRAME: 60,5 ms gc0+0 gc1+0 gc2+0
[  1346,5s f61147] InfluenceTick: 7,3 ms 
[  1346,5s f61148] FRAME: 57,3 ms gc0+0 gc1+0 gc2+0
[  1346,6s f61149] FRAME: 53,1 ms gc0+0 gc1+0 gc2+0
[  1346,6s f61149] InfluenceTick: 7,0 ms 
[  1346,7s f61150] FRAME: 61,8 ms gc0+0 gc1+0 gc2+0
[  1346,7s f61151] InfluenceTick: 7,2 ms 
[  1346,8s f61152] FRAME: 55,1 ms gc0+0 gc1+0 gc2+0
[  1346,8s f61152] AIThink: 10,8 ms brains 1
[  1346,8s f61153] FRAME: 52,6 ms gc0+0 gc1+0 gc2+0
[  1346,8s f61153] InfluenceTick: 7,7 ms 
[  1346,9s f61154] FRAME: 61,8 ms gc0+0 gc1+0 gc2+0
[  1346,9s f61155] InfluenceTick: 7,7 ms 
[  1347,0s f61156] FRAME: 62,5 ms gc0+0 gc1+0 gc2+0
[  1347,0s f61157] FRAME: 59,0 ms gc0+0 gc1+0 gc2+0
[  1347,1s f61157] InfluenceTick: 7,4 ms 
[  1347,1s f61158] FRAME: 61,6 ms gc0+0 gc1+0 gc2+0
[  1347,2s f61159] FRAME: 56,4 ms gc0+0 gc1+0 gc2+0
[  1347,2s f61159] InfluenceTick: 7,4 ms 
[  1347,2s f61160] FRAME: 69,3 ms gc0+0 gc1+0 gc2+0
[  1347,3s f61161] InfluenceTick: 7,3 ms 
[  1347,3s f61162] FRAME: 60,8 ms gc0+0 gc1+0 gc2+0
[  1347,4s f61162] AIThink: 9,7 ms brains 1
[  1347,4s f61163] FRAME: 53,0 ms gc0+0 gc1+0 gc2+0
[  1347,4s f61163] InfluenceTick: 7,8 ms 
[  1347,5s f61164] FRAME: 97,3 ms gc0+0 gc1+0 gc2+0
[  1347,5s f61164] HutIncome: 15,6 ms huts 71
[  1347,6s f61165] FRAME: 68,8 ms gc0+0 gc1+0 gc2+0
[  1347,6s f61165] InfluenceTick: 7,0 ms 
[  1347,6s f61166] FRAME: 61,1 ms gc0+0 gc1+0 gc2+0
[  1347,7s f61167] InfluenceTick: 7,0 ms 
[  1347,7s f61168] FRAME: 60,1 ms gc0+0 gc1+0 gc2+0
[  1347,8s f61170] InfluenceTick: 7,7 ms 
[  1347,9s f61171] FRAME: 75,4 ms gc0+0 gc1+0 gc2+0
[  1347,9s f61172] InfluenceTick: 7,5 ms 
[  1348,0s f61173] FRAME: 61,3 ms gc0+1 gc1+1 gc2+1
[  1348,0s f61174] InfluenceTick: 7,3 ms 
[  1348,1s f61175] FRAME: 61,4 ms gc0+0 gc1+0 gc2+0
[  1348,1s f61176] InfluenceTick: 7,5 ms 
[  1348,2s f61177] FRAME: 66,6 ms gc0+0 gc1+0 gc2+0
[  1348,3s f61178] InfluenceTick: 6,8 ms 
[  1348,3s f61179] FRAME: 74,8 ms gc0+0 gc1+0 gc2+0
[  1348,4s f61180] InfluenceTick: 7,0 ms 
[  1348,4s f61181] FRAME: 58,2 ms gc0+0 gc1+0 gc2+0
[  1348,5s f61183] InfluenceTick: 6,8 ms 
[  1348,5s f61184] FRAME: 59,9 ms gc0+0 gc1+0 gc2+0
[  1348,6s f61185] FRAME: 50,5 ms gc0+0 gc1+0 gc2+0
[  1348,6s f61185] InfluenceTick: 7,0 ms 
[  1348,6s f61186] FRAME: 59,3 ms gc0+0 gc1+0 gc2+0
[  1348,7s f61187] FRAME: 53,9 ms gc0+0 gc1+0 gc2+0
[  1348,7s f61187] InfluenceTick: 7,0 ms 
[  1348,8s f61188] FRAME: 64,0 ms gc0+0 gc1+0 gc2+0
[  1348,8s f61188] AIThink: 13,2 ms brains 1
[  1348,8s f61189] FRAME: 59,8 ms gc0+0 gc1+0 gc2+0
[  1348,8s f61189] InfluenceTick: 7,7 ms 
[  1348,9s f61190] FRAME: 64,6 ms gc0+0 gc1+0 gc2+0
[  1348,9s f61191] InfluenceTick: 7,2 ms 
[  1349,0s f61192] FRAME: 63,1 ms gc0+0 gc1+0 gc2+0
[  1349,0s f61193] InfluenceTick: 6,7 ms 
[  1349,1s f61194] FRAME: 60,4 ms gc0+0 gc1+0 gc2+0
[  1349,2s f61195] FRAME: 72,7 ms gc0+0 gc1+0 gc2+0
[  1349,2s f61195] InfluenceTick: 7,5 ms 
[  1349,2s f61195] AIThink: 9,6 ms brains 1
[  1349,2s f61196] FRAME: 81,4 ms gc0+0 gc1+0 gc2+0
[  1349,3s f61197] FRAME: 57,9 ms gc0+1 gc1+1 gc2+1
[  1349,3s f61197] InfluenceTick: 6,6 ms 
[  1349,4s f61198] FRAME: 59,7 ms gc0+0 gc1+0 gc2+0
[  1349,4s f61199] InfluenceTick: 7,6 ms 
[  1349,5s f61200] FRAME: 61,1 ms gc0+0 gc1+0 gc2+0
[  1349,5s f61201] InfluenceTick: 7,3 ms 
[  1349,6s f61201] HutIncome: 15,3 ms huts 71
[  1349,6s f61202] FRAME: 90,6 ms gc0+0 gc1+0 gc2+0
[  1349,6s f61203] FRAME: 51,3 ms gc0+0 gc1+0 gc2+0
[  1349,7s f61203] InfluenceTick: 7,3 ms 
[  1349,7s f61204] FRAME: 61,5 ms gc0+0 gc1+0 gc2+0
[  1349,8s f61205] AIThink: 10,1 ms brains 1
[  1349,8s f61206] FRAME: 50,2 ms gc0+0 gc1+0 gc2+0
[  1349,8s f61206] InfluenceTick: 7,2 ms 
[  1349,8s f61207] FRAME: 58,1 ms gc0+0 gc1+0 gc2+0
[  1349,9s f61208] FRAME: 50,8 ms gc0+0 gc1+0 gc2+0
[  1349,9s f61208] InfluenceTick: 6,7 ms 
[  1350,0s f61209] FRAME: 76,1 ms gc0+0 gc1+0 gc2+0
[  1350,0s f61210] InfluenceTick: 7,4 ms 
[  1350,1s f61211] FRAME: 59,6 ms gc0+0 gc1+0 gc2+0
[  1350,1s f61212] InfluenceTick: 6,5 ms 
[  1350,2s f61213] FRAME: 62,4 ms gc0+0 gc1+0 gc2+0
[  1350,3s f61215] InfluenceTick: 7,4 ms 
[  1350,3s f61216] FRAME: 60,3 ms gc0+1 gc1+1 gc2+1
[  1350,4s f61217] FRAME: 58,7 ms gc0+0 gc1+0 gc2+0
[  1350,4s f61217] InfluenceTick: 7,6 ms 
[  1350,4s f61218] FRAME: 63,0 ms gc0+0 gc1+0 gc2+0
[  1350,5s f61219] InfluenceTick: 7,4 ms 
[  1350,6s f61220] FRAME: 58,6 ms gc0+0 gc1+0 gc2+0
[  1350,7s f61222] InfluenceTick: 7,5 ms 
[  1350,7s f61223] FRAME: 67,5 ms gc0+0 gc1+0 gc2+0
[  1350,8s f61224] InfluenceTick: 7,5 ms 
[  1350,8s f61225] FRAME: 77,7 ms gc0+0 gc1+0 gc2+0
[  1350,9s f61226] InfluenceTick: 7,5 ms 
[  1350,9s f61227] FRAME: 61,4 ms gc0+0 gc1+0 gc2+0
[  1351,0s f61228] InfluenceTick: 8,0 ms 
[  1351,0s f61229] FRAME: 65,3 ms gc0+0 gc1+0 gc2+0
[  1351,1s f61229] AIThink: 12,9 ms brains 1
[  1351,1s f61230] FRAME: 59,0 ms gc0+0 gc1+0 gc2+0
[  1351,1s f61230] InfluenceTick: 7,8 ms 
[  1351,1s f61230] AIThink: 11,1 ms brains 1
[  1351,2s f61231] FRAME: 88,5 ms gc0+0 gc1+0 gc2+0
[  1351,3s f61232] FRAME: 83,2 ms gc0+0 gc1+0 gc2+0
[  1351,3s f61232] InfluenceTick: 6,6 ms 
[  1351,3s f61233] FRAME: 58,5 ms gc0+0 gc1+0 gc2+0
[  1351,4s f61235] InfluenceTick: 7,0 ms 
[  1351,5s f61236] FRAME: 53,3 ms gc0+0 gc1+0 gc2+0
[  1351,5s f61237] FRAME: 51,6 ms gc0+0 gc1+0 gc2+0
[  1351,5s f61237] InfluenceTick: 6,8 ms 
[  1351,5s f61237] HutIncome: 14,7 ms huts 71
[  1351,6s f61238] FRAME: 82,9 ms gc0+0 gc1+0 gc2+0
[  1351,6s f61239] FRAME: 56,2 ms gc0+1 gc1+1 gc2+1
[  1351,7s f61239] InfluenceTick: 6,3 ms 
[  1351,7s f61240] FRAME: 54,2 ms gc0+0 gc1+0 gc2+0
[  1351,8s f61242] InfluenceTick: 8,1 ms 
[  1351,8s f61243] FRAME: 62,5 ms gc0+0 gc1+0 gc2+0
[  1351,9s f61244] InfluenceTick: 7,0 ms 
[  1351,9s f61245] FRAME: 54,2 ms gc0+0 gc1+0 gc2+0
[  1352,0s f61247] InfluenceTick: 6,4 ms 
[  1352,1s f61248] FRAME: 70,2 ms gc0+0 gc1+0 gc2+0
[  1352,2s f61249] InfluenceTick: 7,5 ms 
[  1352,2s f61249] AIThink: 9,8 ms brains 1
[  1352,2s f61250] FRAME: 83,2 ms gc0+0 gc1+0 gc2+0
[  1352,3s f61251] FRAME: 51,9 ms gc0+0 gc1+0 gc2+0
[  1352,3s f61251] InfluenceTick: 7,0 ms 
[  1352,3s f61252] FRAME: 54,8 ms gc0+0 gc1+0 gc2+0
[  1352,4s f61254] InfluenceTick: 6,6 ms 
[  1352,5s f61255] FRAME: 56,2 ms gc0+0 gc1+0 gc2+0
[  1352,5s f61256] FRAME: 59,3 ms gc0+0 gc1+0 gc2+0
[  1352,5s f61256] InfluenceTick: 7,3 ms 
[  1352,6s f61257] FRAME: 55,3 ms gc0+0 gc1+0 gc2+0
[  1352,7s f61259] InfluenceTick: 6,6 ms 
[  1352,7s f61260] FRAME: 56,7 ms gc0+0 gc1+0 gc2+0
[  1352,8s f61262] InfluenceTick: 7,7 ms 
[  1352,9s f61263] FRAME: 64,0 ms gc0+0 gc1+0 gc2+0
[  1352,9s f61264] FRAME: 65,4 ms gc0+0 gc1+0 gc2+0
[  1353,0s f61264] InfluenceTick: 8,5 ms 
[  1353,0s f61265] FRAME: 81,8 ms gc0+1 gc1+1 gc2+1
[  1353,1s f61266] InfluenceTick: 7,5 ms 
[  1353,1s f61267] FRAME: 59,3 ms gc0+0 gc1+0 gc2+0
[  1353,2s f61268] FRAME: 54,9 ms gc0+0 gc1+0 gc2+0
[  1353,2s f61268] InfluenceTick: 6,8 ms 
[  1353,2s f61269] FRAME: 59,0 ms gc0+0 gc1+0 gc2+0
[  1353,3s f61270] AIThink: 10,2 ms brains 1
[  1353,3s f61271] FRAME: 80,2 ms gc0+0 gc1+0 gc2+0
[  1353,4s f61271] InfluenceTick: 6,8 ms 
[  1353,4s f61272] FRAME: 57,1 ms gc0+0 gc1+0 gc2+0
[  1353,4s f61272] AIThink: 11,2 ms brains 1
[  1353,5s f61273] FRAME: 58,3 ms gc0+0 gc1+0 gc2+0
[  1353,5s f61273] InfluenceTick: 7,6 ms 
[  1353,5s f61274] FRAME: 59,2 ms gc0+0 gc1+0 gc2+0
[  1353,5s f61274] HutIncome: 16,7 ms huts 71
[  1353,6s f61275] FRAME: 59,8 ms gc0+0 gc1+0 gc2+0
[  1353,6s f61275] InfluenceTick: 7,5 ms 
[  1353,6s f61276] FRAME: 64,8 ms gc0+0 gc1+0 gc2+0
[  1353,7s f61277] InfluenceTick: 7,8 ms 
[  1353,8s f61278] FRAME: 77,1 ms gc0+0 gc1+0 gc2+0
[  1353,8s f61279] FRAME: 51,7 ms gc0+0 gc1+0 gc2+0
[  1353,8s f61279] InfluenceTick: 7,6 ms 
[  1353,9s f61280] FRAME: 64,2 ms gc0+0 gc1+0 gc2+0
[  1353,9s f61281] InfluenceTick: 7,3 ms 
[  1354,0s f61282] FRAME: 57,8 ms gc0+0 gc1+0 gc2+0
[  1354,0s f61283] InfluenceTick: 7,3 ms 
[  1354,1s f61284] FRAME: 61,1 ms gc0+0 gc1+0 gc2+0
[  1354,1s f61285] FRAME: 54,1 ms gc0+0 gc1+0 gc2+0
[  1354,2s f61285] InfluenceTick: 7,5 ms 
[  1354,2s f61286] FRAME: 82,5 ms gc0+0 gc1+0 gc2+0
[  1354,3s f61287] InfluenceTick: 8,4 ms 
[  1354,3s f61288] FRAME: 67,2 ms gc0+0 gc1+0 gc2+0
[  1354,4s f61289] FRAME: 51,3 ms gc0+0 gc1+0 gc2+0
[  1354,4s f61289] InfluenceTick: 7,8 ms 
[  1354,5s f61290] FRAME: 79,0 ms gc0+0 gc1+0 gc2+0
[  1354,5s f61291] InfluenceTick: 6,9 ms 
[  1354,5s f61291] AIThink: 9,2 ms brains 1
[  1354,6s f61292] FRAME: 68,7 ms gc0+0 gc1+0 gc2+0
[  1354,6s f61293] FRAME: 56,6 ms gc0+0 gc1+0 gc2+0
[  1354,7s f61293] InfluenceTick: 6,8 ms 
[  1354,7s f61294] FRAME: 62,3 ms gc0+0 gc1+0 gc2+0
[  1354,8s f61295] InfluenceTick: 7,5 ms 
[  1354,8s f61296] FRAME: 75,1 ms gc0+0 gc1+0 gc2+0
[  1354,9s f61297] InfluenceTick: 6,8 ms 
[  1354,9s f61298] FRAME: 64,0 ms gc0+0 gc1+0 gc2+0
[  1355,0s f61299] InfluenceTick: 6,9 ms 
[  1355,0s f61300] FRAME: 56,2 ms gc0+0 gc1+0 gc2+0
[  1355,1s f61301] FRAME: 60,6 ms gc0+0 gc1+0 gc2+0
[  1355,1s f61301] InfluenceTick: 7,6 ms 
[  1355,1s f61302] FRAME: 69,3 ms gc0+0 gc1+0 gc2+0
[  1355,2s f61303] FRAME: 51,0 ms gc0+0 gc1+0 gc2+0
[  1355,2s f61303] InfluenceTick: 7,7 ms 
[  1355,3s f61304] FRAME: 62,5 ms gc0+0 gc1+0 gc2+0
[  1355,3s f61305] InfluenceTick: 7,2 ms 
[  1355,4s f61306] FRAME: 64,6 ms gc0+1 gc1+1 gc2+1
[  1355,4s f61307] InfluenceTick: 7,1 ms 
[  1355,5s f61308] FRAME: 61,5 ms gc0+0 gc1+0 gc2+0
[  1355,5s f61309] FRAME: 59,2 ms gc0+0 gc1+0 gc2+0
[  1355,6s f61309] InfluenceTick: 7,1 ms 
[  1355,6s f61309] HutIncome: 15,3 ms huts 71
[  1355,6s f61309] AIThink: 9,4 ms brains 1
[  1355,6s f61310] FRAME: 88,1 ms gc0+0 gc1+0 gc2+0
[  1355,6s f61310] AIThink: 10,0 ms brains 1
[  1355,7s f61311] FRAME: 51,4 ms gc0+0 gc1+0 gc2+0
[  1355,7s f61311] InfluenceTick: 6,9 ms 
[  1355,7s f61312] FRAME: 60,3 ms gc0+0 gc1+0 gc2+0
[  1355,8s f61314] InfluenceTick: 6,6 ms 
[  1355,9s f61315] FRAME: 50,9 ms gc0+0 gc1+0 gc2+0
[  1356,0s f61317] FRAME: 66,9 ms gc0+0 gc1+0 gc2+0
[  1356,0s f61317] InfluenceTick: 7,4 ms 
[  1356,0s f61318] FRAME: 64,0 ms gc0+0 gc1+0 gc2+0
[  1356,1s f61319] InfluenceTick: 7,5 ms 
[  1356,1s f61320] FRAME: 66,8 ms gc0+0 gc1+0 gc2+0
[  1356,2s f61321] InfluenceTick: 7,1 ms 
[  1356,2s f61322] FRAME: 60,6 ms gc0+0 gc1+0 gc2+0
[  1356,3s f61323] InfluenceTick: 7,2 ms 
[  1356,3s f61324] FRAME: 56,8 ms gc0+0 gc1+0 gc2+0
[  1356,4s f61325] FRAME: 53,4 ms gc0+0 gc1+0 gc2+0
[  1356,4s f61325] InfluenceTick: 7,3 ms 
[  1356,5s f61326] FRAME: 70,1 ms gc0+0 gc1+0 gc2+0
[  1356,5s f61327] FRAME: 50,2 ms gc0+0 gc1+0 gc2+0
[  1356,5s f61327] InfluenceTick: 6,8 ms 
[  1356,6s f61328] FRAME: 69,3 ms gc0+0 gc1+0 gc2+0
[  1356,7s f61329] InfluenceTick: 7,5 ms 
[  1356,7s f61330] FRAME: 57,9 ms gc0+0 gc1+0 gc2+0
[  1356,8s f61331] InfluenceTick: 8,0 ms 
[  1356,8s f61332] FRAME: 63,7 ms gc0+0 gc1+0 gc2+0
[  1356,9s f61333] FRAME: 58,1 ms gc0+0 gc1+0 gc2+0
[  1356,9s f61333] InfluenceTick: 7,2 ms 
[  1356,9s f61334] FRAME: 58,0 ms gc0+0 gc1+0 gc2+0
[  1356,9s f61334] AIThink: 10,1 ms brains 1
[  1357,0s f61335] FRAME: 56,0 ms gc0+0 gc1+0 gc2+0
[  1357,0s f61335] InfluenceTick: 7,5 ms 
[  1357,0s f61336] FRAME: 65,7 ms gc0+0 gc1+0 gc2+0
[  1357,1s f61337] InfluenceTick: 7,2 ms 
[  1357,1s f61338] FRAME: 71,5 ms gc0+0 gc1+0 gc2+0
[  1357,2s f61339] FRAME: 58,1 ms gc0+0 gc1+0 gc2+0
[  1357,3s f61339] InfluenceTick: 8,1 ms 
[  1357,3s f61340] FRAME: 90,8 ms gc0+0 gc1+0 gc2+0
[  1357,4s f61341] InfluenceTick: 7,5 ms 
[  1357,4s f61342] FRAME: 61,8 ms gc0+0 gc1+0 gc2+0
[  1357,5s f61343] InfluenceTick: 6,9 ms 
[  1357,5s f61344] FRAME: 62,0 ms gc0+0 gc1+0 gc2+0
[  1357,6s f61345] InfluenceTick: 7,1 ms 
[  1357,6s f61345] HutIncome: 15,3 ms huts 71
[  1357,6s f61346] FRAME: 74,2 ms gc0+0 gc1+0 gc2+0
[  1357,7s f61346] AIThink: 9,9 ms brains 1
[  1357,7s f61347] FRAME: 66,6 ms gc0+0 gc1+0 gc2+0
[  1357,7s f61347] InfluenceTick: 7,4 ms 
[  1357,7s f61348] FRAME: 66,5 ms gc0+0 gc1+0 gc2+0
[  1357,8s f61349] InfluenceTick: 7,6 ms 
[  1357,8s f61350] FRAME: 56,7 ms gc0+0 gc1+0 gc2+0
[  1357,9s f61352] InfluenceTick: 7,6 ms 
[  1358,0s f61353] FRAME: 62,8 ms gc0+0 gc1+0 gc2+0
[  1358,1s f61354] InfluenceTick: 7,6 ms 
[  1358,1s f61355] FRAME: 76,5 ms gc0+0 gc1+0 gc2+0
[  1358,2s f61356] InfluenceTick: 7,1 ms 
[  1358,2s f61357] FRAME: 61,7 ms gc0+0 gc1+0 gc2+0
[  1358,3s f61359] InfluenceTick: 6,8 ms 
[  1358,3s f61360] FRAME: 56,6 ms gc0+0 gc1+0 gc2+0
[  1358,4s f61362] InfluenceTick: 8,0 ms 
[  1358,5s f61363] FRAME: 59,7 ms gc0+0 gc1+0 gc2+0
[  1358,5s f61364] FRAME: 61,9 ms gc0+0 gc1+0 gc2+0
[  1358,6s f61364] InfluenceTick: 7,3 ms 
[  1358,6s f61365] FRAME: 61,2 ms gc0+0 gc1+0 gc2+0
[  1358,7s f61366] InfluenceTick: 7,5 ms 
[  1358,7s f61367] FRAME: 56,0 ms gc0+0 gc1+0 gc2+0
[  1358,8s f61369] InfluenceTick: 6,7 ms 
[  1358,8s f61370] FRAME: 51,5 ms gc0+0 gc1+0 gc2+0
[  1358,9s f61372] InfluenceTick: 7,8 ms 
[  1359,0s f61373] FRAME: 74,6 ms gc0+0 gc1+0 gc2+0
[  1359,0s f61374] InfluenceTick: 6,5 ms 
[  1359,0s f61375] FRAME: 52,8 ms gc0+0 gc1+0 gc2+0
[  1359,2s f61377] InfluenceTick: 7,2 ms 
[  1359,2s f61378] FRAME: 67,5 ms gc0+0 gc1+0 gc2+0
[  1359,3s f61379] InfluenceTick: 7,6 ms 
[  1359,3s f61380] FRAME: 56,7 ms gc0+0 gc1+0 gc2+0
[  1359,3s f61380] AIThink: 16,6 ms brains 1
[  1359,4s f61381] FRAME: 76,9 ms gc0+0 gc1+0 gc2+0
[  1359,4s f61381] InfluenceTick: 7,4 ms 
[  1359,4s f61382] FRAME: 57,3 ms gc0+0 gc1+0 gc2+0
[  1359,5s f61384] InfluenceTick: 7,2 ms 
[  1359,6s f61385] FRAME: 59,0 ms gc0+0 gc1+0 gc2+0
[  1359,6s f61385] HutIncome: 16,4 ms huts 71
[  1359,6s f61386] FRAME: 62,5 ms gc0+0 gc1+0 gc2+0
[  1359,7s f61386] InfluenceTick: 7,4 ms 
[  1359,7s f61387] FRAME: 68,3 ms gc0+0 gc1+0 gc2+0
[  1359,7s f61387] AIThink: 10,5 ms brains 1
[  1359,7s f61388] FRAME: 51,0 ms gc0+0 gc1+0 gc2+0
[  1359,8s f61388] InfluenceTick: 7,0 ms 
[  1359,8s f61389] FRAME: 74,9 ms gc0+0 gc1+0 gc2+0
[  1359,9s f61390] InfluenceTick: 7,1 ms 
[  1359,9s f61391] FRAME: 59,5 ms gc0+0 gc1+0 gc2+0
[  1360,0s f61393] InfluenceTick: 8,2 ms 
[  1360,1s f61394] FRAME: 63,7 ms gc0+0 gc1+0 gc2+0
[  1360,1s f61395] InfluenceTick: 7,7 ms 
[  1360,1s f61395] AIThink: 10,1 ms brains 1
[  1360,2s f61396] FRAME: 92,1 ms gc0+1 gc1+1 gc2+1
[  1360,2s f61397] FRAME: 55,6 ms gc0+0 gc1+0 gc2+0
[  1360,3s f61397] InfluenceTick: 7,5 ms 
[  1360,3s f61398] FRAME: 56,4 ms gc0+0 gc1+0 gc2+0
[  1360,4s f61400] InfluenceTick: 6,9 ms 
[  1360,4s f61401] FRAME: 57,3 ms gc0+0 gc1+0 gc2+0
[  1360,5s f61402] InfluenceTick: 7,4 ms 
[  1360,5s f61403] FRAME: 58,5 ms gc0+0 gc1+0 gc2+0
[  1360,7s f61405] InfluenceTick: 8,3 ms 
[  1360,7s f61406] FRAME: 90,1 ms gc0+0 gc1+0 gc2+0
[  1360,8s f61407] InfluenceTick: 7,0 ms 
[  1360,8s f61408] FRAME: 66,2 ms gc0+0 gc1+0 gc2+0
[  1360,9s f61409] InfluenceTick: 7,4 ms 
[  1360,9s f61410] FRAME: 64,2 ms gc0+0 gc1+0 gc2+0
[  1361,0s f61411] InfluenceTick: 6,9 ms 
[  1361,0s f61412] FRAME: 59,6 ms gc0+0 gc1+0 gc2+0
[  1361,1s f61413] FRAME: 61,4 ms gc0+0 gc1+0 gc2+0
[  1361,1s f61413] InfluenceTick: 7,3 ms 
[  1361,2s f61414] FRAME: 70,2 ms gc0+0 gc1+0 gc2+0
[  1361,2s f61415] InfluenceTick: 7,2 ms 
[  1361,3s f61416] FRAME: 57,8 ms gc0+0 gc1+0 gc2+0
[  1361,4s f61418] InfluenceTick: 6,6 ms 
[  1361,4s f61419] FRAME: 51,9 ms gc0+0 gc1+0 gc2+0
[  1361,5s f61421] FRAME: 57,0 ms gc0+0 gc1+0 gc2+0
[  1361,5s f61421] InfluenceTick: 7,4 ms 
[  1361,6s f61422] FRAME: 59,4 ms gc0+0 gc1+0 gc2+0
[  1361,6s f61423] InfluenceTick: 7,4 ms 
[  1361,6s f61423] HutIncome: 15,3 ms huts 71
[  1361,7s f61424] FRAME: 81,5 ms gc0+0 gc1+0 gc2+0
[  1361,7s f61424] AIThink: 9,5 ms brains 1
[  1361,7s f61425] FRAME: 52,8 ms gc0+0 gc1+0 gc2+0
[  1361,8s f61425] InfluenceTick: 7,1 ms 
[  1361,8s f61426] FRAME: 60,0 ms gc0+0 gc1+0 gc2+0
[  1361,9s f61427] InfluenceTick: 7,5 ms 
[  1361,9s f61428] FRAME: 58,4 ms gc0+0 gc1+0 gc2+0
[  1361,9s f61429] FRAME: 56,6 ms gc0+0 gc1+0 gc2+0
[  1362,0s f61429] InfluenceTick: 7,3 ms 
[  1362,0s f61430] FRAME: 57,5 ms gc0+0 gc1+0 gc2+0
[  1362,0s f61430] AIThink: 10,5 ms brains 1
[  1362,1s f61431] InfluenceTick: 7,9 ms 
[  1362,1s f61432] FRAME: 65,3 ms gc0+0 gc1+0 gc2+0
[  1362,2s f61433] FRAME: 55,9 ms gc0+0 gc1+0 gc2+0
[  1362,2s f61433] InfluenceTick: 7,3 ms 
[  1362,2s f61434] FRAME: 67,9 ms gc0+0 gc1+0 gc2+0
[  1362,3s f61435] InfluenceTick: 7,0 ms 
[  1362,3s f61436] FRAME: 55,6 ms gc0+0 gc1+0 gc2+0
[  1362,4s f61437] FRAME: 51,5 ms gc0+0 gc1+0 gc2+0
[  1362,4s f61437] InfluenceTick: 7,0 ms 
[  1362,5s f61438] FRAME: 59,9 ms gc0+0 gc1+0 gc2+0
[  1362,6s f61440] InfluenceTick: 7,6 ms 
[  1362,6s f61441] FRAME: 61,1 ms gc0+0 gc1+0 gc2+0
[  1362,7s f61442] InfluenceTick: 7,8 ms 
[  1362,7s f61443] FRAME: 64,7 ms gc0+1 gc1+1 gc2+1
[  1362,8s f61444] InfluenceTick: 6,6 ms 
[  1362,8s f61445] FRAME: 76,3 ms gc0+0 gc1+0 gc2+0
[  1362,9s f61446] InfluenceTick: 7,0 ms 
[  1362,9s f61447] FRAME: 59,0 ms gc0+0 gc1+0 gc2+0
[  1363,0s f61449] InfluenceTick: 7,0 ms 
[  1363,1s f61450] FRAME: 56,1 ms gc0+0 gc1+0 gc2+0
[  1363,1s f61451] FRAME: 50,3 ms gc0+0 gc1+0 gc2+0
[  1363,1s f61451] InfluenceTick: 7,0 ms 
[  1363,2s f61452] FRAME: 58,0 ms gc0+0 gc1+0 gc2+0
[  1363,2s f61453] FRAME: 57,1 ms gc0+0 gc1+0 gc2+0
[  1363,3s f61453] InfluenceTick: 8,2 ms 
[  1363,3s f61454] FRAME: 64,3 ms gc0+0 gc1+0 gc2+0
[  1363,4s f61455] InfluenceTick: 7,2 ms 
[  1363,4s f61456] FRAME: 60,6 ms gc0+0 gc1+0 gc2+0
[  1363,5s f61458] InfluenceTick: 7,2 ms 
[  1363,5s f61459] FRAME: 60,3 ms gc0+0 gc1+0 gc2+0
[  1363,6s f61460] InfluenceTick: 7,7 ms 
[  1363,7s f61461] FRAME: 76,2 ms gc0+0 gc1+0 gc2+0
[  1363,7s f61461] HutIncome: 17,2 ms huts 71
[  1363,7s f61462] FRAME: 55,7 ms gc0+0 gc1+0 gc2+0
[  1363,7s f61462] InfluenceTick: 7,5 ms 
[  1363,8s f61463] FRAME: 58,0 ms gc0+0 gc1+0 gc2+0
[  1363,9s f61465] InfluenceTick: 7,4 ms 
[  1363,9s f61466] FRAME: 61,1 ms gc0+0 gc1+0 gc2+0
[  1363,9s f61466] AIThink: 10,1 ms brains 1
[  1364,0s f61467] FRAME: 54,1 ms gc0+0 gc1+0 gc2+0
[  1364,0s f61467] InfluenceTick: 7,1 ms 
[  1364,0s f61468] FRAME: 58,3 ms gc0+0 gc1+0 gc2+0
[  1364,1s f61469] FRAME: 59,9 ms gc0+0 gc1+0 gc2+0
[  1364,1s f61469] InfluenceTick: 6,8 ms 
[  1364,1s f61469] AIThink: 8,3 ms brains 1
[  1364,2s f61470] FRAME: 74,6 ms gc0+1 gc1+1 gc2+1
[  1364,2s f61470] AIThink: 10,0 ms brains 1
[  1364,2s f61471] InfluenceTick: 6,7 ms 
[  1364,3s f61472] FRAME: 52,6 ms gc0+0 gc1+0 gc2+0
[  1364,4s f61474] InfluenceTick: 7,3 ms 
[  1364,4s f61475] FRAME: 66,7 ms gc0+0 gc1+0 gc2+0
[  1364,5s f61476] InfluenceTick: 6,8 ms 
[  1364,5s f61477] FRAME: 69,4 ms gc0+0 gc1+0 gc2+0
[  1364,6s f61478] InfluenceTick: 7,0 ms 
[  1364,6s f61479] FRAME: 55,0 ms gc0+0 gc1+0 gc2+0
[  1364,6s f61479] AIThink: 10,6 ms brains 1
[  1364,7s f61480] InfluenceTick: 7,2 ms 
[  1364,7s f61481] FRAME: 61,4 ms gc0+0 gc1+0 gc2+0
[  1364,8s f61482] InfluenceTick: 8,3 ms 
[  1364,8s f61483] FRAME: 65,9 ms gc0+0 gc1+0 gc2+0
[  1364,9s f61484] InfluenceTick: 7,0 ms 
[  1364,9s f61485] FRAME: 75,2 ms gc0+0 gc1+0 gc2+0
[  1365,0s f61486] InfluenceTick: 7,2 ms 
[  1365,0s f61487] FRAME: 60,6 ms gc0+0 gc1+0 gc2+0
[  1365,1s f61488] InfluenceTick: 7,2 ms 
[  1365,2s f61489] FRAME: 72,5 ms gc0+1 gc1+1 gc2+1
[  1365,2s f61490] InfluenceTick: 8,0 ms 
[  1365,3s f61491] FRAME: 66,9 ms gc0+0 gc1+0 gc2+0
[  1365,3s f61492] FRAME: 58,2 ms gc0+0 gc1+0 gc2+0
[  1365,4s f61492] InfluenceTick: 6,6 ms 
[  1365,4s f61493] FRAME: 68,8 ms gc0+0 gc1+0 gc2+0
[  1365,5s f61494] FRAME: 55,5 ms gc0+0 gc1+0 gc2+0
[  1365,5s f61494] InfluenceTick: 6,4 ms 
[  1365,5s f61495] FRAME: 59,3 ms gc0+0 gc1+0 gc2+0
[  1365,6s f61496] InfluenceTick: 7,8 ms 
[  1365,6s f61497] FRAME: 64,5 ms gc0+0 gc1+0 gc2+0
[  1365,7s f61498] InfluenceTick: 7,8 ms 
[  1365,7s f61498] HutIncome: 16,5 ms huts 71
[  1365,7s f61499] FRAME: 77,6 ms gc0+0 gc1+0 gc2+0
[  1365,8s f61500] FRAME: 57,4 ms gc0+0 gc1+0 gc2+0
[  1365,8s f61500] InfluenceTick: 7,6 ms 
[  1365,9s f61501] FRAME: 60,4 ms gc0+0 gc1+0 gc2+0
[  1366,0s f61503] InfluenceTick: 6,8 ms 
[  1366,0s f61504] FRAME: 58,5 ms gc0+0 gc1+0 gc2+0
[  1366,0s f61504] AIThink: 10,3 ms brains 1
[  1366,1s f61505] FRAME: 54,2 ms gc0+0 gc1+0 gc2+0
[  1366,1s f61505] InfluenceTick: 7,5 ms 
[  1366,1s f61506] FRAME: 65,1 ms gc0+0 gc1+0 gc2+0
[  1366,2s f61507] FRAME: 53,4 ms gc0+0 gc1+0 gc2+0
[  1366,2s f61507] InfluenceTick: 7,0 ms 
[  1366,3s f61508] FRAME: 84,5 ms gc0+0 gc1+0 gc2+0
[  1366,3s f61509] InfluenceTick: 7,3 ms 
[  1366,4s f61510] FRAME: 61,3 ms gc0+1 gc1+1 gc2+1
[  1366,4s f61510] AIThink: 10,2 ms brains 1
[  1366,4s f61511] FRAME: 53,5 ms gc0+0 gc1+0 gc2+0
[  1366,4s f61511] InfluenceTick: 7,0 ms 
[  1366,5s f61512] FRAME: 58,4 ms gc0+0 gc1+0 gc2+0
[  1366,5s f61512] AIThink: 9,4 ms brains 1
[  1366,5s f61513] FRAME: 54,1 ms gc0+0 gc1+0 gc2+0
[  1366,6s f61513] InfluenceTick: 7,3 ms 
[  1366,6s f61514] FRAME: 64,1 ms gc0+0 gc1+0 gc2+0
[  1366,7s f61515] FRAME: 59,0 ms gc0+0 gc1+0 gc2+0
[  1366,7s f61515] InfluenceTick: 7,1 ms 
[  1366,7s f61516] FRAME: 62,5 ms gc0+0 gc1+0 gc2+0
[  1366,8s f61517] InfluenceTick: 6,9 ms 
[  1366,8s f61518] FRAME: 67,1 ms gc0+0 gc1+0 gc2+0
[  1366,9s f61519] InfluenceTick: 7,8 ms 
[  1366,9s f61520] FRAME: 62,7 ms gc0+0 gc1+0 gc2+0
[  1367,0s f61521] InfluenceTick: 7,4 ms 
[  1367,0s f61522] FRAME: 69,6 ms gc0+0 gc1+0 gc2+0
[  1367,1s f61523] FRAME: 52,8 ms gc0+0 gc1+0 gc2+0
[  1367,1s f61523] InfluenceTick: 7,5 ms 
[  1367,2s f61524] FRAME: 69,3 ms gc0+0 gc1+0 gc2+0
[  1367,2s f61525] FRAME: 50,3 ms gc0+0 gc1+0 gc2+0
[  1367,2s f61525] InfluenceTick: 7,1 ms 
[  1367,3s f61526] FRAME: 64,6 ms gc0+0 gc1+0 gc2+0
[  1367,4s f61527] InfluenceTick: 7,3 ms 
[  1367,4s f61528] FRAME: 61,3 ms gc0+0 gc1+0 gc2+0
[  1367,5s f61529] InfluenceTick: 7,0 ms 
[  1367,5s f61530] FRAME: 62,5 ms gc0+0 gc1+0 gc2+0
[  1367,6s f61531] FRAME: 66,2 ms gc0+0 gc1+0 gc2+0
[  1367,6s f61531] InfluenceTick: 7,4 ms 
[  1367,6s f61532] FRAME: 82,1 ms gc0+0 gc1+0 gc2+0
[  1367,7s f61533] FRAME: 57,5 ms gc0+1 gc1+1 gc2+1
[  1367,7s f61533] InfluenceTick: 6,8 ms 
[  1367,7s f61533] HutIncome: 14,5 ms huts 71
[  1367,8s f61534] FRAME: 76,8 ms gc0+0 gc1+0 gc2+0
[  1367,8s f61535] InfluenceTick: 6,8 ms 
[  1367,9s f61536] FRAME: 55,7 ms gc0+0 gc1+0 gc2+0
[  1368,0s f61537] InfluenceTick: 6,8 ms 
[  1368,0s f61538] FRAME: 71,5 ms gc0+0 gc1+0 gc2+0
[  1368,1s f61539] InfluenceTick: 8,5 ms 
[  1368,1s f61540] FRAME: 74,3 ms gc0+0 gc1+0 gc2+0
[  1368,1s f61540] AIThink: 11,5 ms brains 1
[  1368,2s f61541] FRAME: 67,3 ms gc0+0 gc1+0 gc2+0
[  1368,2s f61541] InfluenceTick: 7,8 ms 
[  1368,2s f61542] FRAME: 69,5 ms gc0+0 gc1+0 gc2+0
[  1368,3s f61543] InfluenceTick: 7,3 ms 
[  1368,4s f61544] FRAME: 59,5 ms gc0+0 gc1+0 gc2+0
[  1368,4s f61545] FRAME: 55,3 ms gc0+0 gc1+0 gc2+0
[  1368,4s f61545] InfluenceTick: 7,5 ms 
[  1368,5s f61546] FRAME: 69,0 ms gc0+0 gc1+0 gc2+0
[  1368,6s f61547] InfluenceTick: 7,8 ms 
[  1368,6s f61548] FRAME: 62,1 ms gc0+0 gc1+0 gc2+0
[  1368,6s f61549] FRAME: 52,1 ms gc0+0 gc1+0 gc2+0
[  1368,7s f61549] InfluenceTick: 7,1 ms 
[  1368,7s f61550] FRAME: 61,0 ms gc0+0 gc1+0 gc2+0
[  1368,8s f61551] InfluenceTick: 8,1 ms 
[  1368,8s f61552] FRAME: 62,0 ms gc0+0 gc1+0 gc2+0
[  1368,9s f61553] FRAME: 60,5 ms gc0+0 gc1+0 gc2+0
[  1368,9s f61553] InfluenceTick: 7,6 ms 
[  1368,9s f61553] AIThink: 9,8 ms brains 1
[  1368,9s f61554] FRAME: 73,5 ms gc0+0 gc1+0 gc2+0
[  1369,0s f61555] InfluenceTick: 7,5 ms 
[  1369,0s f61556] FRAME: 61,9 ms gc0+1 gc1+1 gc2+1
[  1369,1s f61557] InfluenceTick: 7,7 ms 
[  1369,2s f61558] FRAME: 83,2 ms gc0+0 gc1+0 gc2+0
[  1369,3s f61559] InfluenceTick: 6,9 ms 
[  1369,3s f61560] FRAME: 79,0 ms gc0+0 gc1+0 gc2+0
[  1369,4s f61561] InfluenceTick: 7,4 ms 
[  1369,4s f61562] FRAME: 66,1 ms gc0+0 gc1+0 gc2+0
[  1369,5s f61563] InfluenceTick: 7,5 ms 
[  1369,5s f61564] FRAME: 66,2 ms gc0+0 gc1+0 gc2+0
[  1369,6s f61565] InfluenceTick: 7,7 ms 
[  1369,6s f61566] FRAME: 63,7 ms gc0+0 gc1+0 gc2+0
[  1369,7s f61567] FRAME: 66,1 ms gc0+0 gc1+0 gc2+0
[  1369,7s f61567] InfluenceTick: 7,8 ms 
[  1369,8s f61568] FRAME: 66,6 ms gc0+0 gc1+0 gc2+0
[  1369,8s f61568] HutIncome: 17,7 ms huts 71
[  1369,8s f61569] FRAME: 60,1 ms gc0+0 gc1+0 gc2+0
[  1369,8s f61569] InfluenceTick: 7,7 ms 
[  1369,9s f61570] FRAME: 60,8 ms gc0+0 gc1+0 gc2+0
[  1369,9s f61571] InfluenceTick: 7,4 ms 
[  1370,0s f61572] FRAME: 61,7 ms gc0+0 gc1+0 gc2+0
[  1370,1s f61573] InfluenceTick: 7,4 ms 
[  1370,1s f61574] FRAME: 65,5 ms gc0+0 gc1+0 gc2+0
[  1370,2s f61575] FRAME: 72,6 ms gc0+1 gc1+1 gc2+1
[  1370,2s f61575] InfluenceTick: 6,5 ms 
[  1370,2s f61576] FRAME: 70,8 ms gc0+0 gc1+0 gc2+0
[  1370,3s f61576] AIThink: 12,2 ms brains 1
[  1370,3s f61577] FRAME: 60,4 ms gc0+0 gc1+0 gc2+0
[  1370,3s f61577] InfluenceTick: 7,5 ms 
[  1370,4s f61578] FRAME: 68,7 ms gc0+0 gc1+0 gc2+0
[  1370,4s f61579] InfluenceTick: 6,9 ms 
[  1370,5s f61580] FRAME: 58,6 ms gc0+0 gc1+0 gc2+0
[  1370,6s f61581] InfluenceTick: 7,5 ms 
[  1370,6s f61582] FRAME: 79,7 ms gc0+0 gc1+0 gc2+0
[  1370,7s f61583] InfluenceTick: 7,3 ms 
[  1370,7s f61584] FRAME: 60,2 ms gc0+0 gc1+0 gc2+0
[  1370,7s f61584] AIThink: 10,4 ms brains 1
[  1370,8s f61585] FRAME: 56,2 ms gc0+0 gc1+0 gc2+0
[  1370,8s f61585] InfluenceTick: 6,8 ms 
[  1370,8s f61586] FRAME: 60,5 ms gc0+0 gc1+0 gc2+0
[  1370,9s f61587] InfluenceTick: 7,6 ms 
[  1370,9s f61588] FRAME: 60,4 ms gc0+0 gc1+0 gc2+0
[  1371,0s f61589] FRAME: 57,5 ms gc0+0 gc1+0 gc2+0
[  1371,0s f61589] InfluenceTick: 7,4 ms 
[  1371,0s f61590] FRAME: 62,8 ms gc0+0 gc1+0 gc2+0
[  1371,1s f61591] InfluenceTick: 8,1 ms 
[  1371,2s f61592] FRAME: 71,5 ms gc0+0 gc1+0 gc2+0
[  1371,2s f61593] InfluenceTick: 7,1 ms 
[  1371,3s f61594] FRAME: 61,5 ms gc0+0 gc1+0 gc2+0
[  1371,3s f61594] AIThink: 10,1 ms brains 1
[  1371,3s f61595] FRAME: 58,2 ms gc0+0 gc1+0 gc2+0
[  1371,3s f61595] InfluenceTick: 7,1 ms 
[  1371,4s f61596] FRAME: 56,1 ms gc0+0 gc1+0 gc2+0
[  1371,4s f61597] FRAME: 53,6 ms gc0+0 gc1+0 gc2+0
[  1371,5s f61597] InfluenceTick: 6,9 ms 
[  1371,5s f61597] AIThink: 8,9 ms brains 1
[  1371,5s f61598] FRAME: 67,3 ms gc0+0 gc1+0 gc2+0
[  1371,6s f61599] InfluenceTick: 7,5 ms 
[  1371,6s f61600] FRAME: 60,9 ms gc0+0 gc1+0 gc2+0
[  1371,7s f61601] InfluenceTick: 6,9 ms 
[  1371,7s f61602] FRAME: 57,6 ms gc0+0 gc1+0 gc2+0
[  1371,8s f61603] InfluenceTick: 7,7 ms 
[  1371,8s f61604] FRAME: 65,3 ms gc0+0 gc1+0 gc2+0
[  1371,8s f61604] HutIncome: 16,2 ms huts 71
[  1371,9s f61605] FRAME: 82,3 ms gc0+0 gc1+0 gc2+0
[  1371,9s f61605] InfluenceTick: 7,6 ms 
[  1372,0s f61606] FRAME: 70,9 ms gc0+0 gc1+0 gc2+0
[  1372,0s f61607] FRAME: 52,0 ms gc0+0 gc1+0 gc2+0
[  1372,0s f61607] InfluenceTick: 6,8 ms 
[  1372,1s f61608] FRAME: 65,6 ms gc0+0 gc1+0 gc2+0
[  1372,1s f61609] FRAME: 54,1 ms gc0+0 gc1+0 gc2+0
[  1372,2s f61609] InfluenceTick: 6,7 ms 
[  1372,2s f61610] FRAME: 66,3 ms gc0+0 gc1+0 gc2+0
[  1372,3s f61611] InfluenceTick: 6,9 ms 
[  1372,3s f61612] FRAME: 74,0 ms gc0+0 gc1+0 gc2+0
[  1372,4s f61613] InfluenceTick: 7,5 ms 
[  1372,4s f61614] FRAME: 60,7 ms gc0+0 gc1+0 gc2+0
[  1372,5s f61615] InfluenceTick: 7,4 ms 
[  1372,5s f61616] FRAME: 62,4 ms gc0+0 gc1+0 gc2+0
[  1372,6s f61617] FRAME: 56,0 ms gc0+0 gc1+0 gc2+0
[  1372,6s f61617] InfluenceTick: 6,8 ms 
[  1372,7s f61618] FRAME: 72,9 ms gc0+0 gc1+0 gc2+0
[  1372,7s f61619] FRAME: 63,1 ms gc0+0 gc1+0 gc2+0
[  1372,7s f61619] InfluenceTick: 7,5 ms 
[  1372,8s f61620] FRAME: 67,4 ms gc0+1 gc1+1 gc2+1
[  1372,9s f61621] InfluenceTick: 7,4 ms 
[  1372,9s f61622] FRAME: 68,1 ms gc0+0 gc1+0 gc2+0
[  1373,0s f61623] InfluenceTick: 7,1 ms 
[  1373,0s f61624] FRAME: 64,6 ms gc0+0 gc1+0 gc2+0
[  1373,1s f61625] InfluenceTick: 7,3 ms 
[  1373,1s f61626] FRAME: 58,7 ms gc0+0 gc1+0 gc2+0
[  1373,2s f61627] FRAME: 70,6 ms gc0+0 gc1+0 gc2+0
[  1373,2s f61627] InfluenceTick: 6,7 ms 
[  1373,2s f61628] FRAME: 66,0 ms gc0+0 gc1+0 gc2+0
[  1373,3s f61629] InfluenceTick: 7,4 ms 
[  1373,3s f61630] FRAME: 58,2 ms gc0+0 gc1+0 gc2+0
[  1373,4s f61631] FRAME: 52,1 ms gc0+0 gc1+0 gc2+0
[  1373,4s f61631] InfluenceTick: 6,9 ms 
[  1373,5s f61632] FRAME: 62,7 ms gc0+0 gc1+0 gc2+0
[  1373,5s f61633] FRAME: 56,9 ms gc0+0 gc1+0 gc2+0
[  1373,6s f61633] InfluenceTick: 6,7 ms 
[  1373,6s f61634] FRAME: 87,5 ms gc0+0 gc1+0 gc2+0
[  1373,7s f61635] InfluenceTick: 8,4 ms 
[  1373,7s f61635] AIThink: 9,4 ms brains 1
[  1373,7s f61636] FRAME: 76,0 ms gc0+0 gc1+0 gc2+0
[  1373,8s f61637] FRAME: 54,2 ms gc0+0 gc1+0 gc2+0
[  1373,8s f61637] InfluenceTick: 8,2 ms 
[  1373,8s f61638] FRAME: 67,1 ms gc0+0 gc1+0 gc2+0
[  1373,9s f61638] HutIncome: 20,1 ms huts 71
[  1373,9s f61639] FRAME: 67,1 ms gc0+0 gc1+0 gc2+0
[  1373,9s f61639] InfluenceTick: 6,9 ms 
[  1374,0s f61640] FRAME: 67,9 ms gc0+0 gc1+0 gc2+0
[  1374,0s f61641] FRAME: 67,5 ms gc0+1 gc1+1 gc2+1
[  1374,1s f61641] InfluenceTick: 8,0 ms 
[  1374,1s f61642] FRAME: 68,8 ms gc0+0 gc1+0 gc2+0
[  1374,2s f61643] InfluenceTick: 7,1 ms 
[  1374,2s f61644] FRAME: 63,0 ms gc0+0 gc1+0 gc2+0
[  1374,3s f61645] InfluenceTick: 7,3 ms 
[  1374,3s f61646] FRAME: 59,8 ms gc0+0 gc1+0 gc2+0
[  1374,4s f61647] InfluenceTick: 6,9 ms 
[  1374,4s f61648] FRAME: 60,6 ms gc0+0 gc1+0 gc2+0
[  1374,5s f61649] FRAME: 63,3 ms gc0+0 gc1+0 gc2+0
[  1374,5s f61649] InfluenceTick: 6,7 ms 
[  1374,5s f61650] FRAME: 61,1 ms gc0+0 gc1+0 gc2+0
[  1374,6s f61651] InfluenceTick: 6,7 ms 
[  1374,7s f61652] FRAME: 67,8 ms gc0+0 gc1+0 gc2+0
[  1374,7s f61653] InfluenceTick: 7,0 ms 
[  1374,8s f61654] FRAME: 64,2 ms gc0+0 gc1+0 gc2+0
[  1374,8s f61655] FRAME: 51,2 ms gc0+0 gc1+0 gc2+0
[  1374,8s f61655] InfluenceTick: 6,6 ms 
[  1374,9s f61656] FRAME: 66,3 ms gc0+1 gc1+1 gc2+1
[  1374,9s f61657] FRAME: 55,1 ms gc0+0 gc1+0 gc2+0
[  1375,0s f61657] InfluenceTick: 6,7 ms 
[  1375,0s f61658] FRAME: 61,1 ms gc0+0 gc1+0 gc2+0
[  1375,1s f61659] InfluenceTick: 6,9 ms 
[  1375,1s f61660] FRAME: 62,8 ms gc0+0 gc1+0 gc2+0
[  1375,2s f61661] InfluenceTick: 6,8 ms 
[  1375,2s f61662] FRAME: 65,4 ms gc0+0 gc1+0 gc2+0
[  1375,3s f61663] InfluenceTick: 6,9 ms 
[  1375,3s f61664] FRAME: 63,2 ms gc0+0 gc1+0 gc2+0
[  1375,4s f61665] FRAME: 54,4 ms gc0+0 gc1+0 gc2+0
[  1375,4s f61665] InfluenceTick: 6,7 ms 
[  1375,4s f61666] FRAME: 62,0 ms gc0+0 gc1+0 gc2+0
[  1375,5s f61667] InfluenceTick: 6,6 ms 
[  1375,5s f61668] FRAME: 58,9 ms gc0+0 gc1+0 gc2+0
[  1375,7s f61670] InfluenceTick: 7,0 ms 
[  1375,7s f61671] FRAME: 58,7 ms gc0+0 gc1+0 gc2+0
[  1375,8s f61673] InfluenceTick: 7,5 ms 
[  1375,8s f61674] FRAME: 81,6 ms gc0+0 gc1+0 gc2+0
[  1375,9s f61674] HutIncome: 17,4 ms huts 71
[  1375,9s f61675] FRAME: 64,2 ms gc0+0 gc1+0 gc2+0
[  1375,9s f61675] InfluenceTick: 6,6 ms 
[  1376,0s f61676] FRAME: 57,1 ms gc0+0 gc1+0 gc2+0
[  1376,0s f61676] AIThink: 10,7 ms brains 1
[  1376,0s f61677] FRAME: 53,1 ms gc0+0 gc1+0 gc2+0
[  1376,0s f61677] InfluenceTick: 6,5 ms 
[  1376,1s f61677] AIThink: 12,3 ms brains 1
[  1376,1s f61678] FRAME: 81,3 ms gc0+0 gc1+0 gc2+0
[  1376,2s f61679] FRAME: 54,8 ms gc0+1 gc1+1 gc2+1
[  1376,2s f61679] InfluenceTick: 6,3 ms 
[  1376,2s f61680] FRAME: 64,8 ms gc0+0 gc1+0 gc2+0
[  1376,3s f61681] FRAME: 55,1 ms gc0+0 gc1+0 gc2+0
[  1376,3s f61681] InfluenceTick: 8,4 ms 
[  1376,3s f61682] FRAME: 69,6 ms gc0+0 gc1+0 gc2+0
[  1376,4s f61683] InfluenceTick: 7,2 ms 
[  1376,4s f61684] FRAME: 63,7 ms gc0+0 gc1+0 gc2+0
[  1376,5s f61685] InfluenceTick: 6,8 ms 
[  1376,6s f61686] FRAME: 57,1 ms gc0+0 gc1+0 gc2+0
[  1376,6s f61686] AIThink: 10,3 ms brains 1
[  1376,6s f61687] FRAME: 58,3 ms gc0+0 gc1+0 gc2+0
[  1376,6s f61687] InfluenceTick: 7,0 ms 
[  1376,7s f61688] FRAME: 60,9 ms gc0+0 gc1+0 gc2+0
[  1376,7s f61689] FRAME: 55,3 ms gc0+0 gc1+0 gc2+0
[  1376,8s f61689] InfluenceTick: 6,7 ms 
[  1376,8s f61690] FRAME: 62,4 ms gc0+0 gc1+0 gc2+0
[  1376,9s f61691] InfluenceTick: 6,9 ms 
[  1376,9s f61692] FRAME: 57,4 ms gc0+0 gc1+0 gc2+0
[  1377,0s f61694] FRAME: 53,4 ms gc0+0 gc1+0 gc2+0
[  1377,0s f61694] InfluenceTick: 6,5 ms 
[  1377,1s f61695] FRAME: 63,5 ms gc0+0 gc1+0 gc2+0
[  1377,1s f61696] InfluenceTick: 6,7 ms 
[  1377,2s f61697] FRAME: 79,9 ms gc0+0 gc1+0 gc2+0
[  1377,3s f61698] InfluenceTick: 7,4 ms 
[  1377,3s f61699] FRAME: 66,7 ms gc0+0 gc1+0 gc2+0
[  1377,4s f61700] InfluenceTick: 7,0 ms 
[  1377,4s f61701] FRAME: 61,4 ms gc0+0 gc1+0 gc2+0
[  1377,5s f61702] FRAME: 50,8 ms gc0+0 gc1+0 gc2+0
[  1377,5s f61702] InfluenceTick: 6,4 ms 
[  1377,5s f61703] FRAME: 66,9 ms gc0+0 gc1+0 gc2+0
[  1377,6s f61704] FRAME: 61,9 ms gc0+0 gc1+0 gc2+0
[  1377,6s f61704] InfluenceTick: 6,9 ms 
[  1377,6s f61705] FRAME: 66,1 ms gc0+0 gc1+0 gc2+0
[  1377,7s f61706] InfluenceTick: 7,0 ms 
[  1377,8s f61707] FRAME: 63,4 ms gc0+0 gc1+0 gc2+0
[  1377,8s f61708] InfluenceTick: 6,5 ms 
[  1377,8s f61709] FRAME: 57,7 ms gc0+0 gc1+0 gc2+0
[  1377,9s f61709] HutIncome: 15,3 ms huts 71
[  1377,9s f61710] FRAME: 53,4 ms gc0+0 gc1+0 gc2+0
[  1377,9s f61710] InfluenceTick: 7,8 ms 
[  1378,0s f61711] FRAME: 65,7 ms gc0+0 gc1+0 gc2+0
[  1378,0s f61712] FRAME: 59,8 ms gc0+0 gc1+0 gc2+0
[  1378,1s f61712] InfluenceTick: 6,7 ms 
[  1378,1s f61713] FRAME: 69,7 ms gc0+0 gc1+0 gc2+0
[  1378,2s f61714] FRAME: 60,9 ms gc0+0 gc1+0 gc2+0
[  1378,2s f61714] InfluenceTick: 6,5 ms 
[  1378,2s f61715] FRAME: 60,3 ms gc0+0 gc1+0 gc2+0
[  1378,3s f61716] InfluenceTick: 7,2 ms 
[  1378,3s f61717] FRAME: 62,8 ms gc0+0 gc1+0 gc2+0
[  1378,4s f61718] InfluenceTick: 6,2 ms 
[  1378,4s f61719] FRAME: 74,8 ms gc0+0 gc1+0 gc2+0
[  1378,5s f61719] AIThink: 9,3 ms brains 1
[  1378,5s f61720] FRAME: 56,5 ms gc0+0 gc1+0 gc2+0
[  1378,5s f61720] InfluenceTick: 6,5 ms 
[  1378,6s f61721] FRAME: 59,3 ms gc0+0 gc1+0 gc2+0
[  1378,6s f61722] InfluenceTick: 6,7 ms 
[  1378,7s f61723] FRAME: 70,3 ms gc0+0 gc1+0 gc2+0
[  1378,7s f61723] AIThink: 10,8 ms brains 1
[  1378,7s f61724] FRAME: 57,9 ms gc0+1 gc1+1 gc2+1
[  1378,8s f61724] InfluenceTick: 7,5 ms 
[  1378,8s f61725] FRAME: 75,8 ms gc0+0 gc1+0 gc2+0
[  1378,9s f61726] FRAME: 66,3 ms gc0+0 gc1+0 gc2+0
[  1378,9s f61726] InfluenceTick: 7,0 ms 
[  1378,9s f61727] FRAME: 63,9 ms gc0+0 gc1+0 gc2+0
[  1379,0s f61728] InfluenceTick: 6,6 ms 
[  1379,0s f61729] FRAME: 61,6 ms gc0+0 gc1+0 gc2+0
[  1379,1s f61730] InfluenceTick: 6,9 ms 
[  1379,2s f61731] FRAME: 71,1 ms gc0+0 gc1+0 gc2+0
[  1379,2s f61732] FRAME: 53,9 ms gc0+0 gc1+0 gc2+0
[  1379,3s f61732] InfluenceTick: 7,1 ms 
[  1379,3s f61733] FRAME: 83,9 ms gc0+0 gc1+0 gc2+0
[  1379,4s f61734] InfluenceTick: 7,0 ms 
[  1379,4s f61735] FRAME: 63,4 ms gc0+0 gc1+0 gc2+0
[  1379,5s f61736] InfluenceTick: 7,5 ms 
[  1379,5s f61737] FRAME: 64,0 ms gc0+0 gc1+0 gc2+0
[  1379,6s f61738] InfluenceTick: 7,0 ms 
[  1379,6s f61739] FRAME: 61,1 ms gc0+0 gc1+0 gc2+0
[  1379,7s f61740] InfluenceTick: 6,8 ms 
[  1379,7s f61741] FRAME: 84,6 ms gc0+0 gc1+0 gc2+0
[  1379,8s f61742] FRAME: 53,9 ms gc0+0 gc1+0 gc2+0
[  1379,8s f61742] InfluenceTick: 6,3 ms 
[  1379,9s f61743] FRAME: 68,1 ms gc0+1 gc1+1 gc2+1
[  1379,9s f61743] HutIncome: 17,7 ms huts 71
[  1379,9s f61744] FRAME: 63,6 ms gc0+0 gc1+0 gc2+0
[  1379,9s f61744] InfluenceTick: 6,9 ms 
[  1380,0s f61745] FRAME: 65,9 ms gc0+0 gc1+0 gc2+0
[  1380,0s f61746] InfluenceTick: 6,8 ms 
[  1380,1s f61747] FRAME: 62,3 ms gc0+0 gc1+0 gc2+0
[  1380,1s f61748] FRAME: 64,9 ms gc0+0 gc1+0 gc2+0
[  1380,2s f61748] InfluenceTick: 6,9 ms 
[  1380,2s f61749] FRAME: 62,5 ms gc0+0 gc1+0 gc2+0
[  1380,3s f61750] InfluenceTick: 6,6 ms 
[  1380,3s f61751] FRAME: 65,6 ms gc0+0 gc1+0 gc2+0
[  1380,4s f61752] InfluenceTick: 7,2 ms 
[  1380,4s f61753] FRAME: 62,6 ms gc0+0 gc1+0 gc2+0
[  1380,5s f61754] InfluenceTick: 6,7 ms 
[  1380,5s f61755] FRAME: 61,3 ms gc0+0 gc1+0 gc2+0
[  1380,6s f61756] FRAME: 60,1 ms gc0+0 gc1+0 gc2+0
[  1380,6s f61756] InfluenceTick: 7,4 ms 
[  1380,6s f61757] FRAME: 62,8 ms gc0+0 gc1+0 gc2+0
[  1380,7s f61759] InfluenceTick: 7,0 ms 
[  1380,8s f61760] FRAME: 64,0 ms gc0+0 gc1+0 gc2+0
[  1380,8s f61760] AIThink: 10,4 ms brains 1
[  1380,8s f61761] FRAME: 59,1 ms gc0+0 gc1+0 gc2+0
[  1380,9s f61761] InfluenceTick: 6,8 ms 
[  1380,9s f61761] AIThink: 9,3 ms brains 1
[  1380,9s f61762] FRAME: 73,9 ms gc0+0 gc1+0 gc2+0
[  1381,0s f61763] InfluenceTick: 7,0 ms 
[  1381,1s f61764] FRAME: 89,5 ms gc0+1 gc1+1 gc2+1
[  1381,1s f61765] InfluenceTick: 7,3 ms 
[  1381,2s f61766] FRAME: 69,1 ms gc0+0 gc1+0 gc2+0
[  1381,2s f61767] InfluenceTick: 7,6 ms 
[  1381,3s f61768] FRAME: 61,5 ms gc0+0 gc1+0 gc2+0
[  1381,3s f61769] InfluenceTick: 7,3 ms 
[  1381,4s f61770] FRAME: 78,4 ms gc0+0 gc1+0 gc2+0
[  1381,5s f61771] FRAME: 61,2 ms gc0+0 gc1+0 gc2+0
[  1381,5s f61771] InfluenceTick: 7,5 ms 
[  1381,5s f61772] FRAME: 64,5 ms gc0+0 gc1+0 gc2+0
[  1381,6s f61773] InfluenceTick: 7,5 ms 
[  1381,6s f61774] FRAME: 60,8 ms gc0+0 gc1+0 gc2+0
[  1381,7s f61776] InfluenceTick: 7,5 ms 
[  1381,8s f61777] FRAME: 63,4 ms gc0+0 gc1+0 gc2+0
[  1381,9s f61778] InfluenceTick: 7,2 ms 
[  1381,9s f61779] FRAME: 80,8 ms gc0+0 gc1+0 gc2+0
[  1381,9s f61779] HutIncome: 17,0 ms huts 71
[  1382,0s f61780] FRAME: 64,1 ms gc0+0 gc1+0 gc2+0
[  1382,0s f61780] InfluenceTick: 6,8 ms 
[  1382,0s f61781] FRAME: 61,9 ms gc0+0 gc1+0 gc2+0
[  1382,1s f61782] FRAME: 56,4 ms gc0+0 gc1+0 gc2+0
[  1382,1s f61782] InfluenceTick: 7,2 ms 
[  1382,2s f61783] FRAME: 78,5 ms gc0+0 gc1+0 gc2+0
[  1382,2s f61784] InfluenceTick: 6,2 ms 
[  1382,3s f61785] FRAME: 59,2 ms gc0+1 gc1+1 gc2+1
[  1382,3s f61786] FRAME: 61,0 ms gc0+0 gc1+0 gc2+0
[  1382,3s f61786] InfluenceTick: 7,2 ms 
[  1382,4s f61787] FRAME: 65,8 ms gc0+0 gc1+0 gc2+0
[  1382,5s f61788] InfluenceTick: 7,1 ms 
[  1382,5s f61789] FRAME: 63,6 ms gc0+0 gc1+0 gc2+0
[  1382,6s f61790] InfluenceTick: 6,5 ms 
[  1382,6s f61791] FRAME: 52,1 ms gc0+0 gc1+0 gc2+0
[  1382,7s f61793] InfluenceTick: 6,2 ms 
[  1382,8s f61794] FRAME: 71,9 ms gc0+0 gc1+0 gc2+0
[  1382,8s f61794] AIThink: 11,0 ms brains 1
[  1382,8s f61795] FRAME: 67,3 ms gc0+0 gc1+0 gc2+0
[  1382,8s f61795] InfluenceTick: 6,5 ms 
[  1382,9s f61796] FRAME: 64,0 ms gc0+0 gc1+0 gc2+0
[  1382,9s f61797] InfluenceTick: 6,6 ms 
[  1383,0s f61798] FRAME: 58,6 ms gc0+0 gc1+0 gc2+0
[  1383,1s f61799] InfluenceTick: 6,4 ms 
[  1383,1s f61800] FRAME: 56,7 ms gc0+0 gc1+0 gc2+0
[  1383,2s f61801] FRAME: 75,2 ms gc0+0 gc1+0 gc2+0
[  1383,2s f61801] InfluenceTick: 7,0 ms 
[  1383,2s f61802] FRAME: 62,6 ms gc0+0 gc1+0 gc2+0
[  1383,3s f61802] AIThink: 9,8 ms brains 1
[  1383,3s f61803] FRAME: 57,4 ms gc0+0 gc1+0 gc2+0
[  1383,3s f61803] InfluenceTick: 6,7 ms 
[  1383,3s f61804] FRAME: 59,4 ms gc0+0 gc1+0 gc2+0
[  1383,4s f61805] InfluenceTick: 7,5 ms 
[  1383,5s f61806] FRAME: 65,2 ms gc0+0 gc1+0 gc2+0
[  1383,5s f61807] FRAME: 51,9 ms gc0+1 gc1+1 gc2+1
[  1383,5s f61807] InfluenceTick: 6,6 ms 
[  1383,6s f61808] FRAME: 79,4 ms gc0+0 gc1+0 gc2+0
[  1383,7s f61809] InfluenceTick: 7,2 ms 
[  1383,7s f61810] FRAME: 61,3 ms gc0+0 gc1+0 gc2+0
[  1383,8s f61811] InfluenceTick: 6,8 ms 
[  1383,8s f61812] FRAME: 55,2 ms gc0+0 gc1+0 gc2+0
[  1383,9s f61814] InfluenceTick: 7,3 ms 
[  1383,9s f61815] FRAME: 61,6 ms gc0+0 gc1+0 gc2+0
[  1384,0s f61815] HutIncome: 16,0 ms huts 71
[  1384,0s f61816] FRAME: 85,8 ms gc0+0 gc1+0 gc2+0
[  1384,0s f61816] InfluenceTick: 6,2 ms 
[  1384,1s f61817] FRAME: 64,6 ms gc0+0 gc1+0 gc2+0
[  1384,1s f61818] FRAME: 50,1 ms gc0+0 gc1+0 gc2+0
[  1384,2s f61818] InfluenceTick: 6,9 ms 
[  1384,2s f61819] FRAME: 58,6 ms gc0+0 gc1+0 gc2+0
[  1384,3s f61820] InfluenceTick: 7,1 ms 
[  1384,3s f61821] FRAME: 62,6 ms gc0+0 gc1+0 gc2+0
[  1384,4s f61822] FRAME: 52,2 ms gc0+0 gc1+0 gc2+0
[  1384,4s f61822] InfluenceTick: 7,5 ms 
[  1384,4s f61823] FRAME: 80,9 ms gc0+0 gc1+0 gc2+0
[  1384,5s f61824] InfluenceTick: 6,9 ms 
[  1384,5s f61825] FRAME: 64,4 ms gc0+0 gc1+0 gc2+0
[  1384,6s f61826] FRAME: 54,2 ms gc0+0 gc1+0 gc2+0
[  1384,6s f61826] InfluenceTick: 7,0 ms 
[  1384,7s f61827] FRAME: 56,2 ms gc0+0 gc1+0 gc2+0
[  1384,8s f61829] InfluenceTick: 6,6 ms 
[  1384,8s f61830] FRAME: 63,7 ms gc0+1 gc1+1 gc2+1
[  1384,9s f61831] FRAME: 73,0 ms gc0+0 gc1+0 gc2+0
[  1384,9s f61831] InfluenceTick: 6,3 ms 
[  1384,9s f61832] FRAME: 63,2 ms gc0+0 gc1+0 gc2+0
[  1385,0s f61833] InfluenceTick: 7,7 ms 
[  1385,0s f61833] AIThink: 20,3 ms brains 2
[  1385,1s f61834] FRAME: 84,8 ms gc0+0 gc1+0 gc2+0
[  1385,1s f61835] InfluenceTick: 6,8 ms 
[  1385,2s f61836] FRAME: 68,4 ms gc0+0 gc1+0 gc2+0
[  1385,3s f61837] InfluenceTick: 6,5 ms 
[  1385,3s f61838] FRAME: 75,0 ms gc0+0 gc1+0 gc2+0
[  1385,4s f61839] InfluenceTick: 6,4 ms 
[  1385,4s f61840] FRAME: 54,0 ms gc0+0 gc1+0 gc2+0
[  1385,5s f61841] InfluenceTick: 7,4 ms 
[  1385,5s f61842] FRAME: 58,4 ms gc0+0 gc1+0 gc2+0
[  1385,6s f61843] InfluenceTick: 7,8 ms 
[  1385,6s f61844] FRAME: 67,3 ms gc0+1 gc1+1 gc2+1
[  1385,6s f61844] AIThink: 9,5 ms brains 1
[  1385,7s f61845] FRAME: 58,2 ms gc0+0 gc1+0 gc2+0
[  1385,7s f61845] InfluenceTick: 7,0 ms 
[  1385,7s f61846] FRAME: 76,0 ms gc0+0 gc1+0 gc2+0
[  1385,8s f61847] InfluenceTick: 6,8 ms 
[  1385,8s f61848] FRAME: 58,6 ms gc0+0 gc1+0 gc2+0
[  1385,9s f61849] InfluenceTick: 7,0 ms 
[  1385,9s f61850] FRAME: 54,0 ms gc0+0 gc1+0 gc2+0
[  1386,0s f61850] HutIncome: 16,6 ms huts 71
[  1386,0s f61851] FRAME: 61,7 ms gc0+0 gc1+0 gc2+0
[  1386,0s f61851] InfluenceTick: 6,6 ms 
[  1386,1s f61852] FRAME: 66,7 ms gc0+0 gc1+0 gc2+0
[  1386,1s f61853] FRAME: 68,3 ms gc0+0 gc1+0 gc2+0
[  1386,2s f61853] InfluenceTick: 6,8 ms 
[  1386,2s f61854] FRAME: 65,7 ms gc0+0 gc1+0 gc2+0
[  1386,3s f61855] InfluenceTick: 6,7 ms 
[  1386,3s f61856] FRAME: 55,5 ms gc0+0 gc1+0 gc2+0
[  1386,4s f61858] InfluenceTick: 6,6 ms 
[  1386,4s f61859] FRAME: 56,4 ms gc0+0 gc1+0 gc2+0
[  1386,5s f61860] InfluenceTick: 6,9 ms 
[  1386,6s f61861] FRAME: 76,1 ms gc0+0 gc1+0 gc2+0
[  1386,6s f61862] InfluenceTick: 6,7 ms 
[  1386,7s f61863] FRAME: 62,6 ms gc0+0 gc1+0 gc2+0
[  1386,7s f61864] InfluenceTick: 6,8 ms 
[  1386,8s f61865] FRAME: 63,2 ms gc0+0 gc1+0 gc2+0
[  1386,9s f61866] InfluenceTick: 6,5 ms 
[  1386,9s f61867] FRAME: 61,4 ms gc0+0 gc1+0 gc2+0
[  1387,0s f61868] FRAME: 65,7 ms gc0+1 gc1+1 gc2+1
[  1387,0s f61868] InfluenceTick: 6,5 ms 
[  1387,0s f61869] FRAME: 57,4 ms gc0+0 gc1+0 gc2+0
[  1387,1s f61870] FRAME: 62,7 ms gc0+0 gc1+0 gc2+0
[  1387,1s f61870] InfluenceTick: 6,8 ms 
[  1387,2s f61871] FRAME: 80,6 ms gc0+0 gc1+0 gc2+0
[  1387,2s f61872] FRAME: 50,1 ms gc0+0 gc1+0 gc2+0
[  1387,2s f61872] InfluenceTick: 7,4 ms 
[  1387,3s f61872] AIThink: 11,3 ms brains 1
[  1387,3s f61873] FRAME: 82,7 ms gc0+0 gc1+0 gc2+0
[  1387,4s f61874] InfluenceTick: 7,3 ms 
[  1387,4s f61875] FRAME: 79,1 ms gc0+0 gc1+0 gc2+0
[  1387,5s f61876] FRAME: 51,2 ms gc0+0 gc1+0 gc2+0
[  1387,5s f61876] InfluenceTick: 7,5 ms 
[  1387,5s f61877] FRAME: 62,9 ms gc0+0 gc1+0 gc2+0
[  1387,6s f61878] InfluenceTick: 6,3 ms 
[  1387,6s f61879] FRAME: 57,4 ms gc0+0 gc1+0 gc2+0
[  1387,7s f61881] InfluenceTick: 6,6 ms 
[  1387,8s f61882] FRAME: 62,8 ms gc0+0 gc1+0 gc2+0
[  1387,8s f61883] FRAME: 65,1 ms gc0+0 gc1+0 gc2+0
[  1387,9s f61883] InfluenceTick: 6,6 ms 
[  1387,9s f61884] FRAME: 56,6 ms gc0+0 gc1+0 gc2+0
[  1388,0s f61886] InfluenceTick: 6,6 ms 
[  1388,0s f61886] HutIncome: 14,5 ms huts 71
[  1388,1s f61887] FRAME: 82,1 ms gc0+0 gc1+0 gc2+0
[  1388,1s f61887] AIThink: 9,3 ms brains 1
[  1388,1s f61888] FRAME: 74,2 ms gc0+1 gc1+1 gc2+1
[  1388,2s f61888] InfluenceTick: 6,9 ms 
[  1388,2s f61889] FRAME: 71,9 ms gc0+0 gc1+0 gc2+0
[  1388,3s f61890] FRAME: 76,5 ms gc0+0 gc1+0 gc2+0
[  1388,3s f61890] InfluenceTick: 7,0 ms 
[  1388,3s f61891] FRAME: 66,0 ms gc0+0 gc1+0 gc2+0
[  1388,4s f61892] InfluenceTick: 6,8 ms 
[  1388,5s f61893] FRAME: 58,8 ms gc0+0 gc1+0 gc2+0
[  1388,5s f61894] InfluenceTick: 7,3 ms 
[  1388,6s f61895] FRAME: 61,1 ms gc0+0 gc1+0 gc2+0
[  1388,6s f61896] FRAME: 58,7 ms gc0+0 gc1+0 gc2+0
[  1388,7s f61896] InfluenceTick: 6,6 ms 
[  1388,7s f61897] FRAME: 79,9 ms gc0+0 gc1+0 gc2+0
[  1388,8s f61898] InfluenceTick: 6,6 ms 
[  1388,8s f61899] FRAME: 54,3 ms gc0+0 gc1+0 gc2+0
[  1388,9s f61901] InfluenceTick: 7,3 ms 
[  1388,9s f61902] FRAME: 59,7 ms gc0+0 gc1+0 gc2+0
[  1389,0s f61903] InfluenceTick: 7,3 ms 
[  1389,0s f61904] FRAME: 62,8 ms gc0+0 gc1+0 gc2+0
[  1389,1s f61905] FRAME: 58,9 ms gc0+0 gc1+0 gc2+0
[  1389,1s f61905] InfluenceTick: 6,6 ms 
[  1389,2s f61906] FRAME: 67,2 ms gc0+0 gc1+0 gc2+0
[  1389,2s f61906] AIThink: 9,7 ms brains 1
[  1389,2s f61907] FRAME: 67,6 ms gc0+0 gc1+0 gc2+0
[  1389,3s f61907] InfluenceTick: 6,8 ms 
[  1389,3s f61908] FRAME: 65,2 ms gc0+1 gc1+1 gc2+1
[  1389,3s f61909] FRAME: 50,3 ms gc0+0 gc1+0 gc2+0
[  1389,4s f61909] InfluenceTick: 7,0 ms 
[  1389,4s f61910] FRAME: 62,9 ms gc0+0 gc1+0 gc2+0
[  1389,5s f61911] InfluenceTick: 7,3 ms 
[  1389,5s f61911] AIThink: 10,6 ms brains 1
[  1389,5s f61912] FRAME: 86,0 ms gc0+0 gc1+0 gc2+0
[  1389,6s f61913] InfluenceTick: 7,0 ms 
[  1389,6s f61914] FRAME: 56,9 ms gc0+0 gc1+0 gc2+0
[  1389,7s f61916] InfluenceTick: 6,8 ms 
[  1389,8s f61917] FRAME: 57,4 ms gc0+0 gc1+0 gc2+0
[  1389,9s f61919] InfluenceTick: 7,2 ms 
[  1389,9s f61920] FRAME: 71,6 ms gc0+0 gc1+0 gc2+0
[  1390,0s f61921] InfluenceTick: 7,1 ms 
[  1390,0s f61921] HutIncome: 14,9 ms huts 71
[  1390,1s f61922] FRAME: 77,4 ms gc0+0 gc1+0 gc2+0
[  1390,1s f61923] FRAME: 59,6 ms gc0+0 gc1+0 gc2+0
[  1390,1s f61923] InfluenceTick: 6,4 ms 
[  1390,2s f61924] FRAME: 68,7 ms gc0+1 gc1+1 gc2+1
[  1390,3s f61925] InfluenceTick: 7,3 ms 
[  1390,3s f61926] FRAME: 62,2 ms gc0+0 gc1+0 gc2+0
[  1390,4s f61927] FRAME: 57,1 ms gc0+0 gc1+0 gc2+0
[  1390,4s f61927] InfluenceTick: 7,2 ms 
[  1390,4s f61927] AIThink: 10,1 ms brains 1
[  1390,4s f61928] FRAME: 84,3 ms gc0+0 gc1+0 gc2+0
[  1390,5s f61928] AIThink: 8,9 ms brains 1
[  1390,5s f61929] FRAME: 59,4 ms gc0+0 gc1+0 gc2+0
[  1390,5s f61929] InfluenceTick: 6,9 ms 
[  1390,6s f61930] FRAME: 59,5 ms gc0+0 gc1+0 gc2+0
[  1390,6s f61931] InfluenceTick: 6,8 ms 
[  1390,7s f61932] FRAME: 62,4 ms gc0+0 gc1+0 gc2+0
[  1390,8s f61933] InfluenceTick: 6,7 ms 
[  1390,8s f61934] FRAME: 70,3 ms gc0+0 gc1+0 gc2+0
[  1390,9s f61935] InfluenceTick: 6,5 ms 
[  1390,9s f61936] FRAME: 54,7 ms gc0+0 gc1+0 gc2+0
[  1391,0s f61938] InfluenceTick: 7,3 ms 
[  1391,0s f61939] FRAME: 56,2 ms gc0+0 gc1+0 gc2+0
[  1391,1s f61941] FRAME: 50,6 ms gc0+0 gc1+0 gc2+0
[  1391,2s f61941] InfluenceTick: 6,8 ms 
[  1391,2s f61942] FRAME: 79,1 ms gc0+0 gc1+0 gc2+0
[  1391,3s f61943] InfluenceTick: 7,1 ms 
[  1391,3s f61943] AIThink: 9,6 ms brains 2
[  1391,3s f61944] FRAME: 75,7 ms gc0+0 gc1+0 gc2+0
[  1391,4s f61945] FRAME: 55,6 ms gc0+1 gc1+1 gc2+1
[  1391,4s f61945] InfluenceTick: 7,2 ms 
[  1391,4s f61946] FRAME: 65,8 ms gc0+0 gc1+0 gc2+0
[  1391,5s f61947] InfluenceTick: 7,1 ms 
[  1391,5s f61948] FRAME: 64,8 ms gc0+0 gc1+0 gc2+0
[  1391,6s f61949] FRAME: 62,0 ms gc0+0 gc1+0 gc2+0
[  1391,6s f61949] InfluenceTick: 6,7 ms 
[  1391,7s f61950] FRAME: 60,2 ms gc0+0 gc1+0 gc2+0
[  1391,7s f61951] InfluenceTick: 7,5 ms 
[  1391,8s f61951] AIThink: 10,6 ms brains 1
[  1391,8s f61952] FRAME: 74,8 ms gc0+0 gc1+0 gc2+0
[  1391,9s f61953] InfluenceTick: 7,2 ms 
[  1391,9s f61954] FRAME: 55,7 ms gc0+0 gc1+0 gc2+0
[  1392,0s f61956] InfluenceTick: 6,9 ms 
[  1392,1s f61957] FRAME: 81,6 ms gc0+0 gc1+0 gc2+0
[  1392,1s f61957] HutIncome: 16,7 ms huts 71
[  1392,1s f61958] FRAME: 72,9 ms gc0+0 gc1+0 gc2+0
[  1392,1s f61958] InfluenceTick: 6,7 ms 
[  1392,2s f61959] FRAME: 74,8 ms gc0+0 gc1+0 gc2+0
[  1392,3s f61960] InfluenceTick: 7,1 ms 
[  1392,3s f61961] FRAME: 60,4 ms gc0+0 gc1+0 gc2+0
[  1392,4s f61962] InfluenceTick: 7,3 ms 
[  1392,4s f61963] FRAME: 62,5 ms gc0+0 gc1+0 gc2+0
[  1392,5s f61964] FRAME: 69,1 ms gc0+0 gc1+0 gc2+0
[  1392,5s f61964] InfluenceTick: 6,9 ms 
[  1392,5s f61965] FRAME: 70,2 ms gc0+1 gc1+1 gc2+1
[  1392,6s f61966] InfluenceTick: 7,6 ms 
[  1392,7s f61967] FRAME: 63,4 ms gc0+0 gc1+0 gc2+0
[  1392,7s f61968] InfluenceTick: 7,5 ms 
[  1392,8s f61969] FRAME: 58,7 ms gc0+0 gc1+0 gc2+0
[  1392,9s f61970] InfluenceTick: 8,0 ms 
[  1392,9s f61970] AIThink: 10,0 ms brains 1
[  1392,9s f61971] FRAME: 96,0 ms gc0+0 gc1+0 gc2+0
[  1393,0s f61972] FRAME: 52,1 ms gc0+0 gc1+0 gc2+0
[  1393,0s f61972] InfluenceTick: 7,5 ms 
[  1393,0s f61973] FRAME: 68,4 ms gc0+0 gc1+0 gc2+0
[  1393,1s f61974] FRAME: 55,8 ms gc0+0 gc1+0 gc2+0
[  1393,1s f61974] InfluenceTick: 7,4 ms 
[  1393,2s f61975] FRAME: 69,0 ms gc0+0 gc1+0 gc2+0
[  1393,2s f61976] FRAME: 50,6 ms gc0+0 gc1+0 gc2+0
[  1393,2s f61976] InfluenceTick: 6,6 ms 
[  1393,3s f61977] FRAME: 61,3 ms gc0+0 gc1+0 gc2+0
[  1393,3s f61978] FRAME: 67,9 ms gc0+0 gc1+0 gc2+0
[  1393,4s f61978] InfluenceTick: 7,9 ms 
[  1393,4s f61978] AIThink: 16,5 ms brains 1
[  1393,4s f61979] FRAME: 80,9 ms gc0+0 gc1+0 gc2+0
[  1393,5s f61980] InfluenceTick: 6,3 ms 
[  1393,5s f61981] FRAME: 57,3 ms gc0+0 gc1+0 gc2+0
[  1393,6s f61983] FRAME: 53,7 ms gc0+0 gc1+0 gc2+0
[  1393,6s f61983] InfluenceTick: 7,1 ms 
[  1393,7s f61984] FRAME: 56,4 ms gc0+0 gc1+0 gc2+0
[  1393,7s f61985] FRAME: 51,5 ms gc0+0 gc1+0 gc2+0
[  1393,8s f61985] InfluenceTick: 6,6 ms 
[  1393,8s f61986] FRAME: 77,4 ms gc0+0 gc1+0 gc2+0
[  1393,8s f61987] FRAME: 52,5 ms gc0+1 gc1+1 gc2+1
[  1393,9s f61987] InfluenceTick: 7,1 ms 
[  1393,9s f61988] FRAME: 58,5 ms gc0+0 gc1+0 gc2+0
[  1394,0s f61989] AIThink: 12,6 ms brains 1
[  1394,0s f61990] FRAME: 58,1 ms gc0+0 gc1+0 gc2+0
[  1394,0s f61990] InfluenceTick: 7,6 ms 
[  1394,1s f61991] FRAME: 63,6 ms gc0+0 gc1+0 gc2+0
[  1394,1s f61991] HutIncome: 15,7 ms huts 71
[  1394,1s f61992] FRAME: 76,7 ms gc0+0 gc1+0 gc2+0
[  1394,2s f61992] InfluenceTick: 6,8 ms 
[  1394,2s f61993] FRAME: 78,5 ms gc0+0 gc1+0 gc2+0
[  1394,3s f61994] InfluenceTick: 7,6 ms 
[  1394,3s f61995] FRAME: 58,2 ms gc0+0 gc1+0 gc2+0
[  1394,4s f61996] InfluenceTick: 7,0 ms 
[  1394,4s f61997] FRAME: 58,1 ms gc0+0 gc1+0 gc2+0
[  1394,5s f61998] InfluenceTick: 6,8 ms 
[  1394,5s f61999] FRAME: 56,3 ms gc0+0 gc1+0 gc2+0
[  1394,6s f62001] FRAME: 64,5 ms gc0+0 gc1+0 gc2+0
[  1394,7s f62001] InfluenceTick: 7,2 ms 
[  1394,7s f62002] FRAME: 63,6 ms gc0+0 gc1+0 gc2+0
[  1394,8s f62003] InfluenceTick: 8,8 ms 
[  1394,8s f62004] FRAME: 69,2 ms gc0+0 gc1+0 gc2+0
[  1394,9s f62005] InfluenceTick: 7,3 ms 
[  1394,9s f62006] FRAME: 70,8 ms gc0+1 gc1+1 gc2+1
[  1395,0s f62007] InfluenceTick: 6,6 ms 
[  1395,1s f62008] FRAME: 76,7 ms gc0+0 gc1+0 gc2+0
[  1395,1s f62009] InfluenceTick: 7,9 ms 
[  1395,2s f62010] FRAME: 76,2 ms gc0+0 gc1+0 gc2+0
[  1395,2s f62011] InfluenceTick: 7,2 ms 
[  1395,3s f62011] AIThink: 9,1 ms brains 1
[  1395,3s f62012] FRAME: 71,7 ms gc0+0 gc1+0 gc2+0
[  1395,4s f62013] InfluenceTick: 7,7 ms 
[  1395,4s f62014] FRAME: 63,7 ms gc0+0 gc1+0 gc2+0
[  1395,4s f62015] FRAME: 56,8 ms gc0+0 gc1+0 gc2+0
[  1395,5s f62015] InfluenceTick: 7,3 ms 
[  1395,5s f62015] AIThink: 10,1 ms brains 1
[  1395,5s f62016] FRAME: 70,9 ms gc0+0 gc1+0 gc2+0
[  1395,6s f62017] InfluenceTick: 6,9 ms 
[  1395,6s f62018] FRAME: 56,6 ms gc0+0 gc1+0 gc2+0
[  1395,7s f62019] InfluenceTick: 6,4 ms 
[  1395,7s f62020] FRAME: 60,0 ms gc0+0 gc1+0 gc2+0
[  1395,8s f62021] InfluenceTick: 7,2 ms 
[  1395,8s f62022] FRAME: 57,6 ms gc0+0 gc1+0 gc2+0
[  1395,9s f62023] FRAME: 62,3 ms gc0+0 gc1+0 gc2+0
[  1395,9s f62023] InfluenceTick: 7,4 ms 
[  1396,0s f62024] FRAME: 67,0 ms gc0+0 gc1+0 gc2+0
[  1396,0s f62025] InfluenceTick: 7,5 ms 
[  1396,1s f62026] FRAME: 60,9 ms gc0+0 gc1+0 gc2+0
[  1396,1s f62027] FRAME: 60,0 ms gc0+0 gc1+0 gc2+0
[  1396,2s f62027] InfluenceTick: 7,3 ms 
[  1396,2s f62027] HutIncome: 16,1 ms huts 71
[  1396,2s f62028] FRAME: 100,9 ms gc0+1 gc1+1 gc2+1
[  1396,3s f62028] InfluenceTick: 6,6 ms 
[  1396,3s f62028] AIThink: 10,2 ms brains 1
[  1396,3s f62029] FRAME: 80,9 ms gc0+0 gc1+0 gc2+0
[  1396,4s f62030] FRAME: 55,5 ms gc0+0 gc1+0 gc2+0
[  1396,4s f62030] InfluenceTick: 7,1 ms 
[  1396,4s f62031] FRAME: 72,2 ms gc0+0 gc1+0 gc2+0
[  1396,5s f62032] FRAME: 51,3 ms gc0+0 gc1+0 gc2+0
[  1396,5s f62032] InfluenceTick: 7,0 ms 
[  1396,6s f62033] FRAME: 71,7 ms gc0+0 gc1+0 gc2+0
[  1396,6s f62034] FRAME: 52,2 ms gc0+0 gc1+0 gc2+0
[  1396,6s f62034] InfluenceTick: 7,0 ms 
[  1396,7s f62035] FRAME: 63,9 ms gc0+0 gc1+0 gc2+0
[  1396,8s f62036] InfluenceTick: 7,2 ms 
[  1396,8s f62037] FRAME: 80,5 ms gc0+0 gc1+0 gc2+0
[  1396,9s f62038] InfluenceTick: 7,3 ms 
[  1396,9s f62039] FRAME: 61,0 ms gc0+0 gc1+0 gc2+0
[  1396,9s f62039] AIThink: 12,7 ms brains 1
[  1397,0s f62040] FRAME: 68,5 ms gc0+0 gc1+0 gc2+0
[  1397,0s f62040] InfluenceTick: 6,5 ms 
[  1397,0s f62041] FRAME: 71,2 ms gc0+0 gc1+0 gc2+0
[  1397,1s f62042] InfluenceTick: 6,8 ms 
[  1397,2s f62043] FRAME: 69,3 ms gc0+0 gc1+0 gc2+0
[  1397,2s f62044] FRAME: 62,1 ms gc0+0 gc1+0 gc2+0
[  1397,3s f62044] InfluenceTick: 6,7 ms 
[  1397,3s f62045] FRAME: 77,3 ms gc0+1 gc1+1 gc2+1
[  1397,4s f62046] InfluenceTick: 6,9 ms 
[  1397,4s f62047] FRAME: 61,7 ms gc0+0 gc1+0 gc2+0
[  1397,5s f62048] InfluenceTick: 7,1 ms 
[  1397,5s f62049] FRAME: 65,5 ms gc0+0 gc1+0 gc2+0
[  1397,6s f62050] FRAME: 56,8 ms gc0+0 gc1+0 gc2+0
[  1397,6s f62050] InfluenceTick: 7,2 ms 
[  1397,6s f62050] AIThink: 10,3 ms brains 1
[  1397,7s f62051] FRAME: 99,9 ms gc0+0 gc1+0 gc2+0
[  1397,7s f62051] AIThink: 9,9 ms brains 1
[  1397,7s f62052] FRAME: 60,4 ms gc0+0 gc1+0 gc2+0
[  1397,8s f62052] InfluenceTick: 6,9 ms 
[  1397,8s f62053] FRAME: 65,9 ms gc0+0 gc1+0 gc2+0
[  1397,9s f62054] InfluenceTick: 7,6 ms 
[  1397,9s f62055] FRAME: 66,5 ms gc0+0 gc1+0 gc2+0
[  1397,9s f62056] FRAME: 50,8 ms gc0+0 gc1+0 gc2+0
[  1398,0s f62056] InfluenceTick: 6,7 ms 
[  1398,0s f62057] FRAME: 67,0 ms gc0+0 gc1+0 gc2+0
[  1398,1s f62058] FRAME: 63,6 ms gc0+0 gc1+0 gc2+0
[  1398,1s f62058] InfluenceTick: 7,1 ms 
[  1398,1s f62059] FRAME: 67,6 ms gc0+0 gc1+0 gc2+0
[  1398,2s f62059] HutIncome: 15,9 ms huts 71
[  1398,2s f62060] FRAME: 61,6 ms gc0+0 gc1+0 gc2+0
[  1398,2s f62060] InfluenceTick: 7,6 ms 
[  1398,3s f62061] FRAME: 65,2 ms gc0+0 gc1+0 gc2+0
[  1398,3s f62062] InfluenceTick: 6,8 ms 
[  1398,4s f62063] FRAME: 63,3 ms gc0+0 gc1+0 gc2+0
[  1398,5s f62064] InfluenceTick: 7,1 ms 
[  1398,5s f62065] FRAME: 82,1 ms gc0+1 gc1+1 gc2+1
[  1398,6s f62066] InfluenceTick: 7,1 ms 
[  1398,6s f62067] FRAME: 61,2 ms gc0+0 gc1+0 gc2+0
[  1398,7s f62068] InfluenceTick: 7,5 ms 
[  1398,7s f62069] FRAME: 62,9 ms gc0+0 gc1+0 gc2+0
[  1398,8s f62070] FRAME: 54,7 ms gc0+0 gc1+0 gc2+0
[  1398,8s f62070] InfluenceTick: 7,4 ms 
[  1398,9s f62071] FRAME: 72,0 ms gc0+0 gc1+0 gc2+0
[  1398,9s f62072] FRAME: 55,9 ms gc0+0 gc1+0 gc2+0
[  1398,9s f62072] InfluenceTick: 6,9 ms 
[  1399,0s f62073] FRAME: 60,9 ms gc0+0 gc1+0 gc2+0
[  1399,0s f62074] InfluenceTick: 7,6 ms 
[  1399,1s f62075] FRAME: 65,4 ms gc0+0 gc1+0 gc2+0
[  1399,1s f62076] FRAME: 52,0 ms gc0+0 gc1+0 gc2+0
[  1399,2s f62076] InfluenceTick: 6,8 ms 
[  1399,2s f62077] FRAME: 55,9 ms gc0+0 gc1+0 gc2+0
[  1399,3s f62079] InfluenceTick: 6,8 ms 
[  1399,3s f62080] FRAME: 71,7 ms gc0+0 gc1+0 gc2+0
[  1399,4s f62081] InfluenceTick: 7,3 ms 
[  1399,4s f62082] FRAME: 61,0 ms gc0+0 gc1+0 gc2+0
[  1399,5s f62083] FRAME: 51,0 ms gc0+0 gc1+0 gc2+0
[  1399,5s f62083] InfluenceTick: 7,1 ms 
[  1399,6s f62084] FRAME: 61,7 ms gc0+0 gc1+0 gc2+0
[  1399,6s f62085] InfluenceTick: 7,1 ms 
[  1399,7s f62086] FRAME: 62,0 ms gc0+0 gc1+0 gc2+0
[  1399,7s f62086] AIThink: 10,6 ms brains 1
[  1399,7s f62087] FRAME: 57,2 ms gc0+0 gc1+0 gc2+0
[  1399,8s f62087] InfluenceTick: 7,1 ms 
[  1399,8s f62088] FRAME: 80,2 ms gc0+0 gc1+0 gc2+0
[  1399,9s f62089] FRAME: 56,4 ms gc0+1 gc1+1 gc2+1
[  1399,9s f62089] InfluenceTick: 6,5 ms 
[  1399,9s f62090] FRAME: 65,2 ms gc0+0 gc1+0 gc2+0
[  1400,0s f62091] FRAME: 50,7 ms gc0+0 gc1+0 gc2+0
[  1400,0s f62091] InfluenceTick: 7,2 ms 
[  1400,0s f62092] FRAME: 64,4 ms gc0+0 gc1+0 gc2+0
[  1400,1s f62092] AIThink: 9,9 ms brains 1
[  1400,1s f62093] FRAME: 56,8 ms gc0+0 gc1+0 gc2+0
[  1400,1s f62093] InfluenceTick: 7,4 ms 
[  1400,2s f62094] FRAME: 71,7 ms gc0+0 gc1+0 gc2+0
[  1400,2s f62094] HutIncome: 16,9 ms huts 71
[  1400,3s f62095] FRAME: 81,7 ms gc0+0 gc1+0 gc2+0
[  1400,3s f62095] InfluenceTick: 7,6 ms 
[  1400,3s f62096] FRAME: 63,6 ms gc0+0 gc1+0 gc2+0
[  1400,4s f62097] InfluenceTick: 7,4 ms 
[  1400,4s f62098] FRAME: 63,6 ms gc0+0 gc1+0 gc2+0
[  1400,5s f62099] InfluenceTick: 7,2 ms 
[  1400,5s f62100] FRAME: 59,9 ms gc0+0 gc1+0 gc2+0
[  1400,6s f62101] InfluenceTick: 7,3 ms 
[  1400,7s f62102] FRAME: 77,4 ms gc0+0 gc1+0 gc2+0
[  1400,7s f62103] InfluenceTick: 7,0 ms 
[  1400,8s f62104] FRAME: 65,2 ms gc0+0 gc1+0 gc2+0
[  1400,8s f62104] AIThink: 10,2 ms brains 1
[  1400,8s f62105] FRAME: 59,6 ms gc0+1 gc1+1 gc2+1
[  1400,8s f62105] InfluenceTick: 7,0 ms 
[  1400,9s f62106] FRAME: 65,9 ms gc0+0 gc1+0 gc2+0
[  1400,9s f62107] FRAME: 51,7 ms gc0+0 gc1+0 gc2+0
[  1401,0s f62107] InfluenceTick: 7,4 ms 
[  1401,0s f62108] FRAME: 63,8 ms gc0+0 gc1+0 gc2+0
[  1401,1s f62109] FRAME: 67,0 ms gc0+0 gc1+0 gc2+0
[  1401,1s f62109] InfluenceTick: 7,1 ms 
[  1401,1s f62110] FRAME: 70,9 ms gc0+0 gc1+0 gc2+0
[  1401,2s f62111] InfluenceTick: 7,6 ms 
[  1401,2s f62112] FRAME: 64,3 ms gc0+0 gc1+0 gc2+0
[  1401,3s f62113] InfluenceTick: 6,8 ms 
[  1401,4s f62114] FRAME: 58,5 ms gc0+0 gc1+0 gc2+0
[  1401,4s f62116] FRAME: 50,4 ms gc0+0 gc1+0 gc2+0
[  1401,5s f62116] InfluenceTick: 6,9 ms 
[  1401,5s f62117] FRAME: 87,7 ms gc0+0 gc1+0 gc2+0
[  1401,6s f62118] InfluenceTick: 7,4 ms 
[  1401,6s f62119] FRAME: 66,2 ms gc0+0 gc1+0 gc2+0
[  1401,7s f62120] FRAME: 53,7 ms gc0+0 gc1+0 gc2+0
[  1401,7s f62120] InfluenceTick: 7,0 ms 
[  1401,8s f62121] FRAME: 55,0 ms gc0+0 gc1+0 gc2+0
[  1401,9s f62123] InfluenceTick: 6,7 ms 
[  1401,9s f62124] FRAME: 56,1 ms gc0+0 gc1+0 gc2+0
[  1402,0s f62125] FRAME: 66,8 ms gc0+0 gc1+0 gc2+0
[  1402,0s f62125] InfluenceTick: 8,8 ms 
[  1402,0s f62126] FRAME: 75,3 ms gc0+0 gc1+0 gc2+0
[  1402,1s f62127] FRAME: 51,7 ms gc0+0 gc1+0 gc2+0
[  1402,1s f62127] InfluenceTick: 6,8 ms 
[  1402,2s f62128] FRAME: 74,8 ms gc0+0 gc1+0 gc2+0
[  1402,2s f62129] FRAME: 52,7 ms gc0+1 gc1+1 gc2+1
[  1402,2s f62129] InfluenceTick: 6,9 ms 
[  1402,2s f62129] HutIncome: 14,9 ms huts 71
[  1402,3s f62130] FRAME: 75,8 ms gc0+0 gc1+0 gc2+0
[  1402,4s f62131] InfluenceTick: 7,4 ms 
[  1402,4s f62132] FRAME: 77,5 ms gc0+0 gc1+0 gc2+0
[  1402,5s f62133] FRAME: 51,1 ms gc0+0 gc1+0 gc2+0
[  1402,5s f62133] InfluenceTick: 7,5 ms 
[  1402,5s f62133] AIThink: 10,0 ms brains 1
[  1402,5s f62134] FRAME: 77,9 ms gc0+0 gc1+0 gc2+0
[  1402,6s f62135] InfluenceTick: 7,4 ms 
[  1402,6s f62136] FRAME: 59,1 ms gc0+0 gc1+0 gc2+0
[  1402,7s f62137] InfluenceTick: 6,9 ms 
[  1402,7s f62138] FRAME: 56,2 ms gc0+0 gc1+0 gc2+0
[  1402,8s f62139] FRAME: 61,8 ms gc0+0 gc1+0 gc2+0
[  1402,8s f62139] InfluenceTick: 7,5 ms 
[  1402,9s f62140] FRAME: 59,4 ms gc0+0 gc1+0 gc2+0
[  1402,9s f62141] InfluenceTick: 7,1 ms 
[  1403,0s f62142] FRAME: 61,6 ms gc0+0 gc1+0 gc2+0
[  1403,0s f62143] FRAME: 55,1 ms gc0+0 gc1+0 gc2+0
[  1403,0s f62143] InfluenceTick: 6,7 ms 
[  1403,1s f62144] FRAME: 66,1 ms gc0+0 gc1+0 gc2+0
[  1403,1s f62145] FRAME: 50,9 ms gc0+0 gc1+0 gc2+0
[  1403,2s f62145] InfluenceTick: 7,0 ms 
[  1403,2s f62146] FRAME: 75,6 ms gc0+0 gc1+0 gc2+0
[  1403,3s f62147] InfluenceTick: 6,7 ms 
[  1403,3s f62148] FRAME: 59,7 ms gc0+0 gc1+0 gc2+0
[  1403,4s f62149] InfluenceTick: 7,1 ms 
[  1403,4s f62150] FRAME: 65,4 ms gc0+1 gc1+1 gc2+1
[  1403,5s f62151] InfluenceTick: 6,8 ms 
[  1403,5s f62152] FRAME: 59,9 ms gc0+0 gc1+0 gc2+0
[  1403,6s f62153] InfluenceTick: 8,7 ms 
[  1403,7s f62154] FRAME: 89,9 ms gc0+0 gc1+0 gc2+0
[  1403,7s f62155] InfluenceTick: 7,5 ms 
[  1403,8s f62156] FRAME: 58,9 ms gc0+0 gc1+0 gc2+0
[  1403,8s f62157] InfluenceTick: 7,5 ms 
[  1403,9s f62158] FRAME: 59,0 ms gc0+0 gc1+0 gc2+0
[  1403,9s f62158] AIThink: 10,3 ms brains 1
[  1403,9s f62159] FRAME: 52,8 ms gc0+0 gc1+0 gc2+0
[  1404,0s f62159] InfluenceTick: 7,5 ms 
[  1404,0s f62160] FRAME: 61,4 ms gc0+0 gc1+0 gc2+0
[  1404,1s f62161] FRAME: 69,9 ms gc0+0 gc1+0 gc2+0
[  1404,1s f62161] InfluenceTick: 7,1 ms 
[  1404,1s f62162] FRAME: 69,4 ms gc0+0 gc1+0 gc2+0
[  1404,2s f62163] InfluenceTick: 7,0 ms 
[  1404,2s f62164] FRAME: 60,1 ms gc0+0 gc1+0 gc2+0
[  1404,3s f62164] HutIncome: 16,2 ms huts 71
[  1404,3s f62165] FRAME: 57,7 ms gc0+0 gc1+0 gc2+0
[  1404,3s f62165] InfluenceTick: 6,9 ms 
[  1404,4s f62166] FRAME: 60,9 ms gc0+0 gc1+0 gc2+0
[  1404,4s f62167] InfluenceTick: 7,0 ms 
[  1404,5s f62168] FRAME: 75,2 ms gc0+0 gc1+0 gc2+0
[  1404,5s f62169] InfluenceTick: 7,9 ms 
[  1404,6s f62170] FRAME: 67,0 ms gc0+0 gc1+0 gc2+0
[  1404,7s f62171] InfluenceTick: 6,9 ms 
[  1404,7s f62172] FRAME: 63,5 ms gc0+0 gc1+0 gc2+0
[  1404,7s f62173] FRAME: 51,2 ms gc0+1 gc1+1 gc2+1
[  1404,8s f62173] InfluenceTick: 7,2 ms 
[  1404,8s f62174] FRAME: 61,6 ms gc0+0 gc1+0 gc2+0
[  1404,9s f62175] FRAME: 62,3 ms gc0+0 gc1+0 gc2+0
[  1404,9s f62175] InfluenceTick: 7,0 ms 
[  1404,9s f62175] AIThink: 9,4 ms brains 1
[  1404,9s f62176] FRAME: 74,4 ms gc0+0 gc1+0 gc2+0
[  1405,0s f62177] FRAME: 60,3 ms gc0+0 gc1+0 gc2+0
[  1405,0s f62177] InfluenceTick: 6,5 ms 
[  1405,1s f62178] FRAME: 65,8 ms gc0+0 gc1+0 gc2+0
[  1405,1s f62179] FRAME: 55,0 ms gc0+0 gc1+0 gc2+0
[  1405,2s f62179] InfluenceTick: 7,2 ms 
[  1405,2s f62180] FRAME: 59,4 ms gc0+0 gc1+0 gc2+0
[  1405,3s f62181] InfluenceTick: 6,9 ms 
[  1405,3s f62182] FRAME: 70,7 ms gc0+0 gc1+0 gc2+0
[  1405,3s f62182] AIThink: 10,4 ms brains 1
[  1405,4s f62183] InfluenceTick: 7,7 ms 
[  1405,4s f62184] FRAME: 60,7 ms gc0+0 gc1+0 gc2+0
[  1405,5s f62185] InfluenceTick: 7,7 ms 
[  1405,5s f62186] FRAME: 63,7 ms gc0+0 gc1+0 gc2+0
[  1405,6s f62187] InfluenceTick: 7,9 ms 
[  1405,6s f62188] FRAME: 61,7 ms gc0+0 gc1+0 gc2+0
[  1405,7s f62189] InfluenceTick: 7,5 ms 
[  1405,7s f62190] FRAME: 73,0 ms gc0+0 gc1+0 gc2+0
[  1405,8s f62191] InfluenceTick: 7,3 ms 
[  1405,9s f62192] FRAME: 67,1 ms gc0+0 gc1+0 gc2+0
[  1405,9s f62193] InfluenceTick: 7,2 ms 
[  1406,0s f62194] FRAME: 58,0 ms gc0+0 gc1+0 gc2+0
[  1406,0s f62194] AIThink: 10,1 ms brains 1
[  1406,0s f62195] FRAME: 54,5 ms gc0+0 gc1+0 gc2+0
[  1406,0s f62195] InfluenceTick: 7,6 ms 
[  1406,1s f62196] FRAME: 63,7 ms gc0+0 gc1+0 gc2+0
[  1406,2s f62197] FRAME: 69,9 ms gc0+0 gc1+0 gc2+0
[  1406,2s f62197] InfluenceTick: 7,4 ms 
[  1406,2s f62198] FRAME: 65,2 ms gc0+0 gc1+0 gc2+0
[  1406,3s f62199] InfluenceTick: 7,4 ms 
[  1406,3s f62199] HutIncome: 15,2 ms huts 71
[  1406,3s f62200] FRAME: 71,4 ms gc0+0 gc1+0 gc2+0
[  1406,4s f62201] InfluenceTick: 7,1 ms 
[  1406,4s f62202] FRAME: 61,1 ms gc0+0 gc1+0 gc2+0
[  1406,5s f62203] InfluenceTick: 7,2 ms 
[  1406,6s f62204] FRAME: 70,2 ms gc0+0 gc1+0 gc2+0
[  1406,6s f62205] InfluenceTick: 7,4 ms 
[  1406,7s f62206] FRAME: 61,4 ms gc0+0 gc1+0 gc2+0
[  1406,7s f62207] InfluenceTick: 6,9 ms 
[  1406,8s f62208] FRAME: 65,2 ms gc0+1 gc1+1 gc2+1
[  1406,8s f62209] InfluenceTick: 6,8 ms 
[  1406,9s f62210] FRAME: 57,5 ms gc0+0 gc1+0 gc2+0
[  1407,0s f62211] InfluenceTick: 6,7 ms 
[  1407,0s f62212] FRAME: 74,8 ms gc0+0 gc1+0 gc2+0
[  1407,1s f62213] InfluenceTick: 7,2 ms 
[  1407,1s f62214] FRAME: 63,9 ms gc0+0 gc1+0 gc2+0
[  1407,2s f62215] FRAME: 60,0 ms gc0+0 gc1+0 gc2+0
[  1407,2s f62215] InfluenceTick: 6,5 ms 
[  1407,2s f62216] FRAME: 65,2 ms gc0+0 gc1+0 gc2+0
[  1407,3s f62217] InfluenceTick: 7,5 ms 
[  1407,3s f62217] AIThink: 10,4 ms brains 1
[  1407,3s f62218] FRAME: 76,1 ms gc0+0 gc1+0 gc2+0
[  1407,4s f62219] FRAME: 58,0 ms gc0+0 gc1+0 gc2+0
[  1407,4s f62219] InfluenceTick: 6,9 ms 
[  1407,5s f62220] FRAME: 60,7 ms gc0+0 gc1+0 gc2+0
[  1407,5s f62221] InfluenceTick: 7,6 ms 
[  1407,6s f62222] FRAME: 60,0 ms gc0+0 gc1+0 gc2+0
[  1407,6s f62223] InfluenceTick: 7,0 ms 
[  1407,7s f62224] FRAME: 60,2 ms gc0+0 gc1+0 gc2+0
[  1407,8s f62226] InfluenceTick: 7,1 ms 
[  1407,8s f62227] FRAME: 78,2 ms gc0+0 gc1+0 gc2+0
[  1407,9s f62228] FRAME: 61,5 ms gc0+0 gc1+0 gc2+0
[  1407,9s f62228] InfluenceTick: 7,8 ms 
[  1407,9s f62229] FRAME: 71,3 ms gc0+1 gc1+1 gc2+1
[  1408,0s f62230] InfluenceTick: 7,1 ms 
[  1408,0s f62231] FRAME: 57,2 ms gc0+0 gc1+0 gc2+0
[  1408,1s f62231] AIThink: 10,0 ms brains 1
[  1408,1s f62232] FRAME: 52,3 ms gc0+0 gc1+0 gc2+0
[  1408,1s f62232] InfluenceTick: 6,7 ms 
[  1408,2s f62233] FRAME: 69,3 ms gc0+0 gc1+0 gc2+0
[  1408,3s f62234] InfluenceTick: 6,9 ms 
[  1408,3s f62235] FRAME: 74,9 ms gc0+0 gc1+0 gc2+0
[  1408,3s f62235] HutIncome: 16,8 ms huts 71
[  1408,4s f62236] FRAME: 63,4 ms gc0+0 gc1+0 gc2+0
[  1408,4s f62236] InfluenceTick: 6,8 ms 
[  1408,4s f62237] FRAME: 59,8 ms gc0+0 gc1+0 gc2+0
[  1408,5s f62238] InfluenceTick: 8,2 ms 
[  1408,5s f62239] FRAME: 68,2 ms gc0+0 gc1+0 gc2+0
[  1408,6s f62240] InfluenceTick: 6,8 ms 
[  1408,6s f62241] FRAME: 53,7 ms gc0+0 gc1+0 gc2+0
[  1408,7s f62242] FRAME: 60,9 ms gc0+0 gc1+0 gc2+0
[  1408,7s f62242] InfluenceTick: 7,4 ms 
[  1408,7s f62243] FRAME: 59,5 ms gc0+0 gc1+0 gc2+0
[  1408,8s f62244] InfluenceTick: 7,9 ms 
[  1408,9s f62245] FRAME: 68,7 ms gc0+0 gc1+0 gc2+0
[  1408,9s f62246] InfluenceTick: 7,5 ms 
[  1409,0s f62247] FRAME: 61,3 ms gc0+0 gc1+0 gc2+0
[  1409,1s f62249] InfluenceTick: 7,5 ms 
[  1409,1s f62250] FRAME: 81,4 ms gc0+0 gc1+0 gc2+0
[  1409,2s f62251] FRAME: 52,3 ms gc0+0 gc1+0 gc2+0
[  1409,2s f62251] InfluenceTick: 7,2 ms 
[  1409,2s f62252] FRAME: 67,8 ms gc0+1 gc1+1 gc2+1
[  1409,3s f62253] InfluenceTick: 7,3 ms 
[  1409,3s f62254] FRAME: 57,4 ms gc0+0 gc1+0 gc2+0
[  1409,4s f62256] InfluenceTick: 8,0 ms 
[  1409,5s f62257] FRAME: 64,8 ms gc0+0 gc1+0 gc2+0
[  1409,5s f62258] FRAME: 53,4 ms gc0+0 gc1+0 gc2+0
[  1409,6s f62258] InfluenceTick: 7,4 ms 
[  1409,6s f62259] FRAME: 59,1 ms gc0+0 gc1+0 gc2+0
[  1409,7s f62260] InfluenceTick: 7,5 ms 
[  1409,7s f62260] AIThink: 10,0 ms brains 1
[  1409,7s f62261] FRAME: 72,5 ms gc0+0 gc1+0 gc2+0
[  1409,8s f62262] InfluenceTick: 7,6 ms 
[  1409,8s f62263] FRAME: 62,7 ms gc0+0 gc1+0 gc2+0
[  1409,8s f62263] AIThink: 12,0 ms brains 2
[  1409,9s f62264] FRAME: 59,6 ms gc0+0 gc1+0 gc2+0
[  1409,9s f62264] InfluenceTick: 7,6 ms 
[  1409,9s f62265] FRAME: 70,1 ms gc0+0 gc1+0 gc2+0
[  1410,0s f62266] FRAME: 57,5 ms gc0+0 gc1+0 gc2+0
[  1410,0s f62266] InfluenceTick: 8,6 ms 
[  1410,1s f62267] FRAME: 71,7 ms gc0+0 gc1+0 gc2+0
[  1410,1s f62268] InfluenceTick: 7,2 ms 
[  1410,2s f62269] FRAME: 56,7 ms gc0+0 gc1+0 gc2+0
[  1410,2s f62269] AIThink: 10,1 ms brains 1
[  1410,2s f62270] FRAME: 55,4 ms gc0+0 gc1+0 gc2+0
[  1410,3s f62270] InfluenceTick: 7,7 ms 
[  1410,3s f62271] FRAME: 64,9 ms gc0+0 gc1+0 gc2+0
[  1410,3s f62271] HutIncome: 16,7 ms huts 71
[  1410,4s f62272] FRAME: 58,7 ms gc0+0 gc1+0 gc2+0
[  1410,4s f62272] InfluenceTick: 7,2 ms 
[  1410,4s f62273] FRAME: 73,5 ms gc0+0 gc1+0 gc2+0
[  1410,5s f62274] InfluenceTick: 7,4 ms 
[  1410,5s f62275] FRAME: 57,2 ms gc0+0 gc1+0 gc2+0
[  1410,6s f62277] InfluenceTick: 7,4 ms 
[  1410,7s f62278] FRAME: 61,7 ms gc0+0 gc1+0 gc2+0
[  1410,8s f62280] InfluenceTick: 7,6 ms 
[  1410,8s f62281] FRAME: 58,2 ms gc0+0 gc1+0 gc2+0
[  1410,9s f62282] FRAME: 56,2 ms gc0+0 gc1+0 gc2+0
[  1410,9s f62282] InfluenceTick: 8,1 ms 
[  1410,9s f62283] FRAME: 69,1 ms gc0+0 gc1+0 gc2+0
[  1411,0s f62284] InfluenceTick: 7,4 ms 
[  1411,0s f62285] FRAME: 62,1 ms gc0+0 gc1+0 gc2+0
[  1411,1s f62286] InfluenceTick: 7,2 ms 
[  1411,2s f62287] FRAME: 71,0 ms gc0+0 gc1+0 gc2+0
[  1411,2s f62288] InfluenceTick: 7,0 ms 
[  1411,2s f62289] FRAME: 57,0 ms gc0+0 gc1+0 gc2+0
[  1411,3s f62290] FRAME: 61,0 ms gc0+0 gc1+0 gc2+0
[  1411,3s f62290] InfluenceTick: 7,3 ms 
[  1411,4s f62291] FRAME: 59,8 ms gc0+0 gc1+0 gc2+0
[  1411,4s f62292] InfluenceTick: 6,7 ms 
[  1411,5s f62293] FRAME: 56,9 ms gc0+0 gc1+0 gc2+0
[  1411,6s f62295] InfluenceTick: 7,5 ms 
[  1411,6s f62296] FRAME: 63,0 ms gc0+0 gc1+0 gc2+0
[  1411,7s f62297] InfluenceTick: 6,6 ms 
[  1411,7s f62298] FRAME: 74,6 ms gc0+0 gc1+0 gc2+0
[  1411,8s f62299] InfluenceTick: 7,3 ms 
[  1411,8s f62300] FRAME: 61,5 ms gc0+0 gc1+0 gc2+0
[  1411,9s f62301] InfluenceTick: 7,2 ms 
[  1411,9s f62302] FRAME: 54,6 ms gc0+0 gc1+0 gc2+0
[  1412,0s f62304] InfluenceTick: 7,3 ms 
[  1412,1s f62304] AIThink: 9,5 ms brains 1
[  1412,1s f62305] FRAME: 72,8 ms gc0+0 gc1+0 gc2+0
[  1412,1s f62305] AIThink: 10,5 ms brains 1
[  1412,2s f62306] FRAME: 80,4 ms gc0+0 gc1+0 gc2+0
[  1412,2s f62306] InfluenceTick: 6,8 ms 
[  1412,2s f62307] FRAME: 71,5 ms gc0+0 gc1+0 gc2+0
[  1412,3s f62308] InfluenceTick: 6,9 ms 
[  1412,3s f62308] HutIncome: 14,7 ms huts 71
[  1412,4s f62309] FRAME: 74,0 ms gc0+0 gc1+0 gc2+0
[  1412,4s f62310] InfluenceTick: 7,8 ms 
[  1412,5s f62311] FRAME: 59,8 ms gc0+0 gc1+0 gc2+0
[  1412,5s f62312] FRAME: 50,4 ms gc0+0 gc1+0 gc2+0
[  1412,6s f62312] InfluenceTick: 7,6 ms 
[  1412,6s f62313] FRAME: 87,9 ms gc0+0 gc1+0 gc2+0
[  1412,7s f62314] InfluenceTick: 7,2 ms 
[  1412,7s f62315] FRAME: 69,8 ms gc0+0 gc1+0 gc2+0
[  1412,8s f62316] InfluenceTick: 7,3 ms 
[  1412,8s f62317] FRAME: 62,3 ms gc0+0 gc1+0 gc2+0
[  1412,9s f62318] InfluenceTick: 7,2 ms 
[  1412,9s f62319] FRAME: 59,4 ms gc0+0 gc1+0 gc2+0
[  1413,0s f62320] FRAME: 61,9 ms gc0+0 gc1+0 gc2+0
[  1413,0s f62320] InfluenceTick: 7,6 ms 
[  1413,1s f62321] FRAME: 62,9 ms gc0+0 gc1+0 gc2+0
[  1413,1s f62322] FRAME: 53,5 ms gc0+0 gc1+0 gc2+0
[  1413,1s f62322] InfluenceTick: 7,5 ms 
[  1413,2s f62323] FRAME: 60,7 ms gc0+0 gc1+0 gc2+0
[  1413,2s f62324] InfluenceTick: 7,3 ms 
[  1413,3s f62325] FRAME: 62,3 ms gc0+0 gc1+0 gc2+0
[  1413,4s f62326] InfluenceTick: 7,8 ms 
[  1413,4s f62327] FRAME: 67,1 ms gc0+0 gc1+0 gc2+0
[  1413,5s f62328] FRAME: 59,8 ms gc0+0 gc1+0 gc2+0
[  1413,5s f62328] InfluenceTick: 7,0 ms 
[  1413,5s f62329] FRAME: 62,4 ms gc0+0 gc1+0 gc2+0
[  1413,6s f62330] InfluenceTick: 7,7 ms 
[  1413,6s f62331] FRAME: 59,1 ms gc0+0 gc1+0 gc2+0
[  1413,7s f62332] InfluenceTick: 7,7 ms 
[  1413,7s f62333] FRAME: 67,1 ms gc0+0 gc1+0 gc2+0
[  1413,8s f62334] InfluenceTick: 7,7 ms 
[  1413,8s f62335] FRAME: 68,1 ms gc0+0 gc1+0 gc2+0
[  1413,9s f62336] FRAME: 63,8 ms gc0+1 gc1+1 gc2+1
[  1413,9s f62336] InfluenceTick: 6,6 ms 
[  1414,0s f62337] FRAME: 58,1 ms gc0+0 gc1+0 gc2+0
[  1414,0s f62339] InfluenceTick: 6,5 ms 
[  1414,1s f62340] FRAME: 56,4 ms gc0+0 gc1+0 gc2+0
[  1414,2s f62341] InfluenceTick: 7,2 ms 
[  1414,2s f62342] FRAME: 61,6 ms gc0+0 gc1+0 gc2+0
[  1414,3s f62343] InfluenceTick: 7,8 ms 
[  1414,3s f62344] FRAME: 87,7 ms gc0+0 gc1+0 gc2+0
[  1414,3s f62344] HutIncome: 15,2 ms huts 71
[  1414,4s f62345] FRAME: 65,4 ms gc0+0 gc1+0 gc2+0
[  1414,4s f62345] InfluenceTick: 7,6 ms 
[  1414,4s f62345] AIThink: 11,4 ms brains 2
[  1414,5s f62346] FRAME: 76,0 ms gc0+0 gc1+0 gc2+0
[  1414,5s f62346] AIThink: 9,9 ms brains 1
[  1414,5s f62347] FRAME: 54,1 ms gc0+0 gc1+0 gc2+0
[  1414,5s f62347] InfluenceTick: 7,4 ms 
[  1414,6s f62348] FRAME: 65,0 ms gc0+0 gc1+0 gc2+0
[  1414,6s f62349] InfluenceTick: 7,2 ms 
[  1414,7s f62350] FRAME: 60,3 ms gc0+0 gc1+0 gc2+0
[  1414,8s f62351] FRAME: 67,8 ms gc0+0 gc1+0 gc2+0
[  1414,8s f62351] InfluenceTick: 7,9 ms 
[  1414,8s f62352] FRAME: 65,9 ms gc0+0 gc1+0 gc2+0
[  1414,9s f62353] InfluenceTick: 6,9 ms 
[  1414,9s f62354] FRAME: 55,3 ms gc0+0 gc1+0 gc2+0
[  1415,0s f62356] InfluenceTick: 7,3 ms 
[  1415,1s f62357] FRAME: 61,8 ms gc0+0 gc1+0 gc2+0
[  1415,1s f62358] FRAME: 60,4 ms gc0+0 gc1+0 gc2+0
[  1415,2s f62358] InfluenceTick: 8,3 ms 
[  1415,2s f62359] FRAME: 97,3 ms gc0+0 gc1+0 gc2+0
[  1415,3s f62360] InfluenceTick: 7,7 ms 
[  1415,3s f62361] FRAME: 63,0 ms gc0+0 gc1+0 gc2+0
[  1415,4s f62362] InfluenceTick: 8,2 ms 
[  1415,4s f62363] FRAME: 59,6 ms gc0+0 gc1+0 gc2+0
[  1415,5s f62364] InfluenceTick: 7,0 ms 
[  1415,5s f62365] FRAME: 59,5 ms gc0+0 gc1+0 gc2+0
[  1415,6s f62366] FRAME: 59,5 ms gc0+0 gc1+0 gc2+0
[  1415,6s f62366] InfluenceTick: 7,8 ms 
[  1415,7s f62367] FRAME: 62,6 ms gc0+0 gc1+0 gc2+0
[  1415,7s f62368] InfluenceTick: 8,6 ms 
[  1415,8s f62369] FRAME: 65,1 ms gc0+0 gc1+0 gc2+0
[  1415,8s f62370] InfluenceTick: 8,7 ms 
[  1415,9s f62371] FRAME: 68,4 ms gc0+0 gc1+0 gc2+0
[  1416,0s f62372] InfluenceTick: 8,7 ms 
[  1416,0s f62373] FRAME: 63,3 ms gc0+0 gc1+0 gc2+0
[  1416,0s f62374] FRAME: 58,2 ms gc0+0 gc1+0 gc2+0
[  1416,1s f62374] InfluenceTick: 7,6 ms 
[  1416,1s f62375] FRAME: 73,5 ms gc0+0 gc1+0 gc2+0
[  1416,2s f62376] FRAME: 53,4 ms gc0+1 gc1+1 gc2+1
[  1416,2s f62376] InfluenceTick: 7,0 ms 
[  1416,2s f62377] FRAME: 59,4 ms gc0+0 gc1+0 gc2+0
[  1416,3s f62378] InfluenceTick: 7,5 ms 
[  1416,3s f62379] FRAME: 67,2 ms gc0+0 gc1+0 gc2+0
[  1416,4s f62379] HutIncome: 15,0 ms huts 71
[  1416,4s f62380] FRAME: 51,2 ms gc0+0 gc1+0 gc2+0
[  1416,4s f62380] InfluenceTick: 7,8 ms 
[  1416,5s f62381] FRAME: 76,2 ms gc0+0 gc1+0 gc2+0
[  1416,5s f62381] AIThink: 11,2 ms brains 1
[  1416,5s f62382] FRAME: 58,2 ms gc0+0 gc1+0 gc2+0
[  1416,6s f62382] InfluenceTick: 7,5 ms 
[  1416,6s f62383] FRAME: 62,2 ms gc0+0 gc1+0 gc2+0
[  1416,6s f62383] AIThink: 12,3 ms brains 2
[  1416,6s f62384] FRAME: 52,7 ms gc0+0 gc1+0 gc2+0
[  1416,7s f62384] InfluenceTick: 7,7 ms 
[  1416,7s f62385] FRAME: 64,0 ms gc0+0 gc1+0 gc2+0
[  1416,8s f62386] InfluenceTick: 7,4 ms 
[  1416,8s f62387] FRAME: 70,3 ms gc0+0 gc1+0 gc2+0
[  1416,9s f62388] FRAME: 66,6 ms gc0+0 gc1+0 gc2+0
[  1416,9s f62388] InfluenceTick: 7,6 ms 
[  1416,9s f62388] AIThink: 9,6 ms brains 1
[  1417,0s f62389] FRAME: 74,4 ms gc0+0 gc1+0 gc2+0
[  1417,0s f62390] InfluenceTick: 7,7 ms 
[  1417,1s f62391] FRAME: 65,4 ms gc0+0 gc1+0 gc2+0
[  1417,2s f62392] InfluenceTick: 8,0 ms 
[  1417,2s f62393] FRAME: 61,2 ms gc0+0 gc1+0 gc2+0
[  1417,2s f62394] FRAME: 55,1 ms gc0+0 gc1+0 gc2+0
[  1417,3s f62394] InfluenceTick: 7,5 ms 
[  1417,3s f62395] FRAME: 91,8 ms gc0+0 gc1+0 gc2+0
[  1417,4s f62396] FRAME: 54,4 ms gc0+1 gc1+1 gc2+1
[  1417,4s f62396] InfluenceTick: 7,7 ms 
[  1417,5s f62397] FRAME: 63,7 ms gc0+0 gc1+0 gc2+0
[  1417,5s f62398] InfluenceTick: 8,4 ms 
[  1417,6s f62399] FRAME: 61,0 ms gc0+0 gc1+0 gc2+0
[  1417,6s f62400] InfluenceTick: 7,9 ms 
[  1417,7s f62401] FRAME: 64,4 ms gc0+0 gc1+0 gc2+0
[  1417,7s f62402] FRAME: 54,1 ms gc0+0 gc1+0 gc2+0
[  1417,7s f62402] InfluenceTick: 7,9 ms 
[  1417,8s f62403] FRAME: 64,4 ms gc0+0 gc1+0 gc2+0
[  1417,9s f62404] InfluenceTick: 7,5 ms 
[  1417,9s f62405] FRAME: 61,2 ms gc0+0 gc1+0 gc2+0
[  1418,0s f62406] InfluenceTick: 7,8 ms 
[  1418,0s f62407] FRAME: 64,8 ms gc0+0 gc1+0 gc2+0
[  1418,1s f62408] InfluenceTick: 8,5 ms 
[  1418,1s f62409] FRAME: 64,6 ms gc0+0 gc1+0 gc2+0
[  1418,2s f62410] FRAME: 75,5 ms gc0+0 gc1+0 gc2+0
[  1418,2s f62410] InfluenceTick: 7,7 ms 
[  1418,3s f62411] FRAME: 73,4 ms gc0+0 gc1+0 gc2+0
[  1418,3s f62412] InfluenceTick: 7,8 ms 
[  1418,4s f62413] FRAME: 61,2 ms gc0+0 gc1+0 gc2+0
[  1418,4s f62413] HutIncome: 17,6 ms huts 71
[  1418,4s f62414] FRAME: 59,1 ms gc0+0 gc1+0 gc2+0
[  1418,4s f62414] InfluenceTick: 7,6 ms 
[  1418,5s f62415] FRAME: 62,1 ms gc0+0 gc1+0 gc2+0
[  1418,6s f62416] InfluenceTick: 6,8 ms 
[  1418,6s f62417] FRAME: 78,1 ms gc0+0 gc1+0 gc2+0
[  1418,7s f62418] FRAME: 54,5 ms gc0+0 gc1+0 gc2+0
[  1418,7s f62418] InfluenceTick: 7,1 ms 
[  1418,7s f62419] FRAME: 63,8 ms gc0+1 gc1+1 gc2+1
[  1418,8s f62420] InfluenceTick: 7,3 ms 
[  1418,8s f62421] FRAME: 62,6 ms gc0+0 gc1+0 gc2+0
[  1418,9s f62422] InfluenceTick: 8,1 ms 
[  1418,9s f62423] FRAME: 62,4 ms gc0+0 gc1+0 gc2+0
[  1419,0s f62424] InfluenceTick: 6,9 ms 
[  1419,0s f62425] FRAME: 77,5 ms gc0+0 gc1+0 gc2+0
[  1419,1s f62426] InfluenceTick: 7,7 ms 
[  1419,2s f62427] FRAME: 73,7 ms gc0+0 gc1+0 gc2+0
[  1419,2s f62428] InfluenceTick: 8,0 ms 
[  1419,3s f62429] FRAME: 62,5 ms gc0+0 gc1+0 gc2+0
[  1419,3s f62429] AIThink: 11,6 ms brains 1
[  1419,3s f62430] FRAME: 59,7 ms gc0+0 gc1+0 gc2+0
[  1419,4s f62430] InfluenceTick: 7,7 ms 
[  1419,4s f62431] FRAME: 62,3 ms gc0+0 gc1+0 gc2+0
[  1419,5s f62432] FRAME: 55,2 ms gc0+0 gc1+0 gc2+0
[  1419,5s f62432] InfluenceTick: 7,8 ms 
[  1419,5s f62433] FRAME: 72,3 ms gc0+0 gc1+0 gc2+0
[  1419,6s f62434] InfluenceTick: 8,3 ms 
[  1419,6s f62435] FRAME: 62,5 ms gc0+0 gc1+0 gc2+0
[  1419,7s f62436] InfluenceTick: 7,3 ms 
[  1419,7s f62437] FRAME: 61,5 ms gc0+0 gc1+0 gc2+0
[  1419,8s f62438] InfluenceTick: 8,2 ms 
[  1419,8s f62439] FRAME: 63,6 ms gc0+0 gc1+0 gc2+0
[  1419,9s f62440] FRAME: 66,9 ms gc0+0 gc1+0 gc2+0
[  1419,9s f62440] InfluenceTick: 7,6 ms 
[  1420,0s f62441] FRAME: 69,1 ms gc0+0 gc1+0 gc2+0
[  1420,0s f62442] FRAME: 55,5 ms gc0+1 gc1+1 gc2+1
[  1420,1s f62442] InfluenceTick: 7,5 ms 
[  1420,1s f62443] FRAME: 64,2 ms gc0+0 gc1+0 gc2+0
[  1420,1s f62444] FRAME: 55,6 ms gc0+0 gc1+0 gc2+0
[  1420,2s f62444] InfluenceTick: 7,3 ms 
[  1420,2s f62445] FRAME: 63,9 ms gc0+0 gc1+0 gc2+0
[  1420,3s f62446] InfluenceTick: 7,4 ms 
[  1420,3s f62447] FRAME: 77,2 ms gc0+0 gc1+0 gc2+0
[  1420,4s f62448] InfluenceTick: 7,6 ms 
[  1420,4s f62448] HutIncome: 15,4 ms huts 71
[  1420,4s f62449] FRAME: 76,2 ms gc0+0 gc1+0 gc2+0
[  1420,5s f62450] InfluenceTick: 7,8 ms 
[  1420,6s f62451] FRAME: 64,1 ms gc0+0 gc1+0 gc2+0
[  1420,6s f62452] InfluenceTick: 6,9 ms 
[  1420,7s f62453] FRAME: 59,0 ms gc0+0 gc1+0 gc2+0
[  1420,8s f62455] FRAME: 67,6 ms gc0+0 gc1+0 gc2+0
[  1420,8s f62455] InfluenceTick: 7,2 ms 
[  1420,8s f62456] FRAME: 63,0 ms gc0+0 gc1+0 gc2+0
[  1420,9s f62457] InfluenceTick: 7,1 ms 
[  1420,9s f62458] FRAME: 59,7 ms gc0+1 gc1+1 gc2+1
[  1421,0s f62460] InfluenceTick: 7,6 ms 
[  1421,1s f62461] FRAME: 76,9 ms gc0+0 gc1+0 gc2+0
[  1421,1s f62462] FRAME: 60,0 ms gc0+0 gc1+0 gc2+0
[  1421,2s f62462] InfluenceTick: 6,9 ms 
[  1421,2s f62463] FRAME: 86,0 ms gc0+0 gc1+0 gc2+0
[  1421,3s f62464] InfluenceTick: 7,6 ms 
[  1421,3s f62465] FRAME: 58,1 ms gc0+0 gc1+0 gc2+0
[  1421,4s f62467] InfluenceTick: 7,8 ms 
[  1421,5s f62468] FRAME: 63,8 ms gc0+0 gc1+0 gc2+0
[  1421,6s f62469] InfluenceTick: 8,0 ms 
[  1421,6s f62470] FRAME: 69,2 ms gc0+0 gc1+0 gc2+0
[  1421,7s f62471] FRAME: 64,0 ms gc0+0 gc1+0 gc2+0
[  1421,7s f62471] InfluenceTick: 8,0 ms 
[  1421,7s f62471] AIThink: 10,2 ms brains 1
[  1421,7s f62472] FRAME: 73,0 ms gc0+0 gc1+0 gc2+0
[  1421,8s f62473] InfluenceTick: 7,4 ms 
[  1421,8s f62474] FRAME: 62,7 ms gc0+0 gc1+0 gc2+0
[  1421,9s f62475] InfluenceTick: 7,8 ms 
[  1422,0s f62476] FRAME: 71,3 ms gc0+0 gc1+0 gc2+0
[  1422,0s f62477] FRAME: 50,0 ms gc0+0 gc1+0 gc2+0
[  1422,0s f62477] InfluenceTick: 7,4 ms 
[  1422,1s f62478] FRAME: 78,9 ms gc0+1 gc1+1 gc2+1
[  1422,1s f62479] FRAME: 61,3 ms gc0+0 gc1+0 gc2+0
[  1422,2s f62479] InfluenceTick: 8,2 ms 
[  1422,2s f62480] FRAME: 85,9 ms gc0+0 gc1+0 gc2+0
[  1422,3s f62481] FRAME: 58,5 ms gc0+0 gc1+0 gc2+0
[  1422,3s f62481] InfluenceTick: 7,0 ms 
[  1422,4s f62482] FRAME: 69,3 ms gc0+0 gc1+0 gc2+0
[  1422,5s f62483] InfluenceTick: 7,1 ms 
[  1422,5s f62483] HutIncome: 14,1 ms huts 71
[  1422,5s f62484] FRAME: 95,1 ms gc0+0 gc1+0 gc2+0
[  1422,6s f62485] InfluenceTick: 7,8 ms 
[  1422,6s f62486] FRAME: 65,9 ms gc0+0 gc1+0 gc2+0
[  1422,7s f62487] FRAME: 50,7 ms gc0+0 gc1+0 gc2+0
[  1422,7s f62487] InfluenceTick: 7,1 ms 
[  1422,7s f62488] FRAME: 62,4 ms gc0+0 gc1+0 gc2+0
[  1422,8s f62489] InfluenceTick: 7,4 ms 
[  1422,8s f62489] AIThink: 9,5 ms brains 1
[  1422,9s f62490] FRAME: 75,6 ms gc0+0 gc1+0 gc2+0
[  1422,9s f62491] FRAME: 53,1 ms gc0+0 gc1+0 gc2+0
[  1422,9s f62491] InfluenceTick: 7,3 ms 
[  1423,0s f62492] FRAME: 63,7 ms gc0+0 gc1+0 gc2+0
[  1423,0s f62493] InfluenceTick: 7,1 ms 
[  1423,1s f62494] FRAME: 57,1 ms gc0+0 gc1+0 gc2+0
[  1423,1s f62495] FRAME: 55,2 ms gc0+0 gc1+0 gc2+0
[  1423,2s f62495] InfluenceTick: 7,8 ms 
[  1423,2s f62496] FRAME: 81,7 ms gc0+0 gc1+0 gc2+0
[  1423,3s f62497] InfluenceTick: 7,3 ms 
[  1423,3s f62498] FRAME: 66,4 ms gc0+1 gc1+1 gc2+1
[  1423,4s f62498] AIThink: 10,5 ms brains 1
[  1423,4s f62499] FRAME: 65,4 ms gc0+0 gc1+0 gc2+0
[  1423,4s f62499] InfluenceTick: 7,9 ms 
[  1423,4s f62500] FRAME: 63,1 ms gc0+0 gc1+0 gc2+0
[  1423,5s f62501] InfluenceTick: 8,4 ms 
[  1423,6s f62502] FRAME: 63,1 ms gc0+0 gc1+0 gc2+0
[  1423,6s f62503] InfluenceTick: 8,1 ms 
[  1423,7s f62504] FRAME: 71,2 ms gc0+0 gc1+0 gc2+0
[  1423,7s f62505] FRAME: 50,6 ms gc0+0 gc1+0 gc2+0
[  1423,7s f62505] InfluenceTick: 7,6 ms 
[  1423,8s f62506] FRAME: 64,9 ms gc0+0 gc1+0 gc2+0
[  1423,8s f62507] FRAME: 58,8 ms gc0+0 gc1+0 gc2+0
[  1423,9s f62507] InfluenceTick: 7,2 ms 
[  1423,9s f62508] FRAME: 63,6 ms gc0+0 gc1+0 gc2+0
[  1424,0s f62509] InfluenceTick: 8,5 ms 
[  1424,0s f62510] FRAME: 61,8 ms gc0+0 gc1+0 gc2+0
[  1424,1s f62511] InfluenceTick: 8,0 ms 
[  1424,1s f62511] AIThink: 10,7 ms brains 1
[  1424,1s f62512] FRAME: 74,2 ms gc0+0 gc1+0 gc2+0
[  1424,2s f62513] FRAME: 51,1 ms gc0+0 gc1+0 gc2+0
[  1424,2s f62513] InfluenceTick: 7,6 ms 
[  1424,2s f62514] FRAME: 78,6 ms gc0+0 gc1+0 gc2+0
[  1424,3s f62515] FRAME: 61,5 ms gc0+0 gc1+0 gc2+0
[  1424,3s f62515] InfluenceTick: 7,6 ms 
[  1424,4s f62516] FRAME: 62,8 ms gc0+0 gc1+0 gc2+0
[  1424,4s f62517] InfluenceTick: 7,8 ms 
[  1424,5s f62517] HutIncome: 15,5 ms huts 71
[  1424,5s f62518] FRAME: 78,2 ms gc0+0 gc1+0 gc2+0
[  1424,6s f62519] InfluenceTick: 7,1 ms 
[  1424,6s f62520] FRAME: 59,5 ms gc0+0 gc1+0 gc2+0
[  1424,7s f62521] InfluenceTick: 7,2 ms 
[  1424,7s f62522] FRAME: 56,4 ms gc0+0 gc1+0 gc2+0
[  1424,8s f62523] FRAME: 64,2 ms gc0+0 gc1+0 gc2+0
[  1424,8s f62523] InfluenceTick: 7,5 ms 
[  1424,8s f62524] FRAME: 57,6 ms gc0+0 gc1+0 gc2+0
[  1424,9s f62525] AIThink: 11,2 ms brains 1
[  1424,9s f62526] FRAME: 54,2 ms gc0+0 gc1+0 gc2+0
[  1424,9s f62526] InfluenceTick: 8,2 ms 
[  1425,0s f62527] FRAME: 66,1 ms gc0+0 gc1+0 gc2+0
[  1425,0s f62528] InfluenceTick: 8,1 ms 
[  1425,1s f62529] FRAME: 61,7 ms gc0+0 gc1+0 gc2+0
[  1425,1s f62530] FRAME: 56,1 ms gc0+0 gc1+0 gc2+0
[  1425,2s f62530] InfluenceTick: 6,7 ms 
[  1425,2s f62531] FRAME: 82,1 ms gc0+0 gc1+0 gc2+0
[  1425,3s f62532] InfluenceTick: 7,1 ms 
[  1425,3s f62533] FRAME: 59,8 ms gc0+0 gc1+0 gc2+0
[  1425,4s f62534] InfluenceTick: 7,0 ms 
[  1425,4s f62535] FRAME: 58,3 ms gc0+0 gc1+0 gc2+0
[  1425,5s f62536] InfluenceTick: 7,9 ms 
[  1425,5s f62537] FRAME: 64,6 ms gc0+0 gc1+0 gc2+0
[  1425,6s f62538] InfluenceTick: 7,6 ms 
[  1425,6s f62538] AIThink: 11,2 ms brains 1
[  1425,7s f62539] FRAME: 94,7 ms gc0+0 gc1+0 gc2+0
[  1425,7s f62540] InfluenceTick: 7,6 ms 
[  1425,8s f62541] FRAME: 69,1 ms gc0+0 gc1+0 gc2+0
[  1425,9s f62542] InfluenceTick: 7,5 ms 
[  1425,9s f62543] FRAME: 63,2 ms gc0+0 gc1+0 gc2+0
[  1426,0s f62544] InfluenceTick: 8,6 ms 
[  1426,0s f62545] FRAME: 63,0 ms gc0+0 gc1+0 gc2+0
[  1426,1s f62546] FRAME: 62,3 ms gc0+0 gc1+0 gc2+0
[  1426,1s f62546] InfluenceTick: 7,4 ms 
[  1426,1s f62547] FRAME: 57,3 ms gc0+0 gc1+0 gc2+0
[  1426,2s f62548] FRAME: 52,9 ms gc0+0 gc1+0 gc2+0
[  1426,2s f62548] InfluenceTick: 8,1 ms 
[  1426,2s f62549] FRAME: 82,3 ms gc0+0 gc1+0 gc2+0
[  1426,3s f62550] FRAME: 57,2 ms gc0+0 gc1+0 gc2+0
[  1426,3s f62550] InfluenceTick: 8,1 ms 
[  1426,4s f62551] FRAME: 67,7 ms gc0+0 gc1+0 gc2+0
[  1426,5s f62552] InfluenceTick: 8,8 ms 
[  1426,5s f62552] HutIncome: 16,1 ms huts 71
[  1426,5s f62552] AIThink: 10,1 ms brains 1
[  1426,5s f62553] FRAME: 107,0 ms gc0+0 gc1+0 gc2+0
[  1426,6s f62553] InfluenceTick: 8,6 ms 
[  1426,6s f62554] FRAME: 71,1 ms gc0+0 gc1+0 gc2+0
[  1426,7s f62555] InfluenceTick: 7,8 ms 
[  1426,7s f62556] FRAME: 57,4 ms gc0+0 gc1+0 gc2+0
[  1426,8s f62558] InfluenceTick: 7,6 ms 
[  1426,8s f62559] FRAME: 71,9 ms gc0+0 gc1+0 gc2+0
[  1426,9s f62560] FRAME: 64,0 ms gc0+1 gc1+1 gc2+1
[  1426,9s f62560] InfluenceTick: 7,8 ms 
[  1427,0s f62561] FRAME: 61,9 ms gc0+0 gc1+0 gc2+0
[  1427,1s f62562] InfluenceTick: 9,0 ms 
[  1427,1s f62563] FRAME: 70,4 ms gc0+0 gc1+0 gc2+0
[  1427,2s f62564] InfluenceTick: 8,2 ms 
[  1427,2s f62565] FRAME: 70,0 ms gc0+0 gc1+0 gc2+0
[  1427,3s f62566] InfluenceTick: 7,9 ms 
[  1427,3s f62567] FRAME: 87,7 ms gc0+0 gc1+0 gc2+0
[  1427,4s f62568] FRAME: 50,1 ms gc0+0 gc1+0 gc2+0
[  1427,4s f62568] InfluenceTick: 7,1 ms 
[  1427,5s f62569] FRAME: 61,7 ms gc0+0 gc1+0 gc2+0
[  1427,5s f62570] InfluenceTick: 7,3 ms 
[  1427,5s f62570] AIThink: 10,2 ms brains 1
[  1427,6s f62571] FRAME: 72,4 ms gc0+0 gc1+0 gc2+0
[  1427,6s f62572] InfluenceTick: 8,0 ms 
[  1427,7s f62573] FRAME: 66,0 ms gc0+0 gc1+0 gc2+0
[  1427,7s f62574] FRAME: 59,7 ms gc0+0 gc1+0 gc2+0
[  1427,8s f62574] InfluenceTick: 7,5 ms 
[  1427,8s f62575] FRAME: 61,8 ms gc0+0 gc1+0 gc2+0
[  1427,9s f62576] InfluenceTick: 7,4 ms 
[  1427,9s f62576] AIThink: 10,2 ms brains 1
[  1427,9s f62577] FRAME: 71,1 ms gc0+0 gc1+0 gc2+0
[  1428,0s f62578] InfluenceTick: 8,1 ms 
[  1428,0s f62579] FRAME: 67,7 ms gc0+0 gc1+0 gc2+0
[  1428,1s f62580] InfluenceTick: 7,7 ms 
[  1428,1s f62581] FRAME: 68,5 ms gc0+0 gc1+0 gc2+0
[  1428,2s f62582] FRAME: 72,0 ms gc0+0 gc1+0 gc2+0
[  1428,2s f62582] InfluenceTick: 7,8 ms 
[  1428,3s f62583] FRAME: 66,7 ms gc0+0 gc1+0 gc2+0
[  1428,3s f62584] InfluenceTick: 7,4 ms 
[  1428,4s f62585] FRAME: 62,2 ms gc0+0 gc1+0 gc2+0
[  1428,4s f62586] FRAME: 50,3 ms gc0+0 gc1+0 gc2+0
[  1428,5s f62586] InfluenceTick: 8,3 ms 
[  1428,5s f62586] HutIncome: 15,4 ms huts 71
[  1428,5s f62587] FRAME: 81,5 ms gc0+0 gc1+0 gc2+0
[  1428,6s f62588] InfluenceTick: 7,5 ms 
[  1428,6s f62589] FRAME: 73,9 ms gc0+0 gc1+0 gc2+0
[  1428,7s f62590] InfluenceTick: 7,5 ms 
[  1428,7s f62591] FRAME: 58,4 ms gc0+0 gc1+0 gc2+0
[  1428,8s f62593] InfluenceTick: 8,2 ms 
[  1428,9s f62593] AIThink: 11,9 ms brains 1
[  1428,9s f62594] FRAME: 73,4 ms gc0+0 gc1+0 gc2+0
[  1428,9s f62595] InfluenceTick: 7,1 ms 
[  1429,0s f62596] FRAME: 64,1 ms gc0+0 gc1+0 gc2+0
[  1429,0s f62597] FRAME: 63,1 ms gc0+0 gc1+0 gc2+0
[  1429,1s f62597] InfluenceTick: 8,1 ms 
[  1429,1s f62598] FRAME: 69,3 ms gc0+0 gc1+0 gc2+0
[  1429,1s f62598] AIThink: 11,0 ms brains 1
[  1429,2s f62599] FRAME: 65,4 ms gc0+0 gc1+0 gc2+0
[  1429,2s f62599] InfluenceTick: 9,0 ms 
[  1429,3s f62600] FRAME: 80,2 ms gc0+0 gc1+0 gc2+0
[  1429,3s f62601] InfluenceTick: 7,2 ms 
[  1429,4s f62602] FRAME: 62,8 ms gc0+0 gc1+0 gc2+0
[  1429,5s f62603] InfluenceTick: 7,9 ms 
[  1429,5s f62604] FRAME: 82,5 ms gc0+0 gc1+0 gc2+0
[  1429,6s f62605] InfluenceTick: 7,3 ms 
[  1429,6s f62606] FRAME: 60,9 ms gc0+0 gc1+0 gc2+0
[  1429,7s f62607] InfluenceTick: 7,8 ms 
[  1429,7s f62607] AIThink: 11,4 ms brains 1
[  1429,7s f62608] FRAME: 76,8 ms gc0+0 gc1+0 gc2+0
[  1429,8s f62609] InfluenceTick: 7,4 ms 
[  1429,8s f62610] FRAME: 61,8 ms gc0+0 gc1+0 gc2+0
[  1429,9s f62611] FRAME: 60,3 ms gc0+0 gc1+0 gc2+0
[  1429,9s f62611] InfluenceTick: 7,9 ms 
[  1429,9s f62612] FRAME: 59,7 ms gc0+0 gc1+0 gc2+0
[  1430,0s f62613] InfluenceTick: 7,6 ms 
[  1430,1s f62614] FRAME: 66,9 ms gc0+0 gc1+0 gc2+0
[  1430,1s f62615] FRAME: 55,0 ms gc0+0 gc1+0 gc2+0
[  1430,1s f62615] InfluenceTick: 7,4 ms 
[  1430,2s f62615] AIThink: 14,4 ms brains 1
[  1430,2s f62616] FRAME: 90,0 ms gc0+0 gc1+0 gc2+0
[  1430,3s f62617] FRAME: 51,0 ms gc0+1 gc1+1 gc2+1
[  1430,3s f62617] InfluenceTick: 8,1 ms 
[  1430,3s f62618] FRAME: 83,7 ms gc0+0 gc1+0 gc2+0
[  1430,4s f62619] InfluenceTick: 7,6 ms 
[  1430,4s f62620] FRAME: 59,1 ms gc0+0 gc1+0 gc2+0
[  1430,5s f62620] HutIncome: 17,1 ms huts 71
[  1430,5s f62621] FRAME: 60,6 ms gc0+0 gc1+0 gc2+0
[  1430,5s f62621] InfluenceTick: 7,2 ms 
[  1430,6s f62622] FRAME: 62,0 ms gc0+0 gc1+0 gc2+0
[  1430,6s f62623] InfluenceTick: 7,9 ms 
[  1430,7s f62624] FRAME: 59,4 ms gc0+0 gc1+0 gc2+0
[  1430,7s f62625] FRAME: 64,6 ms gc0+0 gc1+0 gc2+0
[  1430,8s f62625] InfluenceTick: 7,6 ms 
[  1430,8s f62626] FRAME: 65,2 ms gc0+0 gc1+0 gc2+0
[  1430,9s f62627] InfluenceTick: 7,9 ms 
[  1430,9s f62628] FRAME: 60,8 ms gc0+0 gc1+0 gc2+0
[  1431,0s f62630] InfluenceTick: 7,6 ms 
[  1431,0s f62631] FRAME: 57,5 ms gc0+0 gc1+0 gc2+0
[  1431,1s f62632] InfluenceTick: 8,1 ms 
[  1431,2s f62633] FRAME: 94,4 ms gc0+0 gc1+0 gc2+0
[  1431,2s f62633] AIThink: 10,8 ms brains 1
[  1431,3s f62634] FRAME: 69,4 ms gc0+0 gc1+0 gc2+0
[  1431,3s f62634] InfluenceTick: 7,3 ms 
[  1431,3s f62634] AIThink: 9,1 ms brains 1
[  1431,3s f62635] FRAME: 72,9 ms gc0+0 gc1+0 gc2+0
[  1431,4s f62636] InfluenceTick: 7,2 ms 
[  1431,4s f62637] FRAME: 63,9 ms gc0+0 gc1+0 gc2+0
[  1431,5s f62638] InfluenceTick: 7,6 ms 
[  1431,5s f62639] FRAME: 63,6 ms gc0+0 gc1+0 gc2+0
[  1431,6s f62640] FRAME: 65,0 ms gc0+0 gc1+0 gc2+0
[  1431,6s f62640] InfluenceTick: 7,3 ms 
[  1431,7s f62641] FRAME: 65,3 ms gc0+0 gc1+0 gc2+0
[  1431,7s f62642] InfluenceTick: 6,8 ms 
[  1431,8s f62643] FRAME: 59,5 ms gc0+0 gc1+0 gc2+0
[  1431,9s f62644] InfluenceTick: 8,1 ms 
[  1431,9s f62644] AIThink: 11,0 ms brains 1
[  1431,9s f62645] FRAME: 81,3 ms gc0+0 gc1+0 gc2+0
[  1432,0s f62646] InfluenceTick: 8,1 ms 
[  1432,0s f62647] FRAME: 67,4 ms gc0+0 gc1+0 gc2+0
[  1432,1s f62648] FRAME: 61,2 ms gc0+0 gc1+0 gc2+0
[  1432,1s f62648] InfluenceTick: 7,7 ms 
[  1432,1s f62649] FRAME: 73,2 ms gc0+0 gc1+0 gc2+0
[  1432,2s f62650] FRAME: 53,0 ms gc0+0 gc1+0 gc2+0
[  1432,2s f62650] InfluenceTick: 8,1 ms 
[  1432,3s f62651] FRAME: 67,1 ms gc0+0 gc1+0 gc2+0
[  1432,3s f62652] FRAME: 51,7 ms gc0+0 gc1+0 gc2+0
[  1432,4s f62652] InfluenceTick: 8,3 ms 
[  1432,4s f62653] FRAME: 76,8 ms gc0+0 gc1+0 gc2+0
[  1432,4s f62653] AIThink: 11,7 ms brains 1
[  1432,5s f62654] FRAME: 58,5 ms gc0+0 gc1+0 gc2+0
[  1432,5s f62654] InfluenceTick: 7,6 ms 
[  1432,5s f62654] HutIncome: 15,2 ms huts 71
[  1432,5s f62655] FRAME: 94,7 ms gc0+0 gc1+0 gc2+0
[  1432,6s f62656] InfluenceTick: 7,1 ms 
[  1432,7s f62657] FRAME: 69,3 ms gc0+0 gc1+0 gc2+0
[  1432,7s f62658] FRAME: 54,9 ms gc0+1 gc1+1 gc2+1
[  1432,7s f62658] InfluenceTick: 7,4 ms 
[  1432,8s f62659] FRAME: 61,6 ms gc0+0 gc1+0 gc2+0
[  1432,8s f62660] InfluenceTick: 6,8 ms 
[  1432,9s f62661] FRAME: 58,9 ms gc0+0 gc1+0 gc2+0
[  1432,9s f62662] FRAME: 60,1 ms gc0+0 gc1+0 gc2+0
[  1433,0s f62662] InfluenceTick: 7,7 ms 
[  1433,0s f62663] FRAME: 59,9 ms gc0+0 gc1+0 gc2+0
[  1433,1s f62664] InfluenceTick: 7,7 ms 
[  1433,1s f62665] FRAME: 63,2 ms gc0+0 gc1+0 gc2+0
[  1433,2s f62666] FRAME: 53,3 ms gc0+0 gc1+0 gc2+0
[  1433,2s f62666] InfluenceTick: 8,7 ms 
[  1433,2s f62667] FRAME: 76,8 ms gc0+0 gc1+0 gc2+0
[  1433,3s f62668] InfluenceTick: 7,7 ms 
[  1433,4s f62669] FRAME: 80,5 ms gc0+0 gc1+0 gc2+0
[  1433,4s f62670] InfluenceTick: 7,8 ms 
[  1433,5s f62671] FRAME: 63,3 ms gc0+0 gc1+0 gc2+0
[  1433,5s f62672] InfluenceTick: 8,0 ms 
[  1433,6s f62673] FRAME: 58,7 ms gc0+0 gc1+0 gc2+0
[  1433,6s f62673] AIThink: 11,5 ms brains 1
[  1433,6s f62674] FRAME: 62,7 ms gc0+0 gc1+0 gc2+0
[  1433,7s f62674] InfluenceTick: 8,2 ms 
[  1433,7s f62675] FRAME: 61,0 ms gc0+0 gc1+0 gc2+0
[  1433,8s f62676] FRAME: 59,9 ms gc0+0 gc1+0 gc2+0
[  1433,8s f62676] InfluenceTick: 8,5 ms 
[  1433,8s f62677] FRAME: 67,7 ms gc0+0 gc1+0 gc2+0
[  1433,9s f62678] InfluenceTick: 8,3 ms 
[  1433,9s f62679] FRAME: 72,0 ms gc0+1 gc1+1 gc2+1
[  1434,0s f62680] InfluenceTick: 7,6 ms 
[  1434,0s f62680] AIThink: 10,6 ms brains 1
[  1434,0s f62681] FRAME: 71,8 ms gc0+0 gc1+0 gc2+0
[  1434,1s f62682] InfluenceTick: 7,1 ms 
[  1434,2s f62683] FRAME: 61,8 ms gc0+0 gc1+0 gc2+0
[  1434,2s f62684] FRAME: 62,7 ms gc0+0 gc1+0 gc2+0
[  1434,2s f62684] InfluenceTick: 6,9 ms 
[  1434,3s f62685] FRAME: 66,0 ms gc0+0 gc1+0 gc2+0
[  1434,3s f62686] FRAME: 50,6 ms gc0+0 gc1+0 gc2+0
[  1434,4s f62686] InfluenceTick: 7,6 ms 
[  1434,4s f62687] FRAME: 59,6 ms gc0+0 gc1+0 gc2+0
[  1434,5s f62689] InfluenceTick: 8,1 ms 
[  1434,5s f62689] HutIncome: 15,7 ms huts 71
[  1434,6s f62690] FRAME: 82,4 ms gc0+0 gc1+0 gc2+0
[  1434,6s f62691] InfluenceTick: 7,5 ms 
[  1434,7s f62692] FRAME: 73,3 ms gc0+0 gc1+0 gc2+0
[  1434,7s f62693] InfluenceTick: 7,4 ms 
[  1434,8s f62694] FRAME: 57,4 ms gc0+0 gc1+0 gc2+0
[  1434,8s f62695] InfluenceTick: 7,1 ms 
[  1434,9s f62696] FRAME: 58,2 ms gc0+0 gc1+0 gc2+0
[  1434,9s f62697] InfluenceTick: 6,8 ms 
[  1435,0s f62698] FRAME: 62,5 ms gc0+0 gc1+0 gc2+0
[  1435,1s f62699] InfluenceTick: 7,6 ms 
[  1435,1s f62700] FRAME: 80,9 ms gc0+0 gc1+0 gc2+0
[  1435,2s f62701] FRAME: 54,0 ms gc0+0 gc1+0 gc2+0
[  1435,2s f62701] InfluenceTick: 8,2 ms 
[  1435,2s f62702] FRAME: 69,3 ms gc0+0 gc1+0 gc2+0
[  1435,3s f62703] InfluenceTick: 7,0 ms 
[  1435,3s f62704] FRAME: 59,9 ms gc0+0 gc1+0 gc2+0
[  1435,4s f62705] InfluenceTick: 7,1 ms 
[  1435,4s f62706] FRAME: 56,8 ms gc0+0 gc1+0 gc2+0
[  1435,5s f62706] AIThink: 10,6 ms brains 2
[  1435,5s f62707] FRAME: 61,8 ms gc0+0 gc1+0 gc2+0
[  1435,5s f62707] InfluenceTick: 7,8 ms 
[  1435,6s f62708] FRAME: 64,5 ms gc0+0 gc1+0 gc2+0
[  1435,6s f62709] InfluenceTick: 7,2 ms 
[  1435,7s f62710] FRAME: 58,6 ms gc0+0 gc1+0 gc2+0
[  1435,8s f62712] InfluenceTick: 7,4 ms 
[  1435,8s f62713] FRAME: 58,7 ms gc0+0 gc1+0 gc2+0
[  1435,9s f62714] InfluenceTick: 7,8 ms 
[  1435,9s f62715] FRAME: 87,7 ms gc0+0 gc1+0 gc2+0
[  1436,0s f62716] InfluenceTick: 9,3 ms 
[  1436,0s f62716] AIThink: 11,2 ms brains 1
[  1436,1s f62717] FRAME: 77,8 ms gc0+0 gc1+0 gc2+0
[  1436,1s f62718] InfluenceTick: 7,4 ms 
[  1436,2s f62719] FRAME: 62,1 ms gc0+0 gc1+0 gc2+0
[  1436,2s f62719] AIThink: 10,5 ms brains 1
[  1436,2s f62720] FRAME: 54,2 ms gc0+0 gc1+0 gc2+0
[  1436,2s f62720] InfluenceTick: 7,3 ms 
[  1436,3s f62721] FRAME: 64,0 ms gc0+0 gc1+0 gc2+0
[  1436,3s f62722] FRAME: 59,8 ms gc0+0 gc1+0 gc2+0
[  1436,4s f62722] InfluenceTick: 7,8 ms 
[  1436,4s f62723] FRAME: 75,7 ms gc0+0 gc1+0 gc2+0
[  1436,5s f62724] FRAME: 57,2 ms gc0+0 gc1+0 gc2+0
[  1436,5s f62724] InfluenceTick: 8,7 ms 
[  1436,5s f62724] HutIncome: 16,2 ms huts 71
[  1436,6s f62725] FRAME: 80,3 ms gc0+0 gc1+0 gc2+0
[  1436,6s f62726] InfluenceTick: 8,5 ms 
[  1436,7s f62727] FRAME: 69,5 ms gc0+0 gc1+0 gc2+0
[  1436,8s f62728] InfluenceTick: 10,3 ms 
[  1436,8s f62729] FRAME: 99,7 ms gc0+0 gc1+0 gc2+0
[  1436,9s f62730] InfluenceTick: 8,5 ms 
[  1436,9s f62731] FRAME: 70,4 ms gc0+0 gc1+0 gc2+0
[  1437,0s f62731] AIThink: 13,2 ms brains 1
[  1437,0s f62732] FRAME: 63,1 ms gc0+0 gc1+0 gc2+0
[  1437,0s f62732] InfluenceTick: 7,8 ms 
[  1437,1s f62733] FRAME: 69,9 ms gc0+0 gc1+0 gc2+0
[  1437,1s f62734] FRAME: 58,8 ms gc0+1 gc1+1 gc2+1
[  1437,2s f62734] InfluenceTick: 6,9 ms 
[  1437,2s f62735] FRAME: 82,6 ms gc0+0 gc1+0 gc2+0
[  1437,3s f62736] InfluenceTick: 8,3 ms 
[  1437,3s f62737] FRAME: 64,8 ms gc0+0 gc1+0 gc2+0
[  1437,4s f62738] InfluenceTick: 7,3 ms 
[  1437,4s f62739] FRAME: 73,4 ms gc0+0 gc1+0 gc2+0
[  1437,5s f62740] FRAME: 52,1 ms gc0+0 gc1+0 gc2+0
[  1437,5s f62740] InfluenceTick: 7,4 ms 
[  1437,5s f62741] FRAME: 62,4 ms gc0+0 gc1+0 gc2+0
[  1437,6s f62741] AIThink: 10,5 ms brains 1
[  1437,6s f62742] FRAME: 70,2 ms gc0+0 gc1+0 gc2+0
[  1437,6s f62742] InfluenceTick: 6,9 ms 
[  1437,7s f62743] FRAME: 62,0 ms gc0+0 gc1+0 gc2+0
[  1437,7s f62744] InfluenceTick: 7,8 ms 
[  1437,8s f62745] FRAME: 62,8 ms gc0+0 gc1+0 gc2+0
[  1437,8s f62746] InfluenceTick: 7,2 ms 
[  1437,9s f62747] FRAME: 59,4 ms gc0+0 gc1+0 gc2+0
[  1438,0s f62749] InfluenceTick: 8,5 ms 
[  1438,0s f62750] FRAME: 90,3 ms gc0+0 gc1+0 gc2+0
[  1438,1s f62751] InfluenceTick: 8,1 ms 
[  1438,2s f62752] FRAME: 74,7 ms gc0+1 gc1+1 gc2+1
[  1438,2s f62753] InfluenceTick: 6,8 ms 
[  1438,3s f62754] FRAME: 71,3 ms gc0+0 gc1+0 gc2+0
[  1438,4s f62755] InfluenceTick: 7,8 ms 
[  1438,4s f62756] FRAME: 60,2 ms gc0+0 gc1+0 gc2+0
[  1438,4s f62756] AIThink: 10,1 ms brains 1
[  1438,5s f62757] FRAME: 76,7 ms gc0+0 gc1+0 gc2+0
[  1438,5s f62757] InfluenceTick: 6,9 ms 
[  1438,5s f62758] FRAME: 74,6 ms gc0+0 gc1+0 gc2+0
[  1438,6s f62758] HutIncome: 15,3 ms huts 71
[  1438,6s f62759] FRAME: 60,0 ms gc0+0 gc1+0 gc2+0
[  1438,6s f62759] InfluenceTick: 7,2 ms 
[  1438,7s f62760] FRAME: 57,5 ms gc0+0 gc1+0 gc2+0
[  1438,7s f62761] InfluenceTick: 7,6 ms 
[  1438,8s f62762] FRAME: 59,5 ms gc0+0 gc1+0 gc2+0
[  1438,9s f62763] InfluenceTick: 7,6 ms 
[  1438,9s f62764] FRAME: 79,3 ms gc0+0 gc1+0 gc2+0
[  1439,0s f62765] InfluenceTick: 7,7 ms 
[  1439,0s f62766] FRAME: 65,2 ms gc0+0 gc1+0 gc2+0
[  1439,1s f62767] InfluenceTick: 7,4 ms 
[  1439,1s f62768] FRAME: 68,6 ms gc0+0 gc1+0 gc2+0
[  1439,2s f62769] FRAME: 59,0 ms gc0+0 gc1+0 gc2+0
[  1439,2s f62769] InfluenceTick: 7,1 ms 
[  1439,2s f62770] FRAME: 68,2 ms gc0+1 gc1+1 gc2+1
[  1439,3s f62771] FRAME: 58,9 ms gc0+0 gc1+0 gc2+0
[  1439,3s f62771] InfluenceTick: 7,8 ms 
[  1439,4s f62772] FRAME: 65,6 ms gc0+0 gc1+0 gc2+0
[  1439,4s f62773] InfluenceTick: 7,3 ms 
[  1439,5s f62774] FRAME: 59,9 ms gc0+0 gc1+0 gc2+0
[  1439,5s f62775] InfluenceTick: 7,7 ms 
[  1439,6s f62776] FRAME: 70,3 ms gc0+0 gc1+0 gc2+0
[  1439,6s f62777] InfluenceTick: 7,2 ms 
[  1439,7s f62778] FRAME: 56,3 ms gc0+0 gc1+0 gc2+0
[  1439,7s f62779] FRAME: 52,6 ms gc0+0 gc1+0 gc2+0
[  1439,8s f62779] InfluenceTick: 6,8 ms 
[  1439,8s f62780] FRAME: 58,5 ms gc0+0 gc1+0 gc2+0
[  1439,9s f62782] InfluenceTick: 7,8 ms 
[  1439,9s f62783] FRAME: 59,6 ms gc0+0 gc1+0 gc2+0
[  1440,0s f62784] InfluenceTick: 7,1 ms 
[  1440,0s f62785] FRAME: 55,8 ms gc0+0 gc1+0 gc2+0
[  1440,1s f62786] InfluenceTick: 7,1 ms 
[  1440,1s f62787] FRAME: 73,2 ms gc0+0 gc1+0 gc2+0
[  1440,2s f62788] FRAME: 70,4 ms gc0+1 gc1+1 gc2+1
[  1440,2s f62788] InfluenceTick: 7,5 ms 
[  1440,3s f62789] FRAME: 59,9 ms gc0+0 gc1+0 gc2+0
[  1440,3s f62790] InfluenceTick: 7,3 ms 
[  1440,4s f62791] FRAME: 62,0 ms gc0+0 gc1+0 gc2+0
[  1440,4s f62792] InfluenceTick: 6,8 ms 
[  1440,5s f62793] FRAME: 53,1 ms gc0+0 gc1+0 gc2+0
[  1440,6s f62795] InfluenceTick: 8,3 ms 
[  1440,6s f62795] HutIncome: 16,6 ms huts 71
[  1440,7s f62796] FRAME: 106,1 ms gc0+0 gc1+0 gc2+0
[  1440,7s f62796] InfluenceTick: 7,1 ms 
[  1440,7s f62797] FRAME: 57,2 ms gc0+0 gc1+0 gc2+0
[  1440,8s f62798] AIThink: 10,1 ms brains 1
[  1440,8s f62799] FRAME: 51,1 ms gc0+0 gc1+0 gc2+0
[  1440,8s f62799] InfluenceTick: 7,3 ms 
[  1440,9s f62800] FRAME: 62,9 ms gc0+0 gc1+0 gc2+0
[  1440,9s f62801] InfluenceTick: 7,3 ms 
[  1441,0s f62802] FRAME: 56,1 ms gc0+0 gc1+0 gc2+0
[  1441,0s f62803] FRAME: 56,2 ms gc0+0 gc1+0 gc2+0
[  1441,1s f62803] InfluenceTick: 7,9 ms 
[  1441,1s f62804] FRAME: 62,5 ms gc0+0 gc1+0 gc2+0
[  1441,1s f62805] FRAME: 52,0 ms gc0+0 gc1+0 gc2+0
[  1441,2s f62805] InfluenceTick: 7,2 ms 
[  1441,2s f62806] FRAME: 64,5 ms gc0+0 gc1+0 gc2+0
[  1441,3s f62807] InfluenceTick: 7,9 ms 
[  1441,3s f62808] FRAME: 59,3 ms gc0+0 gc1+0 gc2+0
[  1441,4s f62809] InfluenceTick: 7,0 ms 
[  1441,4s f62810] FRAME: 64,4 ms gc0+1 gc1+1 gc2+1
[  1441,5s f62810] AIThink: 11,3 ms brains 1
[  1441,5s f62811] FRAME: 67,3 ms gc0+0 gc1+0 gc2+0
[  1441,5s f62811] InfluenceTick: 7,8 ms 
[  1441,5s f62812] FRAME: 58,7 ms gc0+0 gc1+0 gc2+0
[  1441,6s f62813] InfluenceTick: 7,4 ms 
[  1441,7s f62814] FRAME: 64,9 ms gc0+0 gc1+0 gc2+0
[  1441,7s f62815] InfluenceTick: 7,2 ms 
[  1441,8s f62816] FRAME: 56,6 ms gc0+0 gc1+0 gc2+0
[  1441,9s f62818] InfluenceTick: 7,3 ms 
[  1441,9s f62819] FRAME: 71,4 ms gc0+0 gc1+0 gc2+0
[  1442,0s f62820] InfluenceTick: 7,3 ms 
[  1442,0s f62821] FRAME: 73,4 ms gc0+0 gc1+0 gc2+0
[  1442,1s f62822] FRAME: 50,0 ms gc0+0 gc1+0 gc2+0
[  1442,1s f62822] InfluenceTick: 7,6 ms 
[  1442,1s f62823] FRAME: 65,0 ms gc0+0 gc1+0 gc2+0
[  1442,2s f62824] InfluenceTick: 8,2 ms 
[  1442,3s f62825] FRAME: 74,8 ms gc0+0 gc1+0 gc2+0
[  1442,3s f62826] FRAME: 58,7 ms gc0+0 gc1+0 gc2+0
[  1442,3s f62826] InfluenceTick: 8,3 ms 
[  1442,4s f62827] FRAME: 65,9 ms gc0+0 gc1+0 gc2+0
[  1442,4s f62828] FRAME: 54,6 ms gc0+1 gc1+1 gc2+1
[  1442,5s f62828] InfluenceTick: 7,1 ms 
[  1442,5s f62829] FRAME: 67,3 ms gc0+0 gc1+0 gc2+0
[  1442,6s f62830] InfluenceTick: 7,6 ms 
[  1442,6s f62831] FRAME: 56,9 ms gc0+0 gc1+0 gc2+0
[  1442,6s f62831] HutIncome: 16,0 ms huts 71
[  1442,7s f62832] FRAME: 67,5 ms gc0+0 gc1+0 gc2+0
[  1442,7s f62832] InfluenceTick: 7,8 ms 
[  1442,8s f62833] FRAME: 90,3 ms gc0+0 gc1+0 gc2+0
[  1442,8s f62834] InfluenceTick: 7,4 ms 
[  1442,9s f62835] FRAME: 62,5 ms gc0+0 gc1+0 gc2+0
[  1442,9s f62836] InfluenceTick: 7,3 ms 
[  1443,0s f62837] FRAME: 62,1 ms gc0+0 gc1+0 gc2+0
[  1443,0s f62838] InfluenceTick: 7,6 ms 
[  1443,1s f62839] FRAME: 63,3 ms gc0+0 gc1+0 gc2+0
[  1443,1s f62840] FRAME: 63,8 ms gc0+0 gc1+0 gc2+0
[  1443,2s f62840] InfluenceTick: 8,0 ms 
[  1443,2s f62840] AIThink: 10,2 ms brains 1
[  1443,2s f62841] FRAME: 80,1 ms gc0+0 gc1+0 gc2+0
[  1443,3s f62842] InfluenceTick: 7,8 ms 
[  1443,3s f62843] FRAME: 61,9 ms gc0+0 gc1+0 gc2+0
[  1443,4s f62845] InfluenceTick: 7,1 ms 
[  1443,5s f62846] FRAME: 55,3 ms gc0+0 gc1+0 gc2+0
[  1443,6s f62848] FRAME: 60,8 ms gc0+1 gc1+1 gc2+1
[  1443,6s f62848] InfluenceTick: 7,5 ms 
[  1443,6s f62849] FRAME: 58,7 ms gc0+0 gc1+0 gc2+0
[  1443,7s f62851] InfluenceTick: 8,0 ms 
[  1443,8s f62852] FRAME: 64,7 ms gc0+0 gc1+0 gc2+0
[  1443,8s f62853] FRAME: 50,1 ms gc0+0 gc1+0 gc2+0
[  1443,8s f62853] InfluenceTick: 7,9 ms 
[  1443,9s f62854] FRAME: 65,7 ms gc0+0 gc1+0 gc2+0
[  1443,9s f62854] AIThink: 12,5 ms brains 1
[  1443,9s f62855] FRAME: 60,3 ms gc0+0 gc1+0 gc2+0
[  1444,0s f62855] InfluenceTick: 7,6 ms 
[  1444,0s f62856] FRAME: 73,7 ms gc0+0 gc1+0 gc2+0
[  1444,1s f62857] InfluenceTick: 7,8 ms 
[  1444,1s f62858] FRAME: 67,1 ms gc0+0 gc1+0 gc2+0
[  1444,2s f62859] FRAME: 55,5 ms gc0+0 gc1+0 gc2+0
[  1444,2s f62859] InfluenceTick: 8,3 ms 
[  1444,3s f62860] FRAME: 75,2 ms gc0+0 gc1+0 gc2+0
[  1444,3s f62861] InfluenceTick: 8,0 ms 
[  1444,4s f62862] FRAME: 69,4 ms gc0+0 gc1+0 gc2+0
[  1444,4s f62863] FRAME: 57,8 ms gc0+0 gc1+0 gc2+0
[  1444,5s f62863] InfluenceTick: 8,5 ms 
[  1444,5s f62864] FRAME: 63,3 ms gc0+0 gc1+0 gc2+0
[  1444,6s f62865] InfluenceTick: 7,1 ms 
[  1444,6s f62866] FRAME: 58,1 ms gc0+0 gc1+0 gc2+0
[  1444,7s f62867] InfluenceTick: 7,9 ms 
[  1444,7s f62867] HutIncome: 16,6 ms huts 71
[  1444,7s f62868] FRAME: 77,6 ms gc0+0 gc1+0 gc2+0
[  1444,8s f62869] InfluenceTick: 7,9 ms 
[  1444,8s f62870] FRAME: 63,2 ms gc0+0 gc1+0 gc2+0
[  1444,9s f62871] FRAME: 70,9 ms gc0+1 gc1+1 gc2+1
[  1444,9s f62871] InfluenceTick: 7,1 ms 
[  1444,9s f62872] FRAME: 62,2 ms gc0+0 gc1+0 gc2+0
[  1445,0s f62873] InfluenceTick: 7,3 ms 
[  1445,0s f62874] FRAME: 60,7 ms gc0+0 gc1+0 gc2+0
[  1445,1s f62875] FRAME: 58,6 ms gc0+0 gc1+0 gc2+0
[  1445,1s f62875] InfluenceTick: 7,5 ms 
[  1445,2s f62876] FRAME: 77,6 ms gc0+0 gc1+0 gc2+0
[  1445,3s f62877] InfluenceTick: 7,4 ms 
[  1445,3s f62878] FRAME: 70,9 ms gc0+0 gc1+0 gc2+0
[  1445,4s f62879] InfluenceTick: 7,0 ms 
[  1445,4s f62880] FRAME: 59,0 ms gc0+0 gc1+0 gc2+0
[  1445,5s f62881] InfluenceTick: 8,2 ms 
[  1445,5s f62882] FRAME: 60,4 ms gc0+0 gc1+0 gc2+0
[  1445,6s f62883] AIThink: 14,3 ms brains 1
[  1445,6s f62884] FRAME: 54,0 ms gc0+0 gc1+0 gc2+0
[  1445,6s f62884] InfluenceTick: 7,7 ms 
[  1445,7s f62885] FRAME: 65,8 ms gc0+1 gc1+1 gc2+1
[  1445,7s f62886] FRAME: 60,4 ms gc0+0 gc1+0 gc2+0
[  1445,7s f62886] InfluenceTick: 7,3 ms 
[  1445,8s f62887] FRAME: 58,6 ms gc0+0 gc1+0 gc2+0
[  1445,9s f62888] InfluenceTick: 8,2 ms 
[  1445,9s f62889] FRAME: 62,8 ms gc0+0 gc1+0 gc2+0
[  1445,9s f62889] AIThink: 11,3 ms brains 1
[  1445,9s f62890] FRAME: 60,9 ms gc0+0 gc1+0 gc2+0
[  1446,0s f62890] InfluenceTick: 7,5 ms 
[  1446,0s f62891] FRAME: 63,2 ms gc0+0 gc1+0 gc2+0
[  1446,1s f62892] InfluenceTick: 8,1 ms 
[  1446,1s f62893] FRAME: 71,4 ms gc0+0 gc1+0 gc2+0
[  1446,2s f62894] FRAME: 63,8 ms gc0+0 gc1+0 gc2+0
[  1446,2s f62894] InfluenceTick: 8,5 ms 
[  1446,3s f62895] FRAME: 64,9 ms gc0+0 gc1+0 gc2+0
[  1446,3s f62896] InfluenceTick: 7,8 ms 
[  1446,4s f62897] FRAME: 59,3 ms gc0+0 gc1+0 gc2+0
[  1446,4s f62898] InfluenceTick: 7,6 ms 
[  1446,5s f62899] FRAME: 65,6 ms gc0+0 gc1+0 gc2+0
[  1446,5s f62900] InfluenceTick: 7,4 ms 
[  1446,6s f62901] FRAME: 61,2 ms gc0+0 gc1+0 gc2+0
[  1446,6s f62902] FRAME: 64,7 ms gc0+0 gc1+0 gc2+0
[  1446,7s f62902] InfluenceTick: 6,8 ms 
[  1446,7s f62902] HutIncome: 13,3 ms huts 71
[  1446,7s f62903] FRAME: 75,9 ms gc0+0 gc1+0 gc2+0
[  1446,8s f62904] InfluenceTick: 7,7 ms 
[  1446,8s f62905] FRAME: 60,7 ms gc0+0 gc1+0 gc2+0
[  1446,9s f62906] InfluenceTick: 7,5 ms 
[  1446,9s f62907] FRAME: 58,6 ms gc0+0 gc1+0 gc2+0
[  1447,0s f62908] InfluenceTick: 7,1 ms 
[  1447,1s f62909] FRAME: 70,7 ms gc0+0 gc1+0 gc2+0
[  1447,1s f62910] InfluenceTick: 7,9 ms 
[  1447,2s f62911] FRAME: 68,9 ms gc0+0 gc1+0 gc2+0
[  1447,2s f62912] FRAME: 55,4 ms gc0+0 gc1+0 gc2+0
[  1447,3s f62912] InfluenceTick: 8,1 ms 
[  1447,3s f62913] FRAME: 69,8 ms gc0+0 gc1+0 gc2+0
[  1447,4s f62914] InfluenceTick: 9,4 ms 
[  1447,4s f62915] FRAME: 77,5 ms gc0+0 gc1+0 gc2+0
[  1447,5s f62916] FRAME: 58,9 ms gc0+0 gc1+0 gc2+0
[  1447,5s f62916] InfluenceTick: 7,8 ms 
[  1447,5s f62917] FRAME: 62,8 ms gc0+0 gc1+0 gc2+0
[  1447,6s f62918] InfluenceTick: 7,5 ms 
[  1447,6s f62919] FRAME: 56,4 ms gc0+0 gc1+0 gc2+0
[  1447,7s f62921] InfluenceTick: 7,8 ms 
[  1447,8s f62922] FRAME: 61,4 ms gc0+0 gc1+0 gc2+0
[  1447,9s f62923] InfluenceTick: 7,0 ms 
[  1447,9s f62924] FRAME: 75,3 ms gc0+0 gc1+0 gc2+0
[  1448,0s f62925] InfluenceTick: 7,3 ms 
[  1448,0s f62925] AIThink: 9,4 ms brains 1
[  1448,0s f62926] FRAME: 70,7 ms gc0+0 gc1+0 gc2+0
[  1448,1s f62927] FRAME: 64,3 ms gc0+0 gc1+0 gc2+0
[  1448,1s f62927] InfluenceTick: 7,1 ms 
[  1448,1s f62928] FRAME: 79,0 ms gc0+0 gc1+0 gc2+0
[  1448,2s f62929] FRAME: 60,1 ms gc0+0 gc1+0 gc2+0
[  1448,2s f62929] InfluenceTick: 7,2 ms 
[  1448,3s f62930] FRAME: 63,5 ms gc0+0 gc1+0 gc2+0
[  1448,3s f62931] FRAME: 64,8 ms gc0+1 gc1+1 gc2+1
[  1448,4s f62931] InfluenceTick: 7,8 ms 
[  1448,4s f62932] FRAME: 65,3 ms gc0+0 gc1+0 gc2+0
[  1448,5s f62933] FRAME: 50,3 ms gc0+0 gc1+0 gc2+0
[  1448,5s f62933] InfluenceTick: 7,2 ms 
[  1448,5s f62934] FRAME: 55,1 ms gc0+0 gc1+0 gc2+0
[  1448,6s f62935] InfluenceTick: 7,5 ms 
[  1448,6s f62936] FRAME: 57,6 ms gc0+0 gc1+0 gc2+0
[  1448,7s f62937] HutIncome: 15,6 ms huts 71
[  1448,7s f62938] FRAME: 55,0 ms gc0+0 gc1+0 gc2+0
[  1448,8s f62938] InfluenceTick: 7,2 ms 
[  1448,8s f62939] FRAME: 76,1 ms gc0+0 gc1+0 gc2+0
[  1448,8s f62940] InfluenceTick: 7,6 ms 
[  1448,9s f62941] FRAME: 56,7 ms gc0+0 gc1+0 gc2+0
[  1449,0s f62942] InfluenceTick: 7,4 ms 
[  1449,0s f62943] FRAME: 60,1 ms gc0+0 gc1+0 gc2+0
[  1449,1s f62945] InfluenceTick: 7,5 ms 
[  1449,1s f62946] FRAME: 65,0 ms gc0+0 gc1+0 gc2+0
[  1449,2s f62947] FRAME: 69,5 ms gc0+0 gc1+0 gc2+0
[  1449,2s f62947] InfluenceTick: 8,8 ms 
[  1449,3s f62948] FRAME: 73,6 ms gc0+0 gc1+0 gc2+0
[  1449,3s f62949] InfluenceTick: 7,4 ms 
[  1449,4s f62950] FRAME: 57,8 ms gc0+0 gc1+0 gc2+0
[  1449,4s f62951] InfluenceTick: 7,7 ms 
[  1449,5s f62952] FRAME: 57,6 ms gc0+0 gc1+0 gc2+0
[  1449,6s f62953] InfluenceTick: 7,5 ms 
[  1449,6s f62954] FRAME: 70,5 ms gc0+1 gc1+1 gc2+1
[  1449,7s f62955] FRAME: 54,3 ms gc0+0 gc1+0 gc2+0
[  1449,7s f62955] InfluenceTick: 7,5 ms 
[  1449,7s f62956] FRAME: 63,7 ms gc0+0 gc1+0 gc2+0
[  1449,8s f62957] InfluenceTick: 7,0 ms 
[  1449,8s f62958] FRAME: 59,1 ms gc0+0 gc1+0 gc2+0
[  1449,9s f62960] InfluenceTick: 7,1 ms 
[  1449,9s f62961] FRAME: 56,8 ms gc0+0 gc1+0 gc2+0
[  1450,1s f62963] InfluenceTick: 7,0 ms 
[  1450,1s f62964] FRAME: 79,3 ms gc0+0 gc1+0 gc2+0
[  1450,2s f62965] FRAME: 58,7 ms gc0+0 gc1+0 gc2+0
[  1450,2s f62965] InfluenceTick: 6,9 ms 
[  1450,2s f62966] FRAME: 67,3 ms gc0+0 gc1+0 gc2+0
[  1450,3s f62967] InfluenceTick: 7,7 ms 
[  1450,4s f62968] FRAME: 69,0 ms gc0+1 gc1+1 gc2+1
[  1450,4s f62968] AIThink: 9,8 ms brains 1
[  1450,4s f62969] InfluenceTick: 7,4 ms 
[  1450,4s f62969] AIThink: 10,6 ms brains 1
[  1450,5s f62970] FRAME: 74,9 ms gc0+0 gc1+0 gc2+0
[  1450,5s f62971] FRAME: 57,6 ms gc0+0 gc1+0 gc2+0
[  1450,6s f62971] InfluenceTick: 7,2 ms 
[  1450,6s f62972] FRAME: 67,0 ms gc0+0 gc1+0 gc2+0
[  1450,7s f62973] InfluenceTick: 7,7 ms 
[  1450,7s f62974] FRAME: 63,7 ms gc0+0 gc1+0 gc2+0
[  1450,7s f62974] HutIncome: 17,0 ms huts 71
[  1450,8s f62975] FRAME: 58,8 ms gc0+0 gc1+0 gc2+0
[  1450,8s f62975] InfluenceTick: 8,2 ms 
[  1450,8s f62976] FRAME: 65,9 ms gc0+0 gc1+0 gc2+0
[  1450,9s f62977] InfluenceTick: 6,9 ms 
[  1451,0s f62978] FRAME: 75,0 ms gc0+0 gc1+0 gc2+0
[  1451,0s f62979] InfluenceTick: 6,7 ms 
[  1451,1s f62980] FRAME: 57,8 ms gc0+0 gc1+0 gc2+0
[  1451,1s f62981] InfluenceTick: 7,8 ms 
[  1451,2s f62982] FRAME: 67,0 ms gc0+0 gc1+0 gc2+0
[  1451,2s f62983] InfluenceTick: 7,0 ms 
[  1451,3s f62984] FRAME: 59,2 ms gc0+0 gc1+0 gc2+0
[  1451,4s f62986] InfluenceTick: 7,0 ms 
[  1451,4s f62987] FRAME: 60,6 ms gc0+0 gc1+0 gc2+0
[  1451,5s f62988] InfluenceTick: 7,5 ms 
[  1451,5s f62989] FRAME: 61,8 ms gc0+0 gc1+0 gc2+0
[  1451,6s f62990] InfluenceTick: 7,3 ms 
[  1451,6s f62991] FRAME: 68,1 ms gc0+0 gc1+0 gc2+0
[  1451,7s f62992] InfluenceTick: 7,0 ms 
[  1451,7s f62993] FRAME: 62,6 ms gc0+0 gc1+0 gc2+0
[  1451,8s f62994] FRAME: 58,9 ms gc0+0 gc1+0 gc2+0
[  1451,8s f62994] InfluenceTick: 7,0 ms 
[  1451,9s f62995] FRAME: 61,0 ms gc0+0 gc1+0 gc2+0
[  1451,9s f62996] InfluenceTick: 7,1 ms 
[  1452,0s f62997] FRAME: 55,0 ms gc0+0 gc1+0 gc2+0
[  1452,1s f62999] InfluenceTick: 6,8 ms 
[  1452,1s f63000] FRAME: 54,4 ms gc0+0 gc1+0 gc2+0
[  1452,2s f63001] InfluenceTick: 6,6 ms 
[  1452,2s f63002] FRAME: 61,3 ms gc0+0 gc1+0 gc2+0
[  1452,3s f63003] FRAME: 58,4 ms gc0+0 gc1+0 gc2+0
[  1452,3s f63003] InfluenceTick: 8,0 ms 
[  1452,3s f63004] FRAME: 63,2 ms gc0+0 gc1+0 gc2+0
[  1452,4s f63005] InfluenceTick: 7,5 ms 
[  1452,4s f63006] FRAME: 58,9 ms gc0+0 gc1+0 gc2+0
[  1452,5s f63008] InfluenceTick: 7,8 ms 
[  1452,6s f63009] FRAME: 59,7 ms gc0+0 gc1+0 gc2+0
[  1452,7s f63010] InfluenceTick: 8,2 ms 
[  1452,7s f63011] FRAME: 84,1 ms gc0+0 gc1+0 gc2+0
[  1452,7s f63011] AIThink: 12,5 ms brains 1
[  1452,8s f63012] FRAME: 60,9 ms gc0+0 gc1+0 gc2+0
[  1452,8s f63012] InfluenceTick: 7,8 ms 
[  1452,8s f63012] HutIncome: 15,5 ms huts 71
[  1452,8s f63012] AIThink: 9,9 ms brains 1
[  1452,9s f63013] FRAME: 93,8 ms gc0+1 gc1+1 gc2+1
[  1452,9s f63014] InfluenceTick: 7,0 ms 
[  1452,9s f63015] FRAME: 58,4 ms gc0+0 gc1+0 gc2+0
[  1453,0s f63016] InfluenceTick: 7,7 ms 
[  1453,0s f63017] FRAME: 58,7 ms gc0+0 gc1+0 gc2+0
[  1453,1s f63018] FRAME: 52,8 ms gc0+0 gc1+0 gc2+0
[  1453,1s f63018] InfluenceTick: 7,5 ms 
[  1453,2s f63019] FRAME: 66,0 ms gc0+0 gc1+0 gc2+0
[  1453,2s f63020] FRAME: 51,3 ms gc0+0 gc1+0 gc2+0
[  1453,2s f63020] InfluenceTick: 9,0 ms 
[  1453,3s f63021] FRAME: 64,8 ms gc0+0 gc1+0 gc2+0
[  1453,4s f63022] InfluenceTick: 7,2 ms 
[  1453,4s f63023] FRAME: 60,3 ms gc0+0 gc1+0 gc2+0
[  1453,5s f63024] InfluenceTick: 7,7 ms 
[  1453,5s f63025] FRAME: 62,9 ms gc0+0 gc1+0 gc2+0
[  1453,5s f63026] FRAME: 57,5 ms gc0+0 gc1+0 gc2+0
[  1453,6s f63026] InfluenceTick: 6,9 ms 
[  1453,6s f63027] FRAME: 68,4 ms gc0+0 gc1+0 gc2+0
[  1453,7s f63028] InfluenceTick: 8,1 ms 
[  1453,7s f63029] FRAME: 60,2 ms gc0+0 gc1+0 gc2+0
[  1453,8s f63030] InfluenceTick: 7,5 ms 
[  1453,8s f63031] FRAME: 57,1 ms gc0+0 gc1+0 gc2+0
[  1453,9s f63033] InfluenceTick: 7,5 ms 
[  1454,0s f63034] FRAME: 74,9 ms gc0+0 gc1+0 gc2+0
[  1454,0s f63035] InfluenceTick: 7,4 ms 
[  1454,1s f63036] FRAME: 65,9 ms gc0+1 gc1+1 gc2+1
[  1454,1s f63037] FRAME: 50,2 ms gc0+0 gc1+0 gc2+0
[  1454,1s f63037] InfluenceTick: 6,9 ms 
[  1454,2s f63038] FRAME: 66,5 ms gc0+0 gc1+0 gc2+0
[  1454,3s f63039] InfluenceTick: 7,3 ms 
[  1454,3s f63040] FRAME: 65,4 ms gc0+0 gc1+0 gc2+0
[  1454,4s f63041] FRAME: 57,7 ms gc0+0 gc1+0 gc2+0
[  1454,4s f63041] InfluenceTick: 7,5 ms 
[  1454,4s f63042] FRAME: 60,4 ms gc0+0 gc1+0 gc2+0
[  1454,4s f63042] AIThink: 10,5 ms brains 1
[  1454,5s f63043] FRAME: 52,5 ms gc0+0 gc1+0 gc2+0
[  1454,5s f63043] InfluenceTick: 7,7 ms 
[  1454,5s f63044] FRAME: 58,4 ms gc0+0 gc1+0 gc2+0
[  1454,6s f63046] InfluenceTick: 7,2 ms 
[  1454,7s f63047] FRAME: 54,1 ms gc0+0 gc1+0 gc2+0
[  1454,8s f63049] InfluenceTick: 7,0 ms 
[  1454,8s f63050] FRAME: 80,0 ms gc0+0 gc1+0 gc2+0
[  1454,8s f63050] HutIncome: 18,5 ms huts 71
[  1454,9s f63051] FRAME: 64,2 ms gc0+0 gc1+0 gc2+0
[  1454,9s f63051] InfluenceTick: 8,0 ms 
[  1455,0s f63052] FRAME: 67,9 ms gc0+0 gc1+0 gc2+0
[  1455,0s f63052] AIThink: 12,0 ms brains 1
[  1455,0s f63053] FRAME: 54,8 ms gc0+0 gc1+0 gc2+0
[  1455,0s f63053] InfluenceTick: 7,4 ms 
[  1455,1s f63054] FRAME: 55,8 ms gc0+0 gc1+0 gc2+0
[  1455,1s f63055] InfluenceTick: 7,0 ms 
[  1455,2s f63056] FRAME: 67,0 ms gc0+0 gc1+0 gc2+0
[  1455,2s f63056] AIThink: 9,6 ms brains 1
[  1455,2s f63057] FRAME: 71,3 ms gc0+1 gc1+1 gc2+1
[  1455,3s f63057] InfluenceTick: 6,8 ms 
[  1455,3s f63058] FRAME: 70,4 ms gc0+0 gc1+0 gc2+0
[  1455,4s f63059] InfluenceTick: 7,2 ms 
[  1455,4s f63060] FRAME: 66,9 ms gc0+0 gc1+0 gc2+0
[  1455,5s f63061] InfluenceTick: 7,2 ms 
[  1455,5s f63062] FRAME: 60,4 ms gc0+0 gc1+0 gc2+0
[  1455,6s f63063] InfluenceTick: 7,3 ms 
[  1455,7s f63064] FRAME: 77,7 ms gc0+0 gc1+0 gc2+0
[  1455,7s f63065] InfluenceTick: 7,6 ms 
[  1455,7s f63066] FRAME: 56,5 ms gc0+0 gc1+0 gc2+0
[  1455,9s f63068] InfluenceTick: 8,6 ms 
[  1455,9s f63069] FRAME: 68,9 ms gc0+0 gc1+0 gc2+0
[  1456,0s f63070] InfluenceTick: 7,1 ms 
[  1456,0s f63071] FRAME: 57,1 ms gc0+0 gc1+0 gc2+0
[  1456,1s f63072] FRAME: 64,7 ms gc0+1 gc1+1 gc2+1
[  1456,1s f63072] InfluenceTick: 6,8 ms 
[  1456,1s f63073] FRAME: 61,8 ms gc0+0 gc1+0 gc2+0
[  1456,2s f63074] FRAME: 50,2 ms gc0+0 gc1+0 gc2+0
[  1456,2s f63074] InfluenceTick: 6,9 ms 
[  1456,2s f63075] FRAME: 55,5 ms gc0+0 gc1+0 gc2+0
[  1456,3s f63076] InfluenceTick: 6,9 ms 
[  1456,3s f63077] FRAME: 72,6 ms gc0+0 gc1+0 gc2+0
[  1456,4s f63078] InfluenceTick: 7,3 ms 
[  1456,5s f63079] FRAME: 58,3 ms gc0+0 gc1+0 gc2+0
[  1456,5s f63080] FRAME: 56,6 ms gc0+0 gc1+0 gc2+0
[  1456,5s f63080] InfluenceTick: 8,4 ms 
[  1456,6s f63080] AIThink: 10,4 ms brains 1
[  1456,6s f63081] FRAME: 72,8 ms gc0+0 gc1+0 gc2+0
[  1456,6s f63082] InfluenceTick: 7,4 ms 
[  1456,7s f63083] FRAME: 61,6 ms gc0+0 gc1+0 gc2+0
[  1456,8s f63084] InfluenceTick: 7,6 ms 
[  1456,8s f63085] FRAME: 58,3 ms gc0+0 gc1+0 gc2+0
[  1456,9s f63086] InfluenceTick: 7,3 ms 
[  1456,9s f63086] HutIncome: 15,2 ms huts 71
[  1456,9s f63087] FRAME: 73,1 ms gc0+0 gc1+0 gc2+0
[  1457,0s f63088] FRAME: 58,9 ms gc0+0 gc1+0 gc2+0
[  1457,0s f63088] InfluenceTick: 8,1 ms 
[  1457,0s f63089] FRAME: 66,9 ms gc0+0 gc1+0 gc2+0
[  1457,1s f63090] InfluenceTick: 7,2 ms 
[  1457,2s f63091] FRAME: 78,8 ms gc0+0 gc1+0 gc2+0
[  1457,2s f63092] InfluenceTick: 6,9 ms 
[  1457,2s f63092] AIThink: 10,5 ms brains 1
[  1457,3s f63093] FRAME: 70,4 ms gc0+0 gc1+0 gc2+0
[  1457,4s f63094] InfluenceTick: 7,9 ms 
[  1457,4s f63095] FRAME: 87,5 ms gc0+0 gc1+0 gc2+0
[  1457,5s f63096] InfluenceTick: 7,1 ms 
[  1457,5s f63097] FRAME: 62,9 ms gc0+0 gc1+0 gc2+0
[  1457,6s f63098] InfluenceTick: 7,8 ms 
[  1457,6s f63098] AIThink: 10,6 ms brains 1
[  1457,6s f63099] FRAME: 73,6 ms gc0+0 gc1+0 gc2+0
[  1457,7s f63100] InfluenceTick: 7,5 ms 
[  1457,7s f63101] FRAME: 57,4 ms gc0+0 gc1+0 gc2+0
[  1457,8s f63102] FRAME: 60,3 ms gc0+0 gc1+0 gc2+0
[  1457,8s f63102] InfluenceTick: 7,9 ms 
[  1457,8s f63103] FRAME: 61,0 ms gc0+0 gc1+0 gc2+0
[  1457,9s f63104] InfluenceTick: 7,6 ms 
[  1457,9s f63105] FRAME: 58,5 ms gc0+0 gc1+0 gc2+0
[  1458,0s f63106] InfluenceTick: 7,5 ms 
[  1458,0s f63107] FRAME: 56,8 ms gc0+0 gc1+0 gc2+0
[  1458,2s f63109] InfluenceTick: 6,9 ms 
[  1458,2s f63110] FRAME: 82,1 ms gc0+0 gc1+0 gc2+0
[  1458,3s f63111] InfluenceTick: 7,1 ms 
[  1458,3s f63112] FRAME: 62,6 ms gc0+1 gc1+1 gc2+1
[  1458,4s f63113] InfluenceTick: 8,0 ms 
[  1458,4s f63114] FRAME: 67,8 ms gc0+0 gc1+0 gc2+0
[  1458,5s f63115] InfluenceTick: 7,6 ms 
[  1458,5s f63116] FRAME: 63,5 ms gc0+0 gc1+0 gc2+0
[  1458,6s f63117] FRAME: 51,4 ms gc0+0 gc1+0 gc2+0
[  1458,6s f63117] InfluenceTick: 8,0 ms 
[  1458,7s f63118] FRAME: 60,9 ms gc0+0 gc1+0 gc2+0
[  1458,7s f63119] InfluenceTick: 7,6 ms 
[  1458,8s f63120] FRAME: 62,0 ms gc0+0 gc1+0 gc2+0
[  1458,8s f63121] InfluenceTick: 7,5 ms 
[  1458,9s f63122] FRAME: 61,5 ms gc0+0 gc1+0 gc2+0
[  1458,9s f63122] HutIncome: 16,2 ms huts 71
[  1458,9s f63123] FRAME: 55,5 ms gc0+0 gc1+0 gc2+0
[  1458,9s f63123] InfluenceTick: 7,6 ms 
[  1459,0s f63124] FRAME: 69,6 ms gc0+0 gc1+0 gc2+0
[  1459,0s f63125] FRAME: 56,1 ms gc0+0 gc1+0 gc2+0
[  1459,1s f63125] InfluenceTick: 7,2 ms 
[  1459,1s f63126] FRAME: 58,5 ms gc0+0 gc1+0 gc2+0
[  1459,1s f63127] FRAME: 51,2 ms gc0+0 gc1+0 gc2+0
[  1459,2s f63127] InfluenceTick: 7,7 ms 
[  1459,2s f63128] FRAME: 71,5 ms gc0+0 gc1+0 gc2+0
[  1459,3s f63129] InfluenceTick: 7,5 ms 
[  1459,3s f63130] FRAME: 62,5 ms gc0+0 gc1+0 gc2+0
[  1459,4s f63131] InfluenceTick: 8,1 ms 
[  1459,4s f63132] FRAME: 64,6 ms gc0+0 gc1+0 gc2+0
[  1459,5s f63132] AIThink: 13,4 ms brains 1
[  1459,5s f63133] FRAME: 82,8 ms gc0+0 gc1+0 gc2+0
[  1459,5s f63133] InfluenceTick: 8,0 ms 
[  1459,6s f63134] FRAME: 71,0 ms gc0+0 gc1+0 gc2+0
[  1459,7s f63135] InfluenceTick: 7,1 ms 
[  1459,7s f63136] FRAME: 58,3 ms gc0+0 gc1+0 gc2+0
[  1459,8s f63138] InfluenceTick: 7,3 ms 
[  1459,8s f63139] FRAME: 57,2 ms gc0+0 gc1+0 gc2+0
[  1459,9s f63140] InfluenceTick: 7,6 ms 
[  1460,0s f63141] FRAME: 74,5 ms gc0+0 gc1+0 gc2+0
[  1460,0s f63141] AIThink: 10,6 ms brains 1
[  1460,0s f63142] FRAME: 61,4 ms gc0+0 gc1+0 gc2+0
[  1460,0s f63142] InfluenceTick: 7,4 ms 
[  1460,1s f63143] FRAME: 56,5 ms gc0+0 gc1+0 gc2+0
[  1460,1s f63144] FRAME: 51,2 ms gc0+0 gc1+0 gc2+0
[  1460,2s f63144] InfluenceTick: 7,5 ms 
[  1460,2s f63145] FRAME: 64,6 ms gc0+0 gc1+0 gc2+0
[  1460,3s f63146] InfluenceTick: 7,1 ms 
[  1460,3s f63147] FRAME: 59,9 ms gc0+0 gc1+0 gc2+0
[  1460,4s f63148] FRAME: 60,3 ms gc0+0 gc1+0 gc2+0
[  1460,4s f63148] InfluenceTick: 6,9 ms 
[  1460,4s f63149] FRAME: 59,0 ms gc0+0 gc1+0 gc2+0
[  1460,5s f63150] FRAME: 52,6 ms gc0+0 gc1+0 gc2+0
[  1460,5s f63150] InfluenceTick: 7,8 ms 
[  1460,5s f63151] FRAME: 73,2 ms gc0+1 gc1+1 gc2+1
[  1460,6s f63152] InfluenceTick: 6,7 ms 
[  1460,7s f63153] FRAME: 66,8 ms gc0+0 gc1+0 gc2+0
[  1460,7s f63154] InfluenceTick: 7,4 ms 
[  1460,8s f63155] FRAME: 82,3 ms gc0+0 gc1+0 gc2+0
[  1460,9s f63156] InfluenceTick: 7,8 ms 
[  1460,9s f63157] FRAME: 59,2 ms gc0+0 gc1+0 gc2+0
[  1460,9s f63157] HutIncome: 15,3 ms huts 71
[  1460,9s f63158] FRAME: 59,7 ms gc0+0 gc1+0 gc2+0
[  1461,0s f63158] InfluenceTick: 7,2 ms 
[  1461,0s f63159] FRAME: 62,7 ms gc0+0 gc1+0 gc2+0
[  1461,1s f63160] FRAME: 53,7 ms gc0+0 gc1+0 gc2+0
[  1461,1s f63160] InfluenceTick: 7,4 ms 
[  1461,1s f63161] FRAME: 70,4 ms gc0+0 gc1+0 gc2+0
[  1461,2s f63162] FRAME: 61,5 ms gc0+0 gc1+0 gc2+0
[  1461,2s f63162] InfluenceTick: 8,6 ms 
[  1461,3s f63163] FRAME: 65,6 ms gc0+0 gc1+0 gc2+0
[  1461,3s f63164] InfluenceTick: 7,3 ms 
[  1461,4s f63165] FRAME: 62,6 ms gc0+0 gc1+0 gc2+0
[  1461,4s f63166] InfluenceTick: 7,6 ms 
[  1461,5s f63167] FRAME: 63,7 ms gc0+0 gc1+0 gc2+0
[  1461,5s f63168] InfluenceTick: 7,1 ms 
[  1461,6s f63169] FRAME: 66,0 ms gc0+0 gc1+0 gc2+0
[  1461,7s f63170] FRAME: 64,4 ms gc0+0 gc1+0 gc2+0
[  1461,7s f63170] InfluenceTick: 7,4 ms 
[  1461,7s f63171] FRAME: 62,7 ms gc0+1 gc1+1 gc2+1
[  1461,7s f63171] AIThink: 12,0 ms brains 1
[  1461,8s f63172] FRAME: 59,5 ms gc0+0 gc1+0 gc2+0
[  1461,8s f63172] InfluenceTick: 7,5 ms 
[  1461,8s f63173] FRAME: 63,3 ms gc0+0 gc1+0 gc2+0
[  1461,9s f63174] InfluenceTick: 7,6 ms 
[  1461,9s f63175] FRAME: 60,3 ms gc0+0 gc1+0 gc2+0
[  1462,0s f63176] InfluenceTick: 7,4 ms 
[  1462,0s f63177] FRAME: 62,9 ms gc0+0 gc1+0 gc2+0
[  1462,1s f63178] FRAME: 58,0 ms gc0+0 gc1+0 gc2+0
[  1462,1s f63178] InfluenceTick: 7,6 ms 
[  1462,2s f63179] FRAME: 66,9 ms gc0+0 gc1+0 gc2+0
[  1462,2s f63180] FRAME: 52,5 ms gc0+0 gc1+0 gc2+0
[  1462,3s f63180] InfluenceTick: 7,8 ms 
[  1462,3s f63181] FRAME: 69,4 ms gc0+0 gc1+0 gc2+0
[  1462,4s f63182] InfluenceTick: 7,1 ms 
[  1462,4s f63182] AIThink: 10,0 ms brains 1
[  1462,4s f63183] FRAME: 85,0 ms gc0+0 gc1+0 gc2+0
[  1462,5s f63184] FRAME: 60,7 ms gc0+0 gc1+0 gc2+0
[  1462,5s f63184] InfluenceTick: 6,9 ms 
[  1462,6s f63185] FRAME: 79,4 ms gc0+0 gc1+0 gc2+0
[  1462,6s f63186] FRAME: 55,0 ms gc0+0 gc1+0 gc2+0
[  1462,6s f63186] InfluenceTick: 6,9 ms 
[  1462,7s f63187] FRAME: 62,6 ms gc0+0 gc1+0 gc2+0
[  1462,7s f63188] InfluenceTick: 7,2 ms 
[  1462,8s f63189] FRAME: 64,4 ms gc0+1 gc1+1 gc2+1
[  1462,8s f63189] AIThink: 10,2 ms brains 1
[  1462,9s f63190] FRAME: 65,6 ms gc0+0 gc1+0 gc2+0
[  1462,9s f63190] InfluenceTick: 7,3 ms 
[  1462,9s f63191] FRAME: 68,4 ms gc0+0 gc1+0 gc2+0
[  1463,0s f63191] HutIncome: 15,4 ms huts 71
[  1463,0s f63192] FRAME: 70,4 ms gc0+0 gc1+0 gc2+0
[  1463,0s f63192] InfluenceTick: 7,5 ms 
[  1463,1s f63193] FRAME: 59,4 ms gc0+0 gc1+0 gc2+0
[  1463,1s f63194] InfluenceTick: 8,1 ms 
[  1463,2s f63195] FRAME: 79,3 ms gc0+0 gc1+0 gc2+0
[  1463,2s f63196] InfluenceTick: 7,3 ms 
[  1463,3s f63197] FRAME: 62,3 ms gc0+0 gc1+0 gc2+0
[  1463,4s f63198] InfluenceTick: 7,2 ms 
[  1463,4s f63199] FRAME: 78,4 ms gc0+0 gc1+0 gc2+0
[  1463,5s f63200] InfluenceTick: 7,6 ms 
[  1463,5s f63201] FRAME: 69,1 ms gc0+0 gc1+0 gc2+0
[  1463,6s f63202] FRAME: 61,8 ms gc0+0 gc1+0 gc2+0
[  1463,6s f63202] InfluenceTick: 8,4 ms 
[  1463,6s f63203] FRAME: 67,7 ms gc0+0 gc1+0 gc2+0
[  1463,7s f63204] InfluenceTick: 7,9 ms 
[  1463,7s f63205] FRAME: 59,3 ms gc0+0 gc1+0 gc2+0
[  1463,8s f63206] FRAME: 63,2 ms gc0+0 gc1+0 gc2+0
[  1463,8s f63206] InfluenceTick: 8,2 ms 
[  1463,9s f63207] FRAME: 71,3 ms gc0+1 gc1+1 gc2+1
[  1463,9s f63208] InfluenceTick: 7,9 ms 
[  1464,0s f63209] FRAME: 60,8 ms gc0+0 gc1+0 gc2+0
[  1464,1s f63210] InfluenceTick: 7,6 ms 
[  1464,1s f63211] FRAME: 58,1 ms gc0+0 gc1+0 gc2+0
[  1464,2s f63212] InfluenceTick: 7,4 ms 
[  1464,2s f63213] FRAME: 68,7 ms gc0+0 gc1+0 gc2+0
[  1464,3s f63214] FRAME: 65,2 ms gc0+0 gc1+0 gc2+0
[  1464,3s f63214] InfluenceTick: 7,5 ms 
[  1464,3s f63215] FRAME: 58,3 ms gc0+0 gc1+0 gc2+0
[  1464,4s f63217] InfluenceTick: 8,6 ms 
[  1464,5s f63218] FRAME: 64,3 ms gc0+0 gc1+0 gc2+0
[  1464,5s f63219] InfluenceTick: 8,1 ms 
[  1464,6s f63220] FRAME: 63,0 ms gc0+0 gc1+0 gc2+0
[  1464,7s f63221] InfluenceTick: 7,7 ms 
[  1464,7s f63222] FRAME: 77,8 ms gc0+0 gc1+0 gc2+0
[  1464,8s f63223] InfluenceTick: 7,5 ms 
[  1464,8s f63223] AIThink: 9,2 ms brains 1
[  1464,8s f63224] FRAME: 73,9 ms gc0+0 gc1+0 gc2+0
[  1464,9s f63225] InfluenceTick: 7,7 ms 
[  1464,9s f63225] AIThink: 10,8 ms brains 1
[  1464,9s f63226] FRAME: 75,9 ms gc0+0 gc1+0 gc2+0
[  1465,0s f63226] HutIncome: 16,9 ms huts 71
[  1465,0s f63227] FRAME: 62,2 ms gc0+0 gc1+0 gc2+0
[  1465,0s f63227] InfluenceTick: 7,6 ms 
[  1465,1s f63228] FRAME: 58,1 ms gc0+0 gc1+0 gc2+0
[  1465,1s f63229] FRAME: 71,7 ms gc0+0 gc1+0 gc2+0
[  1465,2s f63229] InfluenceTick: 7,4 ms 
[  1465,2s f63230] FRAME: 75,2 ms gc0+1 gc1+1 gc2+1
[  1465,3s f63231] InfluenceTick: 7,4 ms 
[  1465,3s f63232] FRAME: 58,5 ms gc0+0 gc1+0 gc2+0
[  1465,4s f63233] InfluenceTick: 8,5 ms 
[  1465,4s f63234] FRAME: 63,0 ms gc0+0 gc1+0 gc2+0
[  1465,5s f63235] InfluenceTick: 7,7 ms 
[  1465,5s f63236] FRAME: 78,5 ms gc0+0 gc1+0 gc2+0
[  1465,6s f63237] InfluenceTick: 7,7 ms 
[  1465,7s f63238] FRAME: 61,7 ms gc0+0 gc1+0 gc2+0
[  1465,7s f63239] InfluenceTick: 7,5 ms 
[  1465,8s f63240] FRAME: 59,2 ms gc0+0 gc1+0 gc2+0
[  1465,9s f63242] InfluenceTick: 7,3 ms 
[  1465,9s f63243] FRAME: 56,2 ms gc0+0 gc1+0 gc2+0
[  1465,9s f63244] FRAME: 55,1 ms gc0+0 gc1+0 gc2+0
[  1466,0s f63244] InfluenceTick: 8,4 ms 
[  1466,0s f63245] FRAME: 67,9 ms gc0+0 gc1+0 gc2+0
[  1466,1s f63246] InfluenceTick: 7,6 ms 
[  1466,1s f63247] FRAME: 69,8 ms gc0+1 gc1+1 gc2+1
[  1466,2s f63248] InfluenceTick: 7,7 ms 
[  1466,2s f63249] FRAME: 57,2 ms gc0+0 gc1+0 gc2+0
[  1466,3s f63249] AIThink: 10,5 ms brains 1
[  1466,3s f63250] FRAME: 54,0 ms gc0+0 gc1+0 gc2+0
[  1466,3s f63250] InfluenceTick: 7,8 ms 
[  1466,4s f63251] FRAME: 79,3 ms gc0+0 gc1+0 gc2+0
[  1466,4s f63252] InfluenceTick: 7,7 ms 
[  1466,5s f63253] FRAME: 57,4 ms gc0+0 gc1+0 gc2+0
[  1466,6s f63255] InfluenceTick: 8,1 ms 
[  1466,6s f63256] FRAME: 72,0 ms gc0+0 gc1+0 gc2+0
[  1466,7s f63257] InfluenceTick: 8,3 ms 
[  1466,7s f63258] FRAME: 62,7 ms gc0+0 gc1+0 gc2+0
[  1466,8s f63259] FRAME: 56,4 ms gc0+0 gc1+0 gc2+0
[  1466,8s f63259] InfluenceTick: 7,6 ms 
[  1466,8s f63260] FRAME: 56,8 ms gc0+0 gc1+0 gc2+0
[  1466,9s f63261] InfluenceTick: 8,0 ms 
[  1467,0s f63262] FRAME: 64,1 ms gc0+0 gc1+0 gc2+0
[  1467,0s f63262] HutIncome: 15,5 ms huts 71
[  1467,0s f63262] AIThink: 10,0 ms brains 1
[  1467,0s f63263] FRAME: 70,3 ms gc0+0 gc1+0 gc2+0
[  1467,0s f63263] InfluenceTick: 7,8 ms 
[  1467,1s f63264] FRAME: 66,5 ms gc0+0 gc1+0 gc2+0
[  1467,1s f63265] FRAME: 58,3 ms gc0+0 gc1+0 gc2+0
[  1467,2s f63265] InfluenceTick: 8,1 ms 
[  1467,2s f63265] AIThink: 10,2 ms brains 1
[  1467,2s f63266] FRAME: 99,7 ms gc0+0 gc1+0 gc2+0
[  1467,3s f63267] InfluenceTick: 7,6 ms 
[  1467,4s f63268] FRAME: 65,7 ms gc0+1 gc1+1 gc2+1
[  1467,4s f63269] InfluenceTick: 7,5 ms 
[  1467,5s f63270] FRAME: 65,7 ms gc0+0 gc1+0 gc2+0
[  1467,5s f63271] InfluenceTick: 7,4 ms 
[  1467,6s f63272] FRAME: 61,8 ms gc0+0 gc1+0 gc2+0
[  1467,6s f63273] FRAME: 54,5 ms gc0+0 gc1+0 gc2+0
[  1467,7s f63273] InfluenceTick: 8,3 ms 
[  1467,7s f63274] FRAME: 66,7 ms gc0+0 gc1+0 gc2+0
[  1467,8s f63275] InfluenceTick: 7,9 ms 
[  1467,8s f63276] FRAME: 58,2 ms gc0+0 gc1+0 gc2+0
[  1467,9s f63277] InfluenceTick: 8,0 ms 
[  1467,9s f63278] FRAME: 58,0 ms gc0+0 gc1+0 gc2+0
[  1468,0s f63279] InfluenceTick: 7,0 ms 
[  1468,0s f63280] FRAME: 56,8 ms gc0+0 gc1+0 gc2+0
[  1468,1s f63281] FRAME: 58,0 ms gc0+0 gc1+0 gc2+0
[  1468,1s f63281] InfluenceTick: 7,8 ms 
[  1468,1s f63282] FRAME: 57,5 ms gc0+0 gc1+0 gc2+0
[  1468,2s f63283] InfluenceTick: 7,6 ms 
[  1468,2s f63284] FRAME: 69,1 ms gc0+0 gc1+0 gc2+0
[  1468,3s f63285] InfluenceTick: 7,4 ms 
[  1468,3s f63286] FRAME: 61,1 ms gc0+0 gc1+0 gc2+0
[  1468,4s f63287] InfluenceTick: 8,4 ms 
[  1468,4s f63288] FRAME: 59,9 ms gc0+0 gc1+0 gc2+0
[  1468,5s f63289] FRAME: 65,8 ms gc0+0 gc1+0 gc2+0
[  1468,5s f63289] InfluenceTick: 8,4 ms 
[  1468,6s f63290] FRAME: 71,4 ms gc0+0 gc1+0 gc2+0
[  1468,7s f63291] InfluenceTick: 7,2 ms 
[  1468,7s f63292] FRAME: 61,6 ms gc0+0 gc1+0 gc2+0
[  1468,8s f63294] InfluenceTick: 8,5 ms 
[  1468,8s f63295] FRAME: 59,8 ms gc0+0 gc1+0 gc2+0
[  1468,9s f63296] InfluenceTick: 7,6 ms 
[  1468,9s f63297] FRAME: 72,7 ms gc0+0 gc1+0 gc2+0
[  1469,0s f63298] InfluenceTick: 7,5 ms 
[  1469,0s f63298] HutIncome: 14,5 ms huts 71
[  1469,1s f63299] FRAME: 77,7 ms gc0+0 gc1+0 gc2+0
[  1469,1s f63299] AIThink: 11,1 ms brains 1
[  1469,1s f63300] FRAME: 53,7 ms gc0+0 gc1+0 gc2+0
[  1469,1s f63300] InfluenceTick: 9,1 ms 
[  1469,2s f63301] FRAME: 76,4 ms gc0+0 gc1+0 gc2+0
[  1469,3s f63302] InfluenceTick: 7,5 ms 
[  1469,3s f63303] FRAME: 61,2 ms gc0+0 gc1+0 gc2+0
[  1469,4s f63304] FRAME: 61,5 ms gc0+0 gc1+0 gc2+0
[  1469,4s f63304] InfluenceTick: 7,9 ms 
[  1469,4s f63305] FRAME: 58,5 ms gc0+0 gc1+0 gc2+0
[  1469,5s f63307] InfluenceTick: 8,8 ms 
[  1469,6s f63308] FRAME: 69,0 ms gc0+0 gc1+0 gc2+0
[  1469,6s f63308] AIThink: 10,3 ms brains 1
[  1469,6s f63309] FRAME: 51,3 ms gc0+0 gc1+0 gc2+0
[  1469,6s f63309] InfluenceTick: 8,2 ms 
[  1469,7s f63310] FRAME: 67,0 ms gc0+0 gc1+0 gc2+0
[  1469,8s f63311] InfluenceTick: 7,5 ms 
[  1469,8s f63312] FRAME: 73,4 ms gc0+0 gc1+0 gc2+0
[  1469,9s f63313] InfluenceTick: 8,6 ms 
[  1469,9s f63314] FRAME: 66,2 ms gc0+1 gc1+1 gc2+1
[  1470,0s f63315] InfluenceTick: 7,8 ms 
[  1470,0s f63316] FRAME: 64,6 ms gc0+0 gc1+0 gc2+0
[  1470,1s f63317] InfluenceTick: 7,7 ms 
[  1470,1s f63318] FRAME: 62,9 ms gc0+0 gc1+0 gc2+0
[  1470,2s f63319] FRAME: 52,4 ms gc0+0 gc1+0 gc2+0
[  1470,2s f63319] InfluenceTick: 7,5 ms 
[  1470,3s f63320] FRAME: 86,3 ms gc0+0 gc1+0 gc2+0
[  1470,3s f63321] InfluenceTick: 7,2 ms 
[  1470,4s f63322] FRAME: 55,3 ms gc0+0 gc1+0 gc2+0
[  1470,4s f63323] InfluenceTick: 7,6 ms 
[  1470,5s f63324] FRAME: 58,0 ms gc0+0 gc1+0 gc2+0
[  1470,5s f63325] InfluenceTick: 8,1 ms 
[  1470,6s f63326] FRAME: 65,7 ms gc0+0 gc1+0 gc2+0
[  1470,6s f63327] FRAME: 50,7 ms gc0+0 gc1+0 gc2+0
[  1470,7s f63327] InfluenceTick: 7,5 ms 
[  1470,7s f63328] FRAME: 80,6 ms gc0+0 gc1+0 gc2+0
[  1470,8s f63329] InfluenceTick: 7,7 ms 
[  1470,8s f63329] AIThink: 12,8 ms brains 1
[  1470,8s f63330] FRAME: 84,1 ms gc0+0 gc1+0 gc2+0
[  1470,9s f63331] InfluenceTick: 7,2 ms 
[  1470,9s f63332] FRAME: 60,2 ms gc0+0 gc1+0 gc2+0
[  1471,0s f63333] InfluenceTick: 7,1 ms 
[  1471,0s f63333] HutIncome: 13,5 ms huts 71
[  1471,1s f63334] FRAME: 76,1 ms gc0+0 gc1+0 gc2+0
[  1471,1s f63335] FRAME: 61,2 ms gc0+0 gc1+0 gc2+0
[  1471,1s f63335] InfluenceTick: 8,2 ms 
[  1471,2s f63336] FRAME: 79,7 ms gc0+0 gc1+0 gc2+0
[  1471,2s f63336] AIThink: 11,2 ms brains 1
[  1471,3s f63337] FRAME: 62,3 ms gc0+0 gc1+0 gc2+0
[  1471,3s f63337] InfluenceTick: 7,6 ms 
[  1471,3s f63338] FRAME: 59,6 ms gc0+0 gc1+0 gc2+0
[  1471,4s f63340] InfluenceTick: 7,8 ms 
[  1471,5s f63341] FRAME: 65,0 ms gc0+0 gc1+0 gc2+0
[  1471,5s f63342] FRAME: 58,6 ms gc0+0 gc1+0 gc2+0
[  1471,6s f63342] InfluenceTick: 8,7 ms 
[  1471,6s f63343] FRAME: 68,0 ms gc0+0 gc1+0 gc2+0
[  1471,7s f63344] InfluenceTick: 8,2 ms 
[  1471,7s f63345] FRAME: 67,8 ms gc0+0 gc1+0 gc2+0
[  1471,8s f63346] InfluenceTick: 9,0 ms 
[  1471,8s f63347] FRAME: 69,3 ms gc0+0 gc1+0 gc2+0
[  1471,9s f63348] InfluenceTick: 7,1 ms 
[  1471,9s f63349] FRAME: 75,3 ms gc0+0 gc1+0 gc2+0
[  1472,0s f63349] AIThink: 9,5 ms brains 1
[  1472,0s f63350] FRAME: 53,3 ms gc0+0 gc1+0 gc2+0
[  1472,0s f63350] InfluenceTick: 7,6 ms 
[  1472,1s f63351] FRAME: 65,1 ms gc0+0 gc1+0 gc2+0
[  1472,1s f63352] FRAME: 53,5 ms gc0+0 gc1+0 gc2+0
[  1472,1s f63352] InfluenceTick: 7,9 ms 
[  1472,2s f63353] FRAME: 74,0 ms gc0+0 gc1+0 gc2+0
[  1472,2s f63354] FRAME: 52,4 ms gc0+1 gc1+1 gc2+1
[  1472,3s f63354] InfluenceTick: 7,9 ms 
[  1472,3s f63355] FRAME: 63,6 ms gc0+0 gc1+0 gc2+0
[  1472,4s f63356] FRAME: 69,0 ms gc0+0 gc1+0 gc2+0
[  1472,4s f63356] InfluenceTick: 7,7 ms 
[  1472,4s f63357] FRAME: 60,3 ms gc0+0 gc1+0 gc2+0
[  1472,5s f63359] InfluenceTick: 7,9 ms 
[  1472,6s f63360] FRAME: 65,2 ms gc0+0 gc1+0 gc2+0
[  1472,6s f63361] InfluenceTick: 7,3 ms 
[  1472,7s f63362] FRAME: 57,8 ms gc0+0 gc1+0 gc2+0
[  1472,8s f63364] FRAME: 63,9 ms gc0+0 gc1+0 gc2+0
[  1472,8s f63364] InfluenceTick: 7,8 ms 
[  1472,8s f63365] FRAME: 62,2 ms gc0+0 gc1+0 gc2+0
[  1472,9s f63366] InfluenceTick: 8,5 ms 
[  1473,0s f63367] FRAME: 63,6 ms gc0+0 gc1+0 gc2+0
[  1473,0s f63368] InfluenceTick: 8,3 ms 
[  1473,0s f63368] HutIncome: 16,0 ms huts 71
[  1473,1s f63369] FRAME: 81,9 ms gc0+0 gc1+0 gc2+0
[  1473,1s f63370] FRAME: 50,0 ms gc0+0 gc1+0 gc2+0
[  1473,2s f63370] InfluenceTick: 7,7 ms 
[  1473,2s f63371] FRAME: 86,3 ms gc0+0 gc1+0 gc2+0
[  1473,3s f63372] InfluenceTick: 7,6 ms 
[  1473,3s f63373] FRAME: 63,9 ms gc0+0 gc1+0 gc2+0
[  1473,4s f63374] InfluenceTick: 7,5 ms 
[  1473,4s f63375] FRAME: 65,1 ms gc0+0 gc1+0 gc2+0
[  1473,5s f63376] InfluenceTick: 7,6 ms 
[  1473,5s f63377] FRAME: 64,1 ms gc0+1 gc1+1 gc2+1
[  1473,6s f63378] FRAME: 63,2 ms gc0+0 gc1+0 gc2+0
[  1473,6s f63378] InfluenceTick: 7,9 ms 
[  1473,7s f63379] FRAME: 67,3 ms gc0+0 gc1+0 gc2+0
[  1473,8s f63380] InfluenceTick: 9,0 ms 
[  1473,8s f63381] FRAME: 65,6 ms gc0+0 gc1+0 gc2+0
[  1473,9s f63382] InfluenceTick: 9,1 ms 
[  1473,9s f63383] FRAME: 72,7 ms gc0+0 gc1+0 gc2+0
[  1474,0s f63384] InfluenceTick: 8,4 ms 
[  1474,0s f63385] FRAME: 82,5 ms gc0+0 gc1+0 gc2+0
[  1474,1s f63386] FRAME: 53,3 ms gc0+0 gc1+0 gc2+0
[  1474,1s f63386] InfluenceTick: 8,4 ms 
[  1474,2s f63387] FRAME: 73,0 ms gc0+0 gc1+0 gc2+0
[  1474,2s f63388] FRAME: 51,9 ms gc0+0 gc1+0 gc2+0
[  1474,2s f63388] InfluenceTick: 8,5 ms 
[  1474,3s f63389] FRAME: 62,0 ms gc0+0 gc1+0 gc2+0
[  1474,3s f63390] InfluenceTick: 7,7 ms 
[  1474,4s f63390] AIThink: 9,7 ms brains 1
[  1474,4s f63391] FRAME: 76,3 ms gc0+0 gc1+0 gc2+0
[  1474,5s f63392] FRAME: 56,3 ms gc0+0 gc1+0 gc2+0
[  1474,5s f63392] InfluenceTick: 7,3 ms 
[  1474,5s f63393] FRAME: 63,7 ms gc0+0 gc1+0 gc2+0
[  1474,6s f63394] InfluenceTick: 7,8 ms 
[  1474,6s f63395] FRAME: 65,0 ms gc0+0 gc1+0 gc2+0
[  1474,7s f63396] InfluenceTick: 8,8 ms 
[  1474,7s f63397] FRAME: 68,6 ms gc0+0 gc1+0 gc2+0
[  1474,8s f63398] InfluenceTick: 8,2 ms 
[  1474,8s f63399] FRAME: 65,1 ms gc0+0 gc1+0 gc2+0
[  1474,9s f63400] FRAME: 65,2 ms gc0+1 gc1+1 gc2+1
[  1474,9s f63400] InfluenceTick: 8,1 ms 
[  1475,0s f63401] FRAME: 62,9 ms gc0+0 gc1+0 gc2+0
[  1475,1s f63402] InfluenceTick: 8,1 ms 
[  1475,1s f63402] HutIncome: 17,9 ms huts 71
[  1475,1s f63403] FRAME: 91,8 ms gc0+0 gc1+0 gc2+0
[  1475,2s f63404] FRAME: 62,0 ms gc0+0 gc1+0 gc2+0
[  1475,2s f63404] InfluenceTick: 7,4 ms 
[  1475,3s f63405] FRAME: 74,5 ms gc0+0 gc1+0 gc2+0
[  1475,3s f63405] AIThink: 11,1 ms brains 1
[  1475,3s f63406] FRAME: 76,3 ms gc0+0 gc1+0 gc2+0
[  1475,4s f63406] InfluenceTick: 7,6 ms 
[  1475,4s f63407] FRAME: 65,6 ms gc0+0 gc1+0 gc2+0
[  1475,4s f63408] FRAME: 57,9 ms gc0+0 gc1+0 gc2+0
[  1475,5s f63408] InfluenceTick: 7,7 ms 
[  1475,5s f63408] AIThink: 9,6 ms brains 1
[  1475,5s f63409] FRAME: 78,9 ms gc0+0 gc1+0 gc2+0
[  1475,6s f63410] FRAME: 61,1 ms gc0+0 gc1+0 gc2+0
[  1475,6s f63410] InfluenceTick: 7,6 ms 
[  1475,7s f63411] FRAME: 78,4 ms gc0+1 gc1+1 gc2+1
[  1475,7s f63412] FRAME: 72,8 ms gc0+0 gc1+0 gc2+0
[  1475,8s f63412] InfluenceTick: 8,0 ms 
[  1475,8s f63413] FRAME: 68,5 ms gc0+0 gc1+0 gc2+0
[  1475,9s f63414] InfluenceTick: 8,8 ms 
[  1475,9s f63415] FRAME: 66,6 ms gc0+0 gc1+0 gc2+0
[  1476,0s f63416] InfluenceTick: 8,1 ms 
[  1476,0s f63417] FRAME: 61,7 ms gc0+0 gc1+0 gc2+0
[  1476,1s f63418] InfluenceTick: 8,0 ms 
[  1476,2s f63419] FRAME: 92,7 ms gc0+0 gc1+0 gc2+0
[  1476,2s f63420] InfluenceTick: 8,1 ms 
[  1476,3s f63421] FRAME: 67,7 ms gc0+0 gc1+0 gc2+0
[  1476,4s f63422] InfluenceTick: 8,8 ms 
[  1476,4s f63423] FRAME: 73,1 ms gc0+0 gc1+0 gc2+0
[  1476,4s f63424] FRAME: 50,8 ms gc0+0 gc1+0 gc2+0
[  1476,5s f63424] InfluenceTick: 8,2 ms 
[  1476,5s f63425] FRAME: 73,3 ms gc0+0 gc1+0 gc2+0
[  1476,6s f63426] FRAME: 62,2 ms gc0+0 gc1+0 gc2+0
[  1476,6s f63426] InfluenceTick: 8,6 ms 
[  1476,7s f63427] FRAME: 67,6 ms gc0+0 gc1+0 gc2+0
[  1476,7s f63428] InfluenceTick: 8,3 ms 
[  1476,7s f63428] AIThink: 9,5 ms brains 1
[  1476,8s f63429] FRAME: 73,2 ms gc0+0 gc1+0 gc2+0
[  1476,8s f63430] InfluenceTick: 8,3 ms 
[  1476,9s f63431] FRAME: 68,8 ms gc0+0 gc1+0 gc2+0
[  1476,9s f63432] FRAME: 52,1 ms gc0+0 gc1+0 gc2+0
[  1477,0s f63432] InfluenceTick: 7,7 ms 
[  1477,0s f63433] FRAME: 82,4 ms gc0+1 gc1+1 gc2+1
[  1477,0s f63433] HutIncome: 15,0 ms huts 71
[  1477,1s f63434] FRAME: 62,1 ms gc0+0 gc1+0 gc2+0
[  1477,1s f63434] InfluenceTick: 7,4 ms 
[  1477,2s f63435] FRAME: 84,7 ms gc0+0 gc1+0 gc2+0
[  1477,2s f63436] FRAME: 51,4 ms gc0+0 gc1+0 gc2+0
[  1477,2s f63436] InfluenceTick: 7,3 ms 
[  1477,3s f63437] FRAME: 65,3 ms gc0+0 gc1+0 gc2+0
[  1477,3s f63438] FRAME: 50,0 ms gc0+0 gc1+0 gc2+0
[  1477,4s f63438] InfluenceTick: 7,7 ms 
[  1477,4s f63439] FRAME: 67,7 ms gc0+0 gc1+0 gc2+0
[  1477,5s f63440] FRAME: 62,9 ms gc0+0 gc1+0 gc2+0
[  1477,5s f63440] InfluenceTick: 7,4 ms 
[  1477,5s f63441] FRAME: 66,0 ms gc0+0 gc1+0 gc2+0
[  1477,6s f63441] AIThink: 25,9 ms brains 3
[  1477,6s f63442] FRAME: 78,2 ms gc0+0 gc1+0 gc2+0
[  1477,6s f63442] InfluenceTick: 7,4 ms 
[  1477,7s f63443] FRAME: 64,2 ms gc0+0 gc1+0 gc2+0
[  1477,7s f63444] InfluenceTick: 7,0 ms 
[  1477,8s f63445] FRAME: 62,6 ms gc0+0 gc1+0 gc2+0
[  1477,9s f63446] InfluenceTick: 7,1 ms 
[  1477,9s f63447] FRAME: 82,9 ms gc0+0 gc1+0 gc2+0
[  1478,0s f63448] InfluenceTick: 8,2 ms 
[  1478,0s f63449] FRAME: 67,9 ms gc0+0 gc1+0 gc2+0
[  1478,1s f63450] InfluenceTick: 7,6 ms 
[  1478,1s f63451] FRAME: 72,3 ms gc0+0 gc1+0 gc2+0
[  1478,2s f63452] FRAME: 50,3 ms gc0+0 gc1+0 gc2+0
[  1478,2s f63452] InfluenceTick: 6,9 ms 
[  1478,2s f63453] FRAME: 61,2 ms gc0+1 gc1+1 gc2+1
[  1478,3s f63454] FRAME: 57,5 ms gc0+0 gc1+0 gc2+0
[  1478,3s f63454] InfluenceTick: 7,1 ms 
[  1478,4s f63455] FRAME: 64,2 ms gc0+0 gc1+0 gc2+0
[  1478,4s f63456] InfluenceTick: 7,8 ms 
[  1478,5s f63457] FRAME: 68,0 ms gc0+0 gc1+0 gc2+0
[  1478,6s f63458] InfluenceTick: 7,5 ms 
[  1478,6s f63459] FRAME: 65,4 ms gc0+0 gc1+0 gc2+0
[  1478,7s f63460] InfluenceTick: 8,2 ms 
[  1478,7s f63461] FRAME: 67,4 ms gc0+0 gc1+0 gc2+0
[  1478,8s f63462] FRAME: 60,7 ms gc0+0 gc1+0 gc2+0
[  1478,8s f63462] InfluenceTick: 7,9 ms 
[  1478,8s f63463] FRAME: 63,9 ms gc0+0 gc1+0 gc2+0
[  1478,9s f63464] InfluenceTick: 7,3 ms 
[  1478,9s f63465] FRAME: 64,2 ms gc0+0 gc1+0 gc2+0
[  1479,0s f63466] InfluenceTick: 8,3 ms 
[  1479,1s f63467] FRAME: 71,5 ms gc0+0 gc1+0 gc2+0
[  1479,1s f63467] HutIncome: 15,9 ms huts 71
[  1479,1s f63468] FRAME: 71,3 ms gc0+0 gc1+0 gc2+0
[  1479,2s f63468] InfluenceTick: 7,1 ms 
[  1479,2s f63468] AIThink: 8,8 ms brains 1
[  1479,2s f63469] FRAME: 98,8 ms gc0+0 gc1+0 gc2+0
[  1479,3s f63470] InfluenceTick: 7,5 ms 
[  1479,4s f63471] FRAME: 74,4 ms gc0+0 gc1+0 gc2+0
[  1479,4s f63472] FRAME: 53,0 ms gc0+0 gc1+0 gc2+0
[  1479,4s f63472] InfluenceTick: 7,1 ms 
[  1479,5s f63473] FRAME: 68,9 ms gc0+1 gc1+1 gc2+1
[  1479,5s f63474] InfluenceTick: 7,5 ms 
[  1479,6s f63475] FRAME: 63,4 ms gc0+0 gc1+0 gc2+0
[  1479,7s f63476] FRAME: 71,1 ms gc0+0 gc1+0 gc2+0
[  1479,7s f63476] InfluenceTick: 7,9 ms 
[  1479,7s f63477] FRAME: 81,8 ms gc0+0 gc1+0 gc2+0
[  1479,8s f63478] FRAME: 50,2 ms gc0+0 gc1+0 gc2+0
[  1479,8s f63478] InfluenceTick: 7,8 ms 
[  1479,8s f63478] AIThink: 11,7 ms brains 1
[  1479,9s f63479] FRAME: 76,7 ms gc0+0 gc1+0 gc2+0
[  1479,9s f63480] InfluenceTick: 6,9 ms 
[  1480,0s f63481] FRAME: 68,1 ms gc0+0 gc1+0 gc2+0
[  1480,1s f63482] InfluenceTick: 8,1 ms 
[  1480,1s f63483] FRAME: 80,7 ms gc0+0 gc1+0 gc2+0
[  1480,2s f63484] InfluenceTick: 7,3 ms 
[  1480,2s f63485] FRAME: 75,9 ms gc0+0 gc1+0 gc2+0
[  1480,3s f63486] FRAME: 51,7 ms gc0+0 gc1+0 gc2+0
[  1480,3s f63486] InfluenceTick: 7,0 ms 
[  1480,3s f63487] FRAME: 59,8 ms gc0+0 gc1+0 gc2+0
[  1480,4s f63488] FRAME: 54,0 ms gc0+1 gc1+1 gc2+1
[  1480,4s f63488] InfluenceTick: 7,5 ms 
[  1480,5s f63489] FRAME: 61,9 ms gc0+0 gc1+0 gc2+0
[  1480,5s f63490] FRAME: 59,5 ms gc0+0 gc1+0 gc2+0
[  1480,5s f63490] InfluenceTick: 7,6 ms 
[  1480,6s f63491] FRAME: 69,0 ms gc0+0 gc1+0 gc2+0
[  1480,7s f63492] InfluenceTick: 8,0 ms 
[  1480,7s f63493] FRAME: 68,2 ms gc0+0 gc1+0 gc2+0
[  1480,8s f63494] InfluenceTick: 7,5 ms 
[  1480,8s f63495] FRAME: 73,2 ms gc0+0 gc1+0 gc2+0
[  1480,9s f63496] InfluenceTick: 8,6 ms 
[  1480,9s f63497] FRAME: 85,4 ms gc0+0 gc1+0 gc2+0
[  1481,0s f63498] InfluenceTick: 6,8 ms 
[  1481,1s f63499] FRAME: 61,7 ms gc0+0 gc1+0 gc2+0
[  1481,1s f63500] InfluenceTick: 7,1 ms 
[  1481,1s f63500] HutIncome: 14,5 ms huts 71
[  1481,2s f63501] FRAME: 80,3 ms gc0+0 gc1+0 gc2+0
[  1481,2s f63502] InfluenceTick: 7,6 ms 
[  1481,3s f63503] FRAME: 60,5 ms gc0+0 gc1+0 gc2+0
[  1481,3s f63504] FRAME: 64,3 ms gc0+0 gc1+0 gc2+0
[  1481,4s f63504] InfluenceTick: 7,4 ms 
[  1481,4s f63505] FRAME: 63,8 ms gc0+0 gc1+0 gc2+0
[  1481,5s f63506] InfluenceTick: 8,3 ms 
[  1481,5s f63507] FRAME: 63,8 ms gc0+0 gc1+0 gc2+0
[  1481,5s f63507] AIThink: 13,2 ms brains 1
[  1481,6s f63508] FRAME: 53,6 ms gc0+0 gc1+0 gc2+0
[  1481,6s f63508] InfluenceTick: 7,5 ms 
[  1481,6s f63509] FRAME: 71,9 ms gc0+1 gc1+1 gc2+1
[  1481,7s f63510] FRAME: 50,7 ms gc0+0 gc1+0 gc2+0
[  1481,7s f63510] InfluenceTick: 7,9 ms 
[  1481,8s f63511] FRAME: 81,6 ms gc0+0 gc1+0 gc2+0
[  1481,8s f63512] InfluenceTick: 7,2 ms 
[  1481,9s f63513] FRAME: 67,2 ms gc0+0 gc1+0 gc2+0
[  1482,0s f63514] InfluenceTick: 7,8 ms 
[  1482,0s f63515] FRAME: 66,6 ms gc0+0 gc1+0 gc2+0
[  1482,1s f63516] InfluenceTick: 7,3 ms 
[  1482,1s f63516] AIThink: 11,7 ms brains 1
[  1482,1s f63517] FRAME: 78,4 ms gc0+0 gc1+0 gc2+0
[  1482,2s f63518] FRAME: 68,3 ms gc0+0 gc1+0 gc2+0
[  1482,2s f63518] InfluenceTick: 7,6 ms 
[  1482,3s f63519] FRAME: 74,7 ms gc0+0 gc1+0 gc2+0
[  1482,3s f63520] InfluenceTick: 7,7 ms 
[  1482,4s f63521] FRAME: 68,7 ms gc0+0 gc1+0 gc2+0
[  1482,4s f63522] FRAME: 50,4 ms gc0+0 gc1+0 gc2+0
[  1482,5s f63522] InfluenceTick: 7,3 ms 
[  1482,5s f63523] FRAME: 58,5 ms gc0+0 gc1+0 gc2+0
[  1482,6s f63524] InfluenceTick: 7,0 ms 
[  1482,6s f63525] FRAME: 78,1 ms gc0+0 gc1+0 gc2+0
[  1482,7s f63526] InfluenceTick: 7,0 ms 
[  1482,7s f63527] FRAME: 62,9 ms gc0+0 gc1+0 gc2+0
[  1482,8s f63528] InfluenceTick: 7,0 ms 
[  1482,8s f63529] FRAME: 64,1 ms gc0+0 gc1+0 gc2+0
[  1482,9s f63530] InfluenceTick: 7,2 ms 
[  1482,9s f63531] FRAME: 65,9 ms gc0+0 gc1+0 gc2+0
[  1483,0s f63532] FRAME: 54,9 ms gc0+1 gc1+1 gc2+1
[  1483,0s f63532] InfluenceTick: 7,1 ms 
[  1483,1s f63533] FRAME: 77,3 ms gc0+0 gc1+0 gc2+0
[  1483,1s f63534] InfluenceTick: 7,5 ms 
[  1483,2s f63534] HutIncome: 14,5 ms huts 71
[  1483,2s f63535] FRAME: 85,9 ms gc0+0 gc1+0 gc2+0
[  1483,3s f63536] InfluenceTick: 7,4 ms 
[  1483,3s f63537] FRAME: 65,2 ms gc0+0 gc1+0 gc2+0
[  1483,4s f63538] InfluenceTick: 6,9 ms 
[  1483,4s f63539] FRAME: 60,8 ms gc0+0 gc1+0 gc2+0
[  1483,5s f63540] FRAME: 55,5 ms gc0+0 gc1+0 gc2+0
[  1483,5s f63540] InfluenceTick: 8,0 ms 
[  1483,5s f63541] FRAME: 72,7 ms gc0+0 gc1+0 gc2+0
[  1483,6s f63542] InfluenceTick: 8,3 ms 
[  1483,7s f63543] FRAME: 67,3 ms gc0+0 gc1+0 gc2+0
[  1483,7s f63544] InfluenceTick: 8,1 ms 
[  1483,8s f63545] FRAME: 65,0 ms gc0+0 gc1+0 gc2+0
[  1483,9s f63546] InfluenceTick: 7,0 ms 
[  1483,9s f63547] FRAME: 80,2 ms gc0+0 gc1+0 gc2+0
[  1483,9s f63547] AIThink: 21,5 ms brains 2
[  1484,0s f63548] FRAME: 69,7 ms gc0+0 gc1+0 gc2+0
[  1484,0s f63548] InfluenceTick: 7,8 ms 
[  1484,0s f63549] FRAME: 73,1 ms gc0+0 gc1+0 gc2+0
[  1484,1s f63550] FRAME: 54,5 ms gc0+0 gc1+0 gc2+0
[  1484,1s f63550] InfluenceTick: 7,6 ms 
[  1484,2s f63551] FRAME: 78,6 ms gc0+0 gc1+0 gc2+0
[  1484,2s f63552] FRAME: 52,6 ms gc0+0 gc1+0 gc2+0
[  1484,3s f63552] InfluenceTick: 7,1 ms 
[  1484,3s f63553] FRAME: 93,0 ms gc0+1 gc1+1 gc2+1
[  1484,4s f63554] InfluenceTick: 7,2 ms 
[  1484,4s f63555] FRAME: 62,6 ms gc0+0 gc1+0 gc2+0
[  1484,5s f63556] InfluenceTick: 7,1 ms 
[  1484,5s f63557] FRAME: 56,8 ms gc0+0 gc1+0 gc2+0
[  1484,6s f63558] FRAME: 50,5 ms gc0+0 gc1+0 gc2+0
[  1484,6s f63558] InfluenceTick: 7,1 ms 
[  1484,6s f63559] FRAME: 63,8 ms gc0+0 gc1+0 gc2+0
[  1484,7s f63560] FRAME: 55,1 ms gc0+0 gc1+0 gc2+0
[  1484,7s f63560] InfluenceTick: 7,7 ms 
[  1484,8s f63561] FRAME: 65,4 ms gc0+0 gc1+0 gc2+0
[  1484,8s f63562] InfluenceTick: 7,7 ms 
[  1484,9s f63563] FRAME: 60,0 ms gc0+0 gc1+0 gc2+0
[  1485,0s f63565] InfluenceTick: 7,5 ms 
[  1485,0s f63566] FRAME: 66,5 ms gc0+0 gc1+0 gc2+0
[  1485,1s f63567] InfluenceTick: 7,1 ms 
[  1485,1s f63568] FRAME: 87,0 ms gc0+0 gc1+0 gc2+0
[  1485,2s f63568] HutIncome: 15,6 ms huts 71
[  1485,2s f63569] FRAME: 65,6 ms gc0+0 gc1+0 gc2+0
[  1485,2s f63569] InfluenceTick: 7,3 ms 
[  1485,3s f63570] FRAME: 73,4 ms gc0+0 gc1+0 gc2+0
[  1485,4s f63571] InfluenceTick: 7,8 ms 
[  1485,4s f63572] FRAME: 66,3 ms gc0+0 gc1+0 gc2+0
[  1485,4s f63573] FRAME: 54,8 ms gc0+1 gc1+1 gc2+1
[  1485,5s f63573] InfluenceTick: 7,8 ms 
[  1485,5s f63574] FRAME: 63,2 ms gc0+0 gc1+0 gc2+0
[  1485,6s f63575] FRAME: 61,4 ms gc0+0 gc1+0 gc2+0
[  1485,6s f63575] InfluenceTick: 6,8 ms 
[  1485,6s f63576] FRAME: 75,2 ms gc0+0 gc1+0 gc2+0
[  1485,7s f63577] InfluenceTick: 7,5 ms 
[  1485,8s f63578] FRAME: 71,3 ms gc0+0 gc1+0 gc2+0
[  1485,8s f63579] InfluenceTick: 8,9 ms 
[  1485,9s f63580] FRAME: 68,3 ms gc0+0 gc1+0 gc2+0
[  1485,9s f63581] FRAME: 51,0 ms gc0+0 gc1+0 gc2+0
[  1486,0s f63581] InfluenceTick: 8,6 ms 
[  1486,0s f63582] FRAME: 88,5 ms gc0+0 gc1+0 gc2+0
[  1486,0s f63582] AIThink: 11,8 ms brains 1
[  1486,1s f63583] FRAME: 62,8 ms gc0+0 gc1+0 gc2+0
[  1486,1s f63583] InfluenceTick: 7,3 ms 
[  1486,2s f63584] FRAME: 78,7 ms gc0+0 gc1+0 gc2+0
[  1486,2s f63585] FRAME: 50,3 ms gc0+0 gc1+0 gc2+0
[  1486,2s f63585] InfluenceTick: 7,1 ms 
[  1486,3s f63586] FRAME: 60,9 ms gc0+0 gc1+0 gc2+0
[  1486,3s f63587] InfluenceTick: 8,2 ms 
[  1486,4s f63587] AIThink: 10,1 ms brains 1
[  1486,4s f63588] FRAME: 74,8 ms gc0+0 gc1+0 gc2+0
[  1486,5s f63589] FRAME: 68,1 ms gc0+0 gc1+0 gc2+0
[  1486,5s f63589] InfluenceTick: 7,9 ms 
[  1486,5s f63590] FRAME: 73,6 ms gc0+0 gc1+0 gc2+0
[  1486,6s f63591] FRAME: 53,5 ms gc0+1 gc1+1 gc2+1
[  1486,6s f63591] InfluenceTick: 7,9 ms 
[  1486,6s f63591] AIThink: 12,1 ms brains 1
[  1486,7s f63592] FRAME: 84,7 ms gc0+0 gc1+0 gc2+0
[  1486,7s f63593] InfluenceTick: 7,3 ms 
[  1486,8s f63594] FRAME: 63,6 ms gc0+0 gc1+0 gc2+0
[  1486,9s f63595] InfluenceTick: 7,6 ms 
[  1486,9s f63596] FRAME: 83,6 ms gc0+0 gc1+0 gc2+0
[  1487,0s f63597] InfluenceTick: 8,0 ms 
[  1487,0s f63598] FRAME: 68,9 ms gc0+0 gc1+0 gc2+0
[  1487,1s f63599] InfluenceTick: 7,8 ms 
[  1487,1s f63600] FRAME: 83,9 ms gc0+0 gc1+0 gc2+0
[  1487,2s f63600] HutIncome: 16,9 ms huts 71
[  1487,2s f63601] FRAME: 84,5 ms gc0+0 gc1+0 gc2+0
[  1487,3s f63601] InfluenceTick: 7,8 ms 
[  1487,3s f63602] FRAME: 92,0 ms gc0+0 gc1+0 gc2+0
[  1487,4s f63603] InfluenceTick: 7,3 ms 
[  1487,4s f63604] FRAME: 64,9 ms gc0+0 gc1+0 gc2+0
[  1487,5s f63605] InfluenceTick: 7,5 ms 
[  1487,5s f63606] FRAME: 64,8 ms gc0+0 gc1+0 gc2+0
[  1487,6s f63607] InfluenceTick: 7,7 ms 
[  1487,7s f63608] FRAME: 67,6 ms gc0+0 gc1+0 gc2+0
[  1487,7s f63609] FRAME: 68,6 ms gc0+0 gc1+0 gc2+0
[  1487,8s f63609] InfluenceTick: 7,8 ms 
[  1487,8s f63610] FRAME: 68,7 ms gc0+0 gc1+0 gc2+0
[  1487,9s f63611] InfluenceTick: 7,7 ms 
[  1487,9s f63612] FRAME: 70,3 ms gc0+0 gc1+0 gc2+0
[  1488,0s f63613] InfluenceTick: 7,3 ms 
[  1488,0s f63614] FRAME: 58,4 ms gc0+0 gc1+0 gc2+0
[  1488,1s f63615] InfluenceTick: 7,4 ms 
[  1488,1s f63616] FRAME: 66,7 ms gc0+0 gc1+0 gc2+0
[  1488,2s f63617] FRAME: 72,6 ms gc0+0 gc1+0 gc2+0
[  1488,2s f63617] InfluenceTick: 7,6 ms 
[  1488,3s f63618] FRAME: 73,0 ms gc0+0 gc1+0 gc2+0
[  1488,3s f63619] InfluenceTick: 6,9 ms 
[  1488,4s f63620] FRAME: 58,6 ms gc0+0 gc1+0 gc2+0
[  1488,4s f63621] InfluenceTick: 7,4 ms 
[  1488,5s f63622] FRAME: 61,4 ms gc0+0 gc1+0 gc2+0
[  1488,6s f63623] InfluenceTick: 6,9 ms 
[  1488,6s f63624] FRAME: 70,7 ms gc0+0 gc1+0 gc2+0
[  1488,7s f63625] InfluenceTick: 8,1 ms 
[  1488,7s f63626] FRAME: 61,6 ms gc0+0 gc1+0 gc2+0
[  1488,7s f63626] AIThink: 10,3 ms brains 1
[  1488,7s f63627] FRAME: 53,0 ms gc0+0 gc1+0 gc2+0
[  1488,8s f63627] InfluenceTick: 7,2 ms 
[  1488,8s f63628] FRAME: 65,7 ms gc0+0 gc1+0 gc2+0
[  1488,8s f63628] AIThink: 11,3 ms brains 1
[  1488,9s f63629] InfluenceTick: 7,7 ms 
[  1488,9s f63630] FRAME: 64,9 ms gc0+0 gc1+0 gc2+0
[  1489,0s f63631] FRAME: 62,8 ms gc0+0 gc1+0 gc2+0
[  1489,0s f63631] InfluenceTick: 8,0 ms 
[  1489,1s f63632] FRAME: 64,9 ms gc0+0 gc1+0 gc2+0
[  1489,1s f63633] InfluenceTick: 8,2 ms 
[  1489,2s f63634] FRAME: 70,3 ms gc0+0 gc1+0 gc2+0
[  1489,2s f63634] HutIncome: 17,4 ms huts 71
[  1489,2s f63635] FRAME: 73,2 ms gc0+0 gc1+0 gc2+0
[  1489,3s f63635] InfluenceTick: 8,0 ms 
[  1489,3s f63636] FRAME: 73,0 ms gc0+1 gc1+1 gc2+1
[  1489,4s f63637] InfluenceTick: 7,8 ms 
[  1489,4s f63638] FRAME: 75,4 ms gc0+0 gc1+0 gc2+0
[  1489,5s f63639] FRAME: 50,2 ms gc0+0 gc1+0 gc2+0
[  1489,5s f63639] InfluenceTick: 6,9 ms 
[  1489,5s f63640] FRAME: 64,0 ms gc0+0 gc1+0 gc2+0
[  1489,6s f63641] InfluenceTick: 7,5 ms 
[  1489,7s f63642] FRAME: 60,0 ms gc0+0 gc1+0 gc2+0
[  1489,7s f63643] InfluenceTick: 7,3 ms 
[  1489,8s f63644] FRAME: 63,9 ms gc0+0 gc1+0 gc2+0
[  1489,8s f63645] FRAME: 61,1 ms gc0+0 gc1+0 gc2+0
[  1489,8s f63645] InfluenceTick: 7,0 ms 
[  1489,9s f63646] FRAME: 68,0 ms gc0+0 gc1+0 gc2+0
[  1490,0s f63647] InfluenceTick: 7,0 ms 
[  1490,0s f63648] FRAME: 60,3 ms gc0+0 gc1+0 gc2+0
[  1490,1s f63649] InfluenceTick: 7,1 ms 
[  1490,1s f63650] FRAME: 62,3 ms gc0+0 gc1+0 gc2+0
[  1490,2s f63651] FRAME: 62,6 ms gc0+0 gc1+0 gc2+0
[  1490,2s f63651] InfluenceTick: 8,1 ms 
[  1490,2s f63652] FRAME: 69,9 ms gc0+0 gc1+0 gc2+0
[  1490,3s f63653] FRAME: 62,6 ms gc0+0 gc1+0 gc2+0
[  1490,3s f63653] InfluenceTick: 7,3 ms 
[  1490,4s f63654] FRAME: 61,9 ms gc0+0 gc1+0 gc2+0
[  1490,4s f63655] InfluenceTick: 7,1 ms 
[  1490,5s f63656] FRAME: 71,4 ms gc0+1 gc1+1 gc2+1
[  1490,5s f63657] InfluenceTick: 7,1 ms 
[  1490,6s f63658] FRAME: 60,1 ms gc0+0 gc1+0 gc2+0
[  1490,7s f63659] InfluenceTick: 8,3 ms 
[  1490,7s f63660] FRAME: 66,4 ms gc0+0 gc1+0 gc2+0
[  1490,8s f63661] FRAME: 60,1 ms gc0+0 gc1+0 gc2+0
[  1490,8s f63661] InfluenceTick: 8,2 ms 
[  1490,8s f63662] FRAME: 67,3 ms gc0+0 gc1+0 gc2+0
[  1490,9s f63663] InfluenceTick: 8,3 ms 
[  1490,9s f63664] FRAME: 74,0 ms gc0+0 gc1+0 gc2+0
[  1491,0s f63665] InfluenceTick: 7,9 ms 
[  1491,0s f63666] FRAME: 63,6 ms gc0+0 gc1+0 gc2+0
[  1491,1s f63666] AIThink: 13,2 ms brains 1
[  1491,1s f63667] FRAME: 58,1 ms gc0+0 gc1+0 gc2+0
[  1491,1s f63667] InfluenceTick: 7,6 ms 
[  1491,2s f63667] AIThink: 9,3 ms brains 1
[  1491,2s f63668] FRAME: 99,6 ms gc0+0 gc1+0 gc2+0
[  1491,2s f63668] HutIncome: 17,0 ms huts 71
[  1491,3s f63669] FRAME: 75,8 ms gc0+0 gc1+0 gc2+0
[  1491,3s f63669] InfluenceTick: 7,6 ms 
[  1491,3s f63670] FRAME: 62,4 ms gc0+0 gc1+0 gc2+0
[  1491,4s f63671] InfluenceTick: 7,9 ms 
[  1491,5s f63672] FRAME: 69,1 ms gc0+0 gc1+0 gc2+0
[  1491,5s f63673] FRAME: 52,0 ms gc0+0 gc1+0 gc2+0
[  1491,6s f63673] InfluenceTick: 7,1 ms 
[  1491,6s f63674] FRAME: 79,6 ms gc0+0 gc1+0 gc2+0
[  1491,7s f63675] InfluenceTick: 7,8 ms 
[  1491,7s f63676] FRAME: 67,6 ms gc0+0 gc1+0 gc2+0
[  1491,8s f63677] InfluenceTick: 7,7 ms 
[  1491,8s f63678] FRAME: 67,3 ms gc0+0 gc1+0 gc2+0
[  1491,9s f63679] InfluenceTick: 7,7 ms 
[  1491,9s f63680] FRAME: 65,7 ms gc0+0 gc1+0 gc2+0
[  1492,0s f63681] FRAME: 63,9 ms gc0+0 gc1+0 gc2+0
[  1492,0s f63681] InfluenceTick: 7,7 ms 
[  1492,1s f63682] FRAME: 79,0 ms gc0+0 gc1+0 gc2+0
[  1492,1s f63683] FRAME: 59,4 ms gc0+0 gc1+0 gc2+0
[  1492,2s f63683] InfluenceTick: 7,4 ms 
[  1492,2s f63684] FRAME: 72,6 ms gc0+0 gc1+0 gc2+0
[  1492,3s f63685] InfluenceTick: 9,9 ms 
[  1492,3s f63686] FRAME: 80,1 ms gc0+0 gc1+0 gc2+0
[  1492,4s f63686] AIThink: 10,8 ms brains 1
[  1492,4s f63687] FRAME: 73,0 ms gc0+0 gc1+0 gc2+0
[  1492,4s f63687] InfluenceTick: 9,2 ms 
[  1492,5s f63688] FRAME: 81,8 ms gc0+0 gc1+0 gc2+0
[  1492,5s f63689] FRAME: 53,5 ms gc0+0 gc1+0 gc2+0
[  1492,6s f63689] InfluenceTick: 7,8 ms 
[  1492,6s f63690] FRAME: 70,5 ms gc0+0 gc1+0 gc2+0
[  1492,7s f63691] FRAME: 50,6 ms gc0+0 gc1+0 gc2+0
[  1492,7s f63691] InfluenceTick: 7,5 ms 
[  1492,7s f63692] FRAME: 68,2 ms gc0+0 gc1+0 gc2+0
[  1492,8s f63693] InfluenceTick: 8,3 ms 
[  1492,9s f63694] FRAME: 86,1 ms gc0+0 gc1+0 gc2+0
[  1492,9s f63695] FRAME: 57,6 ms gc0+1 gc1+1 gc2+1
[  1493,0s f63695] InfluenceTick: 7,6 ms 
[  1493,0s f63696] FRAME: 64,1 ms gc0+0 gc1+0 gc2+0
[  1493,0s f63697] FRAME: 51,5 ms gc0+0 gc1+0 gc2+0
[  1493,1s f63697] InfluenceTick: 8,1 ms 
[  1493,1s f63698] FRAME: 71,3 ms gc0+0 gc1+0 gc2+0
[  1493,2s f63699] FRAME: 50,9 ms gc0+0 gc1+0 gc2+0
[  1493,2s f63699] InfluenceTick: 7,7 ms 
[  1493,2s f63700] FRAME: 70,7 ms gc0+0 gc1+0 gc2+0
[  1493,3s f63700] HutIncome: 17,2 ms huts 71
[  1493,3s f63701] FRAME: 81,9 ms gc0+0 gc1+0 gc2+0
[  1493,3s f63701] InfluenceTick: 8,4 ms 
[  1493,4s f63702] FRAME: 81,5 ms gc0+0 gc1+0 gc2+0
[  1493,5s f63703] InfluenceTick: 8,0 ms 
[  1493,5s f63704] FRAME: 65,5 ms gc0+0 gc1+0 gc2+0
[  1493,5s f63704] AIThink: 12,1 ms brains 2
[  1493,6s f63705] FRAME: 60,1 ms gc0+0 gc1+0 gc2+0
[  1493,6s f63705] InfluenceTick: 8,2 ms 
[  1493,6s f63706] FRAME: 72,8 ms gc0+0 gc1+0 gc2+0
[  1493,7s f63707] FRAME: 65,7 ms gc0+0 gc1+0 gc2+0
[  1493,7s f63707] InfluenceTick: 8,8 ms 
[  1493,8s f63708] FRAME: 73,3 ms gc0+0 gc1+0 gc2+0
[  1493,8s f63709] FRAME: 52,4 ms gc0+0 gc1+0 gc2+0
[  1493,9s f63709] InfluenceTick: 8,7 ms 
[  1493,9s f63710] FRAME: 74,4 ms gc0+0 gc1+0 gc2+0
[  1494,0s f63711] FRAME: 52,2 ms gc0+0 gc1+0 gc2+0
[  1494,0s f63711] InfluenceTick: 8,1 ms 
[  1494,0s f63712] FRAME: 65,6 ms gc0+0 gc1+0 gc2+0
[  1494,1s f63713] FRAME: 54,1 ms gc0+0 gc1+0 gc2+0
[  1494,1s f63713] InfluenceTick: 8,2 ms 
[  1494,2s f63714] FRAME: 106,7 ms gc0+0 gc1+0 gc2+0
[  1494,2s f63714] InfluenceTick: 8,9 ms 
[  1494,3s f63715] FRAME: 81,7 ms gc0+0 gc1+0 gc2+0
[  1494,3s f63716] FRAME: 55,7 ms gc0+1 gc1+1 gc2+1
[  1494,4s f63716] InfluenceTick: 8,4 ms 
[  1494,4s f63717] FRAME: 68,5 ms gc0+0 gc1+0 gc2+0
[  1494,4s f63718] FRAME: 50,2 ms gc0+0 gc1+0 gc2+0
[  1494,5s f63718] InfluenceTick: 8,6 ms 
[  1494,5s f63718] AIThink: 12,1 ms brains 1
[  1494,5s f63719] FRAME: 86,1 ms gc0+0 gc1+0 gc2+0
[  1494,6s f63720] FRAME: 65,8 ms gc0+0 gc1+0 gc2+0
[  1494,6s f63720] InfluenceTick: 8,4 ms 
[  1494,7s f63721] FRAME: 74,5 ms gc0+0 gc1+0 gc2+0
[  1494,7s f63722] FRAME: 50,7 ms gc0+0 gc1+0 gc2+0
[  1494,8s f63722] InfluenceTick: 8,4 ms 
[  1494,8s f63723] FRAME: 73,3 ms gc0+0 gc1+0 gc2+0
[  1494,9s f63724] InfluenceTick: 8,4 ms 
[  1494,9s f63725] FRAME: 84,0 ms gc0+0 gc1+0 gc2+0
[  1495,0s f63726] FRAME: 52,4 ms gc0+0 gc1+0 gc2+0
[  1495,0s f63726] InfluenceTick: 7,9 ms 
[  1495,1s f63727] FRAME: 89,4 ms gc0+0 gc1+0 gc2+0
[  1495,1s f63728] FRAME: 60,8 ms gc0+0 gc1+0 gc2+0
[  1495,2s f63728] InfluenceTick: 8,7 ms 
[  1495,2s f63729] FRAME: 94,0 ms gc0+0 gc1+0 gc2+0
[  1495,3s f63730] FRAME: 54,0 ms gc0+0 gc1+0 gc2+0
[  1495,3s f63730] InfluenceTick: 9,5 ms 
[  1495,3s f63730] HutIncome: 20,1 ms huts 71
[  1495,4s f63731] FRAME: 103,3 ms gc0+0 gc1+0 gc2+0
[  1495,4s f63731] InfluenceTick: 8,8 ms 
[  1495,5s f63732] FRAME: 97,9 ms gc0+0 gc1+0 gc2+0
[  1495,5s f63733] FRAME: 58,3 ms gc0+0 gc1+0 gc2+0
[  1495,6s f63733] InfluenceTick: 9,2 ms 
[  1495,6s f63734] FRAME: 79,3 ms gc0+0 gc1+0 gc2+0
[  1495,6s f63734] AIThink: 13,8 ms brains 1
[  1495,7s f63735] FRAME: 64,9 ms gc0+0 gc1+0 gc2+0
[  1495,7s f63735] InfluenceTick: 9,7 ms 
[  1495,8s f63736] FRAME: 95,8 ms gc0+0 gc1+0 gc2+0
[  1495,8s f63737] FRAME: 55,6 ms gc0+1 gc1+1 gc2+1
[  1495,9s f63737] InfluenceTick: 7,4 ms 
[  1495,9s f63738] FRAME: 79,1 ms gc0+0 gc1+0 gc2+0
[  1495,9s f63738] AIThink: 10,9 ms brains 1
[  1496,0s f63739] FRAME: 55,7 ms gc0+0 gc1+0 gc2+0
[  1496,0s f63739] InfluenceTick: 8,2 ms 
[  1496,0s f63740] FRAME: 73,8 ms gc0+0 gc1+0 gc2+0
[  1496,1s f63741] InfluenceTick: 7,3 ms 
[  1496,1s f63742] FRAME: 68,2 ms gc0+0 gc1+0 gc2+0
[  1496,2s f63743] FRAME: 53,2 ms gc0+0 gc1+0 gc2+0
[  1496,2s f63743] InfluenceTick: 8,4 ms 
[  1496,3s f63744] FRAME: 79,2 ms gc0+0 gc1+0 gc2+0
[  1496,3s f63745] FRAME: 67,5 ms gc0+0 gc1+0 gc2+0
[  1496,4s f63745] InfluenceTick: 7,2 ms 
[  1496,4s f63746] FRAME: 60,7 ms gc0+0 gc1+0 gc2+0
[  1496,5s f63747] InfluenceTick: 7,2 ms 
[  1496,5s f63748] FRAME: 62,8 ms gc0+0 gc1+0 gc2+0
[  1496,6s f63749] InfluenceTick: 7,0 ms 
[  1496,6s f63749] AIThink: 9,0 ms brains 1
[  1496,6s f63750] FRAME: 71,3 ms gc0+0 gc1+0 gc2+0
[  1496,7s f63751] InfluenceTick: 7,8 ms 
[  1496,8s f63752] FRAME: 87,1 ms gc0+0 gc1+0 gc2+0
[  1496,8s f63753] InfluenceTick: 10,1 ms 
[  1496,9s f63754] FRAME: 68,6 ms gc0+0 gc1+0 gc2+0
[  1497,0s f63755] InfluenceTick: 7,8 ms 
[  1497,0s f63756] FRAME: 68,7 ms gc0+0 gc1+0 gc2+0
[  1497,1s f63757] InfluenceTick: 7,3 ms 
[  1497,1s f63758] FRAME: 63,2 ms gc0+0 gc1+0 gc2+0
[  1497,2s f63758] AIThink: 11,0 ms brains 1
[  1497,2s f63759] FRAME: 77,4 ms gc0+0 gc1+0 gc2+0
[  1497,2s f63759] InfluenceTick: 7,4 ms 
[  1497,3s f63760] FRAME: 73,1 ms gc0+0 gc1+0 gc2+0
[  1497,3s f63761] InfluenceTick: 7,0 ms 
[  1497,3s f63761] HutIncome: 13,8 ms huts 71
[  1497,4s f63762] FRAME: 82,9 ms gc0+0 gc1+0 gc2+0
[  1497,5s f63763] InfluenceTick: 8,3 ms 
[  1497,5s f63764] FRAME: 65,9 ms gc0+0 gc1+0 gc2+0
[  1497,6s f63765] InfluenceTick: 7,2 ms 
[  1497,6s f63766] FRAME: 71,9 ms gc0+0 gc1+0 gc2+0
[  1497,7s f63767] InfluenceTick: 8,0 ms 
[  1497,7s f63768] FRAME: 66,0 ms gc0+0 gc1+0 gc2+0
[  1497,8s f63769] InfluenceTick: 7,3 ms 
[  1497,8s f63770] FRAME: 62,5 ms gc0+0 gc1+0 gc2+0
[  1497,9s f63770] AIThink: 12,3 ms brains 1
[  1497,9s f63771] FRAME: 58,5 ms gc0+0 gc1+0 gc2+0
[  1497,9s f63771] InfluenceTick: 7,2 ms 
[  1498,0s f63772] FRAME: 60,2 ms gc0+0 gc1+0 gc2+0
[  1498,0s f63773] FRAME: 61,0 ms gc0+0 gc1+0 gc2+0
[  1498,0s f63773] InfluenceTick: 7,7 ms 
[  1498,1s f63774] FRAME: 67,3 ms gc0+0 gc1+0 gc2+0
[  1498,1s f63775] FRAME: 52,4 ms gc0+0 gc1+0 gc2+0
[  1498,2s f63775] InfluenceTick: 7,1 ms 
[  1498,2s f63776] FRAME: 74,5 ms gc0+0 gc1+0 gc2+0
[  1498,3s f63777] FRAME: 51,1 ms gc0+1 gc1+1 gc2+1
[  1498,3s f63777] InfluenceTick: 7,0 ms 
[  1498,3s f63778] FRAME: 62,7 ms gc0+0 gc1+0 gc2+0
[  1498,4s f63778] AIThink: 9,9 ms brains 1
[  1498,4s f63779] FRAME: 56,7 ms gc0+0 gc1+0 gc2+0
[  1498,4s f63779] InfluenceTick: 7,8 ms 
[  1498,5s f63780] FRAME: 86,5 ms gc0+0 gc1+0 gc2+0
[  1498,5s f63781] FRAME: 53,1 ms gc0+0 gc1+0 gc2+0
[  1498,6s f63781] InfluenceTick: 7,4 ms 
[  1498,6s f63782] FRAME: 68,4 ms gc0+0 gc1+0 gc2+0
[  1498,7s f63783] InfluenceTick: 7,2 ms 
[  1498,7s f63784] FRAME: 61,3 ms gc0+0 gc1+0 gc2+0
[  1498,8s f63785] InfluenceTick: 7,6 ms 
[  1498,8s f63786] FRAME: 60,4 ms gc0+0 gc1+0 gc2+0
[  1498,9s f63787] FRAME: 56,1 ms gc0+0 gc1+0 gc2+0
[  1498,9s f63787] InfluenceTick: 7,7 ms 
[  1498,9s f63788] FRAME: 62,8 ms gc0+0 gc1+0 gc2+0
[  1499,0s f63789] InfluenceTick: 7,4 ms 
[  1499,0s f63790] FRAME: 58,6 ms gc0+0 gc1+0 gc2+0
[  1499,1s f63791] InfluenceTick: 7,7 ms 
[  1499,1s f63792] FRAME: 69,6 ms gc0+0 gc1+0 gc2+0
[  1499,2s f63793] FRAME: 57,2 ms gc0+0 gc1+0 gc2+0
[  1499,2s f63793] InfluenceTick: 7,6 ms 
[  1499,3s f63794] FRAME: 66,2 ms gc0+0 gc1+0 gc2+0
[  1499,3s f63795] FRAME: 63,6 ms gc0+0 gc1+0 gc2+0
[  1499,4s f63795] InfluenceTick: 8,4 ms 
[  1499,4s f63795] HutIncome: 15,6 ms huts 71
[  1499,4s f63796] FRAME: 82,8 ms gc0+0 gc1+0 gc2+0
[  1499,5s f63797] InfluenceTick: 7,4 ms 
[  1499,5s f63798] FRAME: 72,6 ms gc0+0 gc1+0 gc2+0
[  1499,6s f63799] FRAME: 51,9 ms gc0+1 gc1+1 gc2+1
[  1499,6s f63799] InfluenceTick: 8,0 ms 
[  1499,6s f63800] FRAME: 60,9 ms gc0+0 gc1+0 gc2+0
[  1499,7s f63801] InfluenceTick: 7,8 ms 
[  1499,8s f63802] FRAME: 83,5 ms gc0+0 gc1+0 gc2+0
[  1499,9s f63803] InfluenceTick: 7,6 ms 
[  1499,9s f63804] FRAME: 68,3 ms gc0+0 gc1+0 gc2+0
[  1500,0s f63805] InfluenceTick: 7,3 ms 
[  1500,0s f63806] FRAME: 60,5 ms gc0+0 gc1+0 gc2+0
[  1500,1s f63807] InfluenceTick: 7,9 ms 
[  1500,1s f63808] FRAME: 67,7 ms gc0+0 gc1+0 gc2+0
[  1500,1s f63808] AIThink: 11,5 ms brains 1
[  1500,2s f63809] FRAME: 79,7 ms gc0+0 gc1+0 gc2+0
[  1500,2s f63809] InfluenceTick: 7,5 ms 
[  1500,3s f63810] FRAME: 73,9 ms gc0+0 gc1+0 gc2+0
[  1500,3s f63811] InfluenceTick: 7,2 ms 
[  1500,4s f63812] FRAME: 63,5 ms gc0+0 gc1+0 gc2+0
[  1500,4s f63813] InfluenceTick: 7,6 ms 
[  1500,5s f63814] FRAME: 57,9 ms gc0+0 gc1+0 gc2+0
[  1500,6s f63815] InfluenceTick: 6,7 ms 
[  1500,6s f63816] FRAME: 88,1 ms gc0+0 gc1+0 gc2+0
[  1500,7s f63817] InfluenceTick: 6,7 ms 
[  1500,7s f63818] FRAME: 60,5 ms gc0+0 gc1+0 gc2+0
[  1500,7s f63818] AIThink: 10,7 ms brains 1
[  1500,8s f63819] FRAME: 57,4 ms gc0+0 gc1+0 gc2+0
[  1500,8s f63819] InfluenceTick: 7,4 ms 
[  1500,8s f63820] FRAME: 61,5 ms gc0+0 gc1+0 gc2+0
[  1500,9s f63821] InfluenceTick: 7,4 ms 
[  1500,9s f63822] FRAME: 58,0 ms gc0+0 gc1+0 gc2+0
[  1501,0s f63823] FRAME: 62,8 ms gc0+0 gc1+0 gc2+0
[  1501,0s f63823] InfluenceTick: 8,3 ms 
[  1501,1s f63824] FRAME: 76,5 ms gc0+0 gc1+0 gc2+0
[  1501,1s f63825] FRAME: 59,3 ms gc0+0 gc1+0 gc2+0
[  1501,2s f63825] InfluenceTick: 7,0 ms 
[  1501,2s f63826] FRAME: 65,8 ms gc0+0 gc1+0 gc2+0
[  1501,3s f63827] InfluenceTick: 7,8 ms 
[  1501,3s f63828] FRAME: 70,9 ms gc0+0 gc1+0 gc2+0
[  1501,4s f63829] InfluenceTick: 7,9 ms 
[  1501,4s f63829] HutIncome: 16,2 ms huts 71
[  1501,5s f63830] FRAME: 100,3 ms gc0+0 gc1+0 gc2+0
[  1501,5s f63830] InfluenceTick: 7,3 ms 
[  1501,5s f63831] FRAME: 67,2 ms gc0+0 gc1+0 gc2+0
[  1501,6s f63832] InfluenceTick: 7,4 ms 
[  1501,6s f63833] FRAME: 63,6 ms gc0+0 gc1+0 gc2+0
[  1501,7s f63834] InfluenceTick: 7,9 ms 
[  1501,7s f63835] FRAME: 64,9 ms gc0+0 gc1+0 gc2+0
[  1501,8s f63836] InfluenceTick: 7,9 ms 
[  1501,9s f63837] FRAME: 90,2 ms gc0+1 gc1+1 gc2+1
[  1501,9s f63838] InfluenceTick: 7,1 ms 
[  1502,0s f63839] FRAME: 67,7 ms gc0+0 gc1+0 gc2+0
[  1502,1s f63840] InfluenceTick: 7,7 ms 
[  1502,1s f63841] FRAME: 60,2 ms gc0+0 gc1+0 gc2+0
[  1502,2s f63842] FRAME: 61,1 ms gc0+0 gc1+0 gc2+0
[  1502,2s f63842] InfluenceTick: 7,0 ms 
[  1502,2s f63843] FRAME: 74,0 ms gc0+0 gc1+0 gc2+0
[  1502,3s f63844] FRAME: 61,2 ms gc0+0 gc1+0 gc2+0
[  1502,3s f63844] InfluenceTick: 8,0 ms 
[  1502,4s f63845] FRAME: 67,8 ms gc0+0 gc1+0 gc2+0
[  1502,4s f63845] AIThink: 12,2 ms brains 1
[  1502,4s f63846] FRAME: 55,2 ms gc0+0 gc1+0 gc2+0
[  1502,4s f63846] InfluenceTick: 8,2 ms 
[  1502,5s f63847] FRAME: 71,1 ms gc0+0 gc1+0 gc2+0
[  1502,6s f63848] InfluenceTick: 7,6 ms 
[  1502,6s f63849] FRAME: 62,7 ms gc0+0 gc1+0 gc2+0
[  1502,7s f63850] InfluenceTick: 6,9 ms 
[  1502,7s f63851] FRAME: 70,3 ms gc0+0 gc1+0 gc2+0
[  1502,8s f63852] FRAME: 50,1 ms gc0+0 gc1+0 gc2+0
[  1502,8s f63852] InfluenceTick: 7,7 ms 
[  1502,8s f63853] FRAME: 62,4 ms gc0+0 gc1+0 gc2+0
[  1502,9s f63854] InfluenceTick: 7,8 ms 
[  1502,9s f63855] FRAME: 68,1 ms gc0+0 gc1+0 gc2+0
[  1503,0s f63856] FRAME: 51,0 ms gc0+0 gc1+0 gc2+0
[  1503,0s f63856] InfluenceTick: 7,9 ms 
[  1503,1s f63857] FRAME: 72,8 ms gc0+1 gc1+1 gc2+1
[  1503,1s f63858] FRAME: 59,6 ms gc0+0 gc1+0 gc2+0
[  1503,1s f63858] InfluenceTick: 7,9 ms 
[  1503,2s f63858] AIThink: 10,3 ms brains 1
[  1503,2s f63859] FRAME: 87,7 ms gc0+0 gc1+0 gc2+0
[  1503,3s f63860] FRAME: 56,9 ms gc0+0 gc1+0 gc2+0
[  1503,3s f63860] InfluenceTick: 7,4 ms 
[  1503,3s f63861] FRAME: 70,4 ms gc0+0 gc1+0 gc2+0
[  1503,4s f63862] InfluenceTick: 7,7 ms 
[  1503,4s f63862] HutIncome: 15,5 ms huts 71
[  1503,4s f63863] FRAME: 80,9 ms gc0+0 gc1+0 gc2+0
[  1503,5s f63864] InfluenceTick: 6,9 ms 
[  1503,6s f63865] FRAME: 79,4 ms gc0+0 gc1+0 gc2+0
[  1503,6s f63866] InfluenceTick: 7,0 ms 
[  1503,7s f63867] FRAME: 64,1 ms gc0+0 gc1+0 gc2+0
[  1503,8s f63868] InfluenceTick: 7,6 ms 
[  1503,8s f63869] FRAME: 65,2 ms gc0+0 gc1+0 gc2+0
[  1503,9s f63870] InfluenceTick: 7,3 ms 
[  1503,9s f63871] FRAME: 60,4 ms gc0+0 gc1+0 gc2+0
[  1504,0s f63872] FRAME: 59,3 ms gc0+0 gc1+0 gc2+0
[  1504,0s f63872] InfluenceTick: 7,8 ms 
[  1504,0s f63873] FRAME: 62,9 ms gc0+0 gc1+0 gc2+0
[  1504,1s f63874] InfluenceTick: 7,7 ms 
[  1504,1s f63875] FRAME: 65,7 ms gc0+0 gc1+0 gc2+0
[  1504,2s f63876] FRAME: 54,3 ms gc0+0 gc1+0 gc2+0
[  1504,2s f63876] InfluenceTick: 7,2 ms 
[  1504,2s f63877] FRAME: 61,5 ms gc0+1 gc1+1 gc2+1
[  1504,4s f63879] InfluenceTick: 7,0 ms 
[  1504,4s f63880] FRAME: 78,5 ms gc0+0 gc1+0 gc2+0
[  1504,5s f63881] InfluenceTick: 8,1 ms 
[  1504,5s f63882] FRAME: 65,0 ms gc0+0 gc1+0 gc2+0
[  1504,6s f63883] InfluenceTick: 8,7 ms 
[  1504,6s f63884] FRAME: 65,3 ms gc0+0 gc1+0 gc2+0
[  1504,6s f63884] AIThink: 11,9 ms brains 1
[  1504,7s f63885] FRAME: 53,2 ms gc0+0 gc1+0 gc2+0
[  1504,7s f63885] InfluenceTick: 8,1 ms 
[  1504,7s f63886] FRAME: 60,3 ms gc0+0 gc1+0 gc2+0
[  1504,8s f63888] FRAME: 57,0 ms gc0+0 gc1+0 gc2+0
[  1504,8s f63888] InfluenceTick: 7,7 ms 
[  1504,9s f63889] FRAME: 57,4 ms gc0+0 gc1+0 gc2+0
[  1504,9s f63890] InfluenceTick: 7,8 ms 
[  1505,0s f63891] FRAME: 64,0 ms gc0+0 gc1+0 gc2+0
[  1505,0s f63892] InfluenceTick: 7,3 ms 
[  1505,1s f63892] AIThink: 10,2 ms brains 1
[  1505,1s f63893] FRAME: 65,3 ms gc0+0 gc1+0 gc2+0
[  1505,2s f63894] InfluenceTick: 7,7 ms 
[  1505,2s f63895] FRAME: 71,3 ms gc0+0 gc1+0 gc2+0
[  1505,3s f63896] FRAME: 54,2 ms gc0+0 gc1+0 gc2+0
[  1505,3s f63896] InfluenceTick: 7,9 ms 
[  1505,3s f63897] FRAME: 60,5 ms gc0+0 gc1+0 gc2+0
[  1505,4s f63899] InfluenceTick: 7,4 ms 
[  1505,4s f63899] HutIncome: 15,3 ms huts 71
[  1505,5s f63900] FRAME: 82,7 ms gc0+0 gc1+0 gc2+0
[  1505,5s f63901] InfluenceTick: 7,7 ms 
[  1505,6s f63901] AIThink: 9,9 ms brains 1
[  1505,6s f63902] FRAME: 69,8 ms gc0+0 gc1+0 gc2+0
[  1505,7s f63903] InfluenceTick: 7,1 ms 
[  1505,7s f63904] FRAME: 73,5 ms gc0+0 gc1+0 gc2+0
[  1505,8s f63905] InfluenceTick: 7,7 ms 
[  1505,8s f63906] FRAME: 56,2 ms gc0+0 gc1+0 gc2+0
[  1505,8s f63906] AIThink: 13,7 ms brains 1
[  1505,8s f63907] FRAME: 52,8 ms gc0+0 gc1+0 gc2+0
[  1505,9s f63907] InfluenceTick: 8,7 ms 
[  1505,9s f63908] FRAME: 60,2 ms gc0+0 gc1+0 gc2+0
[  1506,0s f63909] InfluenceTick: 7,2 ms 
[  1506,0s f63910] FRAME: 53,7 ms gc0+0 gc1+0 gc2+0
[  1506,1s f63912] FRAME: 59,4 ms gc0+0 gc1+0 gc2+0
[  1506,1s f63912] InfluenceTick: 7,3 ms 
[  1506,2s f63913] FRAME: 73,6 ms gc0+1 gc1+1 gc2+1
[  1506,2s f63914] FRAME: 51,3 ms gc0+0 gc1+0 gc2+0
[  1506,3s f63914] InfluenceTick: 7,2 ms 
[  1506,3s f63915] FRAME: 58,0 ms gc0+0 gc1+0 gc2+0
[  1506,4s f63917] InfluenceTick: 7,4 ms 
[  1506,4s f63918] FRAME: 57,4 ms gc0+0 gc1+0 gc2+0
[  1506,5s f63920] FRAME: 52,1 ms gc0+0 gc1+0 gc2+0
[  1506,5s f63920] InfluenceTick: 7,6 ms 
[  1506,6s f63921] FRAME: 59,6 ms gc0+0 gc1+0 gc2+0
[  1506,6s f63922] InfluenceTick: 7,8 ms 
[  1506,7s f63923] FRAME: 57,2 ms gc0+0 gc1+0 gc2+0
[  1506,8s f63925] InfluenceTick: 7,2 ms 
[  1506,8s f63926] FRAME: 59,3 ms gc0+0 gc1+0 gc2+0
[  1506,9s f63927] AIThink: 12,4 ms brains 1
[  1506,9s f63928] FRAME: 55,2 ms gc0+0 gc1+0 gc2+0
[  1506,9s f63928] InfluenceTick: 7,1 ms 
[  1507,0s f63929] FRAME: 73,1 ms gc0+0 gc1+0 gc2+0
[  1507,0s f63930] FRAME: 55,6 ms gc0+0 gc1+0 gc2+0
[  1507,1s f63930] InfluenceTick: 7,6 ms 
[  1507,1s f63931] FRAME: 63,1 ms gc0+0 gc1+0 gc2+0
[  1507,1s f63932] FRAME: 51,4 ms gc0+0 gc1+0 gc2+0
[  1507,2s f63932] InfluenceTick: 7,8 ms 
[  1507,2s f63933] FRAME: 73,6 ms gc0+0 gc1+0 gc2+0
[  1507,3s f63934] InfluenceTick: 7,6 ms 
[  1507,3s f63935] FRAME: 65,3 ms gc0+0 gc1+0 gc2+0
[  1507,4s f63936] FRAME: 58,4 ms gc0+0 gc1+0 gc2+0
[  1507,4s f63936] InfluenceTick: 9,0 ms 
[  1507,5s f63937] FRAME: 71,1 ms gc0+0 gc1+0 gc2+0
[  1507,5s f63937] HutIncome: 19,2 ms huts 71
[  1507,5s f63938] FRAME: 72,0 ms gc0+0 gc1+0 gc2+0
[  1507,5s f63938] InfluenceTick: 7,4 ms 
[  1507,6s f63939] FRAME: 68,3 ms gc0+0 gc1+0 gc2+0
[  1507,7s f63940] InfluenceTick: 7,0 ms 
[  1507,7s f63941] FRAME: 60,3 ms gc0+0 gc1+0 gc2+0
[  1507,8s f63942] InfluenceTick: 7,3 ms 
[  1507,8s f63943] FRAME: 76,1 ms gc0+0 gc1+0 gc2+0
[  1507,9s f63944] InfluenceTick: 7,5 ms 
[  1507,9s f63945] FRAME: 60,1 ms gc0+0 gc1+0 gc2+0
[  1507,9s f63945] AIThink: 9,4 ms brains 1
[  1508,0s f63946] InfluenceTick: 7,3 ms 
[  1508,0s f63947] FRAME: 63,9 ms gc0+0 gc1+0 gc2+0
[  1508,1s f63948] InfluenceTick: 7,1 ms 
[  1508,1s f63949] FRAME: 65,3 ms gc0+0 gc1+0 gc2+0
[  1508,2s f63950] FRAME: 66,8 ms gc0+0 gc1+0 gc2+0
[  1508,2s f63950] InfluenceTick: 7,4 ms 
[  1508,3s f63951] FRAME: 59,7 ms gc0+0 gc1+0 gc2+0
[  1508,3s f63952] FRAME: 53,9 ms gc0+0 gc1+0 gc2+0
[  1508,3s f63952] InfluenceTick: 7,2 ms 
[  1508,4s f63953] FRAME: 66,1 ms gc0+0 gc1+0 gc2+0
[  1508,5s f63954] InfluenceTick: 7,0 ms 
[  1508,5s f63955] FRAME: 63,4 ms gc0+0 gc1+0 gc2+0
[  1508,6s f63956] InfluenceTick: 7,2 ms 
[  1508,6s f63957] FRAME: 80,9 ms gc0+0 gc1+0 gc2+0
[  1508,7s f63958] InfluenceTick: 7,1 ms 
[  1508,7s f63959] FRAME: 56,9 ms gc0+0 gc1+0 gc2+0
[  1508,8s f63961] InfluenceTick: 7,2 ms 
[  1508,9s f63962] FRAME: 58,4 ms gc0+0 gc1+0 gc2+0
[  1508,9s f63963] InfluenceTick: 7,8 ms 
[  1509,0s f63964] FRAME: 61,2 ms gc0+0 gc1+0 gc2+0
[  1509,0s f63965] FRAME: 58,8 ms gc0+0 gc1+0 gc2+0
[  1509,1s f63965] InfluenceTick: 7,1 ms 
[  1509,1s f63966] FRAME: 57,7 ms gc0+0 gc1+0 gc2+0
[  1509,1s f63966] AIThink: 11,6 ms brains 1
[  1509,2s f63967] FRAME: 74,0 ms gc0+0 gc1+0 gc2+0
[  1509,2s f63967] InfluenceTick: 7,2 ms 
[  1509,2s f63968] FRAME: 78,2 ms gc0+0 gc1+0 gc2+0
[  1509,3s f63968] AIThink: 10,0 ms brains 1
[  1509,3s f63969] FRAME: 52,8 ms gc0+0 gc1+0 gc2+0
[  1509,3s f63969] InfluenceTick: 7,1 ms 
[  1509,4s f63970] FRAME: 63,3 ms gc0+0 gc1+0 gc2+0
[  1509,4s f63971] InfluenceTick: 7,4 ms 
[  1509,5s f63972] FRAME: 77,8 ms gc0+0 gc1+0 gc2+0
[  1509,5s f63972] HutIncome: 15,3 ms huts 71
[  1509,5s f63973] FRAME: 61,3 ms gc0+0 gc1+0 gc2+0
[  1509,6s f63973] InfluenceTick: 7,3 ms 
[  1509,6s f63974] FRAME: 60,5 ms gc0+0 gc1+0 gc2+0
[  1509,7s f63975] InfluenceTick: 7,5 ms 
[  1509,7s f63976] FRAME: 62,7 ms gc0+1 gc1+1 gc2+1
[  1509,8s f63977] InfluenceTick: 7,5 ms 
[  1509,8s f63978] FRAME: 62,7 ms gc0+0 gc1+0 gc2+0
[  1509,9s f63979] FRAME: 76,0 ms gc0+0 gc1+0 gc2+0
[  1509,9s f63979] InfluenceTick: 7,7 ms 
[  1510,0s f63980] FRAME: 72,2 ms gc0+0 gc1+0 gc2+0
[  1510,0s f63981] InfluenceTick: 8,5 ms 
[  1510,1s f63982] FRAME: 71,8 ms gc0+0 gc1+0 gc2+0
[  1510,2s f63983] InfluenceTick: 7,6 ms 
[  1510,2s f63984] FRAME: 76,3 ms gc0+0 gc1+0 gc2+0
[  1510,3s f63985] InfluenceTick: 7,6 ms 
[  1510,3s f63986] FRAME: 85,2 ms gc0+0 gc1+0 gc2+0
[  1510,4s f63986] AIThink: 10,3 ms brains 1
[  1510,4s f63987] FRAME: 59,5 ms gc0+0 gc1+0 gc2+0
[  1510,4s f63987] InfluenceTick: 7,8 ms 
[  1510,5s f63988] FRAME: 61,2 ms gc0+0 gc1+0 gc2+0
[  1510,5s f63989] InfluenceTick: 8,3 ms 
[  1510,6s f63990] FRAME: 70,7 ms gc0+0 gc1+0 gc2+0
[  1510,7s f63991] InfluenceTick: 6,8 ms 
[  1510,7s f63992] FRAME: 63,6 ms gc0+1 gc1+1 gc2+1
[  1510,8s f63993] FRAME: 67,6 ms gc0+0 gc1+0 gc2+0
[  1510,8s f63993] InfluenceTick: 7,3 ms 
[  1510,8s f63994] FRAME: 69,6 ms gc0+0 gc1+0 gc2+0
[  1510,9s f63995] InfluenceTick: 7,5 ms 
[  1510,9s f63996] FRAME: 64,1 ms gc0+0 gc1+0 gc2+0
[  1511,0s f63997] FRAME: 53,8 ms gc0+0 gc1+0 gc2+0
[  1511,0s f63997] InfluenceTick: 7,0 ms 
[  1511,1s f63998] FRAME: 62,4 ms gc0+0 gc1+0 gc2+0
[  1511,1s f63999] InfluenceTick: 7,3 ms 
[  1511,2s f64000] FRAME: 81,6 ms gc0+0 gc1+0 gc2+0
[  1511,2s f64001] InfluenceTick: 7,1 ms 
[  1511,3s f64002] FRAME: 69,3 ms gc0+0 gc1+0 gc2+0
[  1511,4s f64003] InfluenceTick: 7,3 ms 
[  1511,4s f64003] AIThink: 21,8 ms brains 2
[  1511,4s f64004] FRAME: 80,8 ms gc0+0 gc1+0 gc2+0
[  1511,5s f64005] InfluenceTick: 7,3 ms 
[  1511,5s f64006] FRAME: 59,6 ms gc0+0 gc1+0 gc2+0
[  1511,6s f64006] HutIncome: 16,1 ms huts 71
[  1511,6s f64007] FRAME: 78,8 ms gc0+0 gc1+0 gc2+0
[  1511,6s f64007] InfluenceTick: 7,8 ms 
[  1511,7s f64008] FRAME: 67,4 ms gc0+0 gc1+0 gc2+0
[  1511,7s f64009] InfluenceTick: 7,6 ms 
[  1511,8s f64010] FRAME: 60,1 ms gc0+0 gc1+0 gc2+0
[  1511,8s f64011] InfluenceTick: 6,8 ms 
[  1511,9s f64012] FRAME: 61,5 ms gc0+1 gc1+1 gc2+1
[  1511,9s f64013] InfluenceTick: 7,4 ms 
[  1512,0s f64014] FRAME: 63,7 ms gc0+0 gc1+0 gc2+0
[  1512,0s f64015] FRAME: 65,5 ms gc0+0 gc1+0 gc2+0
[  1512,1s f64015] InfluenceTick: 7,1 ms 
[  1512,1s f64016] FRAME: 57,8 ms gc0+0 gc1+0 gc2+0
[  1512,2s f64017] FRAME: 60,3 ms gc0+0 gc1+0 gc2+0
[  1512,2s f64017] InfluenceTick: 6,9 ms 
[  1512,2s f64018] FRAME: 70,9 ms gc0+0 gc1+0 gc2+0
[  1512,3s f64019] InfluenceTick: 7,4 ms 
[  1512,3s f64020] FRAME: 71,5 ms gc0+0 gc1+0 gc2+0
[  1512,4s f64021] InfluenceTick: 7,1 ms 
[  1512,5s f64022] FRAME: 82,6 ms gc0+0 gc1+0 gc2+0
[  1512,5s f64023] FRAME: 53,0 ms gc0+0 gc1+0 gc2+0
[  1512,5s f64023] InfluenceTick: 6,8 ms 
[  1512,6s f64024] FRAME: 61,1 ms gc0+0 gc1+0 gc2+0
[  1512,7s f64025] InfluenceTick: 7,0 ms 
[  1512,7s f64026] FRAME: 63,2 ms gc0+0 gc1+0 gc2+0
[  1512,8s f64027] InfluenceTick: 7,3 ms 
[  1512,8s f64027] AIThink: 9,6 ms brains 1
[  1512,8s f64028] FRAME: 72,3 ms gc0+0 gc1+0 gc2+0
[  1512,9s f64029] FRAME: 69,8 ms gc0+0 gc1+0 gc2+0
[  1512,9s f64029] InfluenceTick: 7,2 ms 
[  1512,9s f64030] FRAME: 69,2 ms gc0+0 gc1+0 gc2+0
[  1513,0s f64031] FRAME: 51,7 ms gc0+1 gc1+1 gc2+1
[  1513,0s f64031] InfluenceTick: 6,9 ms 
[  1513,1s f64032] FRAME: 64,9 ms gc0+0 gc1+0 gc2+0
[  1513,1s f64033] InfluenceTick: 7,0 ms 
[  1513,2s f64034] FRAME: 72,1 ms gc0+0 gc1+0 gc2+0
[  1513,3s f64035] InfluenceTick: 8,1 ms 
[  1513,3s f64036] FRAME: 86,3 ms gc0+0 gc1+0 gc2+0
[  1513,4s f64037] InfluenceTick: 6,9 ms 
[  1513,4s f64038] FRAME: 65,0 ms gc0+0 gc1+0 gc2+0
[  1513,4s f64038] AIThink: 9,8 ms brains 1
[  1513,5s f64039] FRAME: 55,5 ms gc0+0 gc1+0 gc2+0
[  1513,5s f64039] InfluenceTick: 7,0 ms 
[  1513,5s f64040] FRAME: 67,7 ms gc0+0 gc1+0 gc2+0
[  1513,6s f64040] HutIncome: 15,8 ms huts 71
[  1513,6s f64041] FRAME: 60,9 ms gc0+0 gc1+0 gc2+0
[  1513,6s f64041] InfluenceTick: 7,5 ms 
[  1513,7s f64042] FRAME: 61,0 ms gc0+0 gc1+0 gc2+0
[  1513,7s f64043] FRAME: 55,5 ms gc0+0 gc1+0 gc2+0
[  1513,8s f64043] InfluenceTick: 7,6 ms 
[  1513,8s f64044] FRAME: 67,4 ms gc0+0 gc1+0 gc2+0
[  1513,9s f64045] InfluenceTick: 7,1 ms 
[  1513,9s f64046] FRAME: 61,7 ms gc0+0 gc1+0 gc2+0
[  1514,0s f64047] InfluenceTick: 7,4 ms 
[  1514,0s f64048] FRAME: 64,4 ms gc0+0 gc1+0 gc2+0
[  1514,1s f64049] InfluenceTick: 7,4 ms 
[  1514,1s f64050] FRAME: 75,9 ms gc0+0 gc1+0 gc2+0
[  1514,2s f64051] FRAME: 80,1 ms gc0+1 gc1+1 gc2+1
[  1514,2s f64051] InfluenceTick: 6,8 ms 
[  1514,3s f64052] FRAME: 69,3 ms gc0+0 gc1+0 gc2+0
[  1514,3s f64053] InfluenceTick: 7,6 ms 
[  1514,4s f64054] FRAME: 63,9 ms gc0+0 gc1+0 gc2+0
[  1514,4s f64055] InfluenceTick: 7,1 ms 
[  1514,5s f64056] FRAME: 62,7 ms gc0+0 gc1+0 gc2+0
[  1514,6s f64057] InfluenceTick: 7,7 ms 
[  1514,6s f64058] FRAME: 78,7 ms gc0+0 gc1+0 gc2+0
[  1514,7s f64059] InfluenceTick: 7,6 ms 
[  1514,7s f64060] FRAME: 61,5 ms gc0+0 gc1+0 gc2+0
[  1514,8s f64061] InfluenceTick: 7,8 ms 
[  1514,8s f64062] FRAME: 67,9 ms gc0+0 gc1+0 gc2+0
[  1514,9s f64063] FRAME: 53,0 ms gc0+0 gc1+0 gc2+0
[  1514,9s f64063] InfluenceTick: 7,6 ms 
[  1514,9s f64064] FRAME: 67,0 ms gc0+0 gc1+0 gc2+0
[  1515,0s f64065] FRAME: 64,1 ms gc0+0 gc1+0 gc2+0
[  1515,0s f64065] InfluenceTick: 7,4 ms 
[  1515,1s f64066] FRAME: 67,2 ms gc0+0 gc1+0 gc2+0
[  1515,1s f64067] InfluenceTick: 7,4 ms 
[  1515,2s f64067] AIThink: 9,8 ms brains 1
[  1515,2s f64068] FRAME: 84,1 ms gc0+0 gc1+0 gc2+0
[  1515,3s f64069] InfluenceTick: 7,5 ms 
[  1515,3s f64070] FRAME: 66,8 ms gc0+0 gc1+0 gc2+0
[  1515,4s f64071] InfluenceTick: 7,2 ms 
[  1515,5s f64072] FRAME: 95,5 ms gc0+1 gc1+1 gc2+1
[  1515,5s f64073] FRAME: 52,9 ms gc0+0 gc1+0 gc2+0
[  1515,5s f64073] InfluenceTick: 7,2 ms 
[  1515,5s f64073] AIThink: 9,5 ms brains 1
[  1515,6s f64074] FRAME: 76,0 ms gc0+0 gc1+0 gc2+0
[  1515,6s f64074] HutIncome: 14,4 ms huts 71
[  1515,6s f64075] FRAME: 62,3 ms gc0+0 gc1+0 gc2+0
[  1515,7s f64075] InfluenceTick: 7,2 ms 
[  1515,7s f64076] FRAME: 62,9 ms gc0+0 gc1+0 gc2+0
[  1515,8s f64077] InfluenceTick: 7,8 ms 
[  1515,8s f64078] FRAME: 67,9 ms gc0+0 gc1+0 gc2+0
[  1515,9s f64079] FRAME: 64,1 ms gc0+0 gc1+0 gc2+0
[  1515,9s f64079] InfluenceTick: 7,4 ms 
[  1515,9s f64080] FRAME: 68,0 ms gc0+0 gc1+0 gc2+0
[  1516,0s f64081] InfluenceTick: 7,2 ms 
[  1516,1s f64082] FRAME: 62,0 ms gc0+0 gc1+0 gc2+0
[  1516,1s f64083] InfluenceTick: 6,9 ms 
[  1516,2s f64084] FRAME: 71,2 ms gc0+0 gc1+0 gc2+0
[  1516,2s f64085] FRAME: 53,3 ms gc0+0 gc1+0 gc2+0
[  1516,3s f64085] InfluenceTick: 7,1 ms 
[  1516,3s f64086] FRAME: 85,3 ms gc0+0 gc1+0 gc2+0
[  1516,4s f64087] InfluenceTick: 6,9 ms 
[  1516,4s f64088] FRAME: 63,4 ms gc0+0 gc1+0 gc2+0
[  1516,5s f64089] InfluenceTick: 7,2 ms 
[  1516,5s f64090] FRAME: 64,4 ms gc0+0 gc1+0 gc2+0
[  1516,6s f64091] FRAME: 51,6 ms gc0+0 gc1+0 gc2+0
[  1516,6s f64091] InfluenceTick: 8,3 ms 
[  1516,6s f64092] FRAME: 66,9 ms gc0+0 gc1+0 gc2+0
[  1516,7s f64093] FRAME: 62,6 ms gc0+0 gc1+0 gc2+0
[  1516,7s f64093] InfluenceTick: 7,1 ms 
[  1516,7s f64093] AIThink: 10,9 ms brains 1
[  1516,8s f64094] FRAME: 71,7 ms gc0+0 gc1+0 gc2+0
[  1516,8s f64095] FRAME: 53,0 ms gc0+0 gc1+0 gc2+0
[  1516,9s f64095] InfluenceTick: 6,7 ms 
[  1516,9s f64096] FRAME: 66,8 ms gc0+0 gc1+0 gc2+0
[  1516,9s f64097] FRAME: 51,2 ms gc0+0 gc1+0 gc2+0
[  1517,0s f64097] InfluenceTick: 8,0 ms 
[  1517,0s f64098] FRAME: 65,5 ms gc0+0 gc1+0 gc2+0
[  1517,1s f64099] InfluenceTick: 7,8 ms 
[  1517,1s f64100] FRAME: 83,4 ms gc0+0 gc1+0 gc2+0
[  1517,2s f64101] FRAME: 52,4 ms gc0+0 gc1+0 gc2+0
[  1517,2s f64101] InfluenceTick: 7,3 ms 
[  1517,3s f64102] FRAME: 72,0 ms gc0+0 gc1+0 gc2+0
[  1517,3s f64103] InfluenceTick: 7,4 ms 
[  1517,4s f64104] FRAME: 66,0 ms gc0+0 gc1+0 gc2+0
[  1517,4s f64105] FRAME: 55,1 ms gc0+0 gc1+0 gc2+0
[  1517,5s f64105] InfluenceTick: 7,9 ms 
[  1517,5s f64106] FRAME: 72,3 ms gc0+1 gc1+1 gc2+1
[  1517,5s f64106] AIThink: 9,7 ms brains 1
[  1517,6s f64107] FRAME: 67,5 ms gc0+0 gc1+0 gc2+0
[  1517,6s f64107] InfluenceTick: 7,1 ms 
[  1517,6s f64108] FRAME: 72,9 ms gc0+0 gc1+0 gc2+0
[  1517,7s f64108] HutIncome: 14,6 ms huts 71
[  1517,7s f64108] AIThink: 9,2 ms brains 1
[  1517,7s f64109] FRAME: 78,6 ms gc0+0 gc1+0 gc2+0
[  1517,8s f64109] InfluenceTick: 7,4 ms 
[  1517,8s f64110] FRAME: 65,2 ms gc0+0 gc1+0 gc2+0
[  1517,9s f64111] InfluenceTick: 7,4 ms 
[  1517,9s f64112] FRAME: 67,6 ms gc0+0 gc1+0 gc2+0
[  1518,0s f64113] FRAME: 56,2 ms gc0+0 gc1+0 gc2+0
[  1518,0s f64113] InfluenceTick: 7,6 ms 
[  1518,0s f64114] FRAME: 69,6 ms gc0+0 gc1+0 gc2+0
[  1518,1s f64115] InfluenceTick: 7,2 ms 
[  1518,2s f64116] FRAME: 77,1 ms gc0+0 gc1+0 gc2+0
[  1518,2s f64117] InfluenceTick: 7,2 ms 
[  1518,3s f64118] FRAME: 58,9 ms gc0+0 gc1+0 gc2+0
[  1518,3s f64119] InfluenceTick: 7,9 ms 
[  1518,4s f64120] FRAME: 87,4 ms gc0+0 gc1+0 gc2+0
[  1518,5s f64121] InfluenceTick: 7,5 ms 
[  1518,5s f64122] FRAME: 62,9 ms gc0+0 gc1+0 gc2+0
[  1518,6s f64123] FRAME: 51,0 ms gc0+0 gc1+0 gc2+0
[  1518,6s f64123] InfluenceTick: 7,9 ms 
[  1518,6s f64124] FRAME: 70,1 ms gc0+0 gc1+0 gc2+0
[  1518,7s f64125] FRAME: 50,6 ms gc0+0 gc1+0 gc2+0
[  1518,7s f64125] InfluenceTick: 6,9 ms 
[  1518,7s f64126] FRAME: 63,1 ms gc0+0 gc1+0 gc2+0
[  1518,8s f64127] FRAME: 70,1 ms gc0+0 gc1+0 gc2+0
[  1518,8s f64127] InfluenceTick: 6,9 ms 
[  1518,9s f64128] FRAME: 69,1 ms gc0+1 gc1+1 gc2+1
[  1518,9s f64129] InfluenceTick: 7,0 ms 
[  1519,0s f64130] FRAME: 66,6 ms gc0+0 gc1+0 gc2+0
[  1519,1s f64131] InfluenceTick: 7,1 ms 
[  1519,1s f64132] FRAME: 62,9 ms gc0+0 gc1+0 gc2+0
[  1519,2s f64133] InfluenceTick: 6,7 ms 
[  1519,2s f64134] FRAME: 87,3 ms gc0+0 gc1+0 gc2+0
[  1519,3s f64135] InfluenceTick: 6,9 ms 
[  1519,3s f64136] FRAME: 57,3 ms gc0+0 gc1+0 gc2+0
[  1519,4s f64138] InfluenceTick: 7,6 ms 
[  1519,5s f64139] FRAME: 67,2 ms gc0+0 gc1+0 gc2+0
[  1519,6s f64140] InfluenceTick: 7,3 ms 
[  1519,6s f64141] FRAME: 63,6 ms gc0+0 gc1+0 gc2+0
[  1519,7s f64142] FRAME: 65,0 ms gc0+0 gc1+0 gc2+0
[  1519,7s f64142] InfluenceTick: 7,6 ms 
[  1519,7s f64142] HutIncome: 14,8 ms huts 71
[  1519,7s f64143] FRAME: 89,7 ms gc0+0 gc1+0 gc2+0
[  1519,8s f64143] AIThink: 10,4 ms brains 1
[  1519,8s f64144] FRAME: 60,1 ms gc0+0 gc1+0 gc2+0
[  1519,8s f64144] InfluenceTick: 7,4 ms 
[  1519,9s f64145] FRAME: 61,2 ms gc0+0 gc1+0 gc2+0
[  1519,9s f64146] InfluenceTick: 8,0 ms 
[  1520,0s f64146] AIThink: 9,4 ms brains 1
[  1520,0s f64147] FRAME: 72,5 ms gc0+0 gc1+0 gc2+0
[  1520,0s f64148] FRAME: 50,2 ms gc0+0 gc1+0 gc2+0
[  1520,1s f64148] InfluenceTick: 7,8 ms 
[  1520,1s f64149] FRAME: 84,1 ms gc0+1 gc1+1 gc2+1
[  1520,2s f64150] FRAME: 52,8 ms gc0+0 gc1+0 gc2+0
[  1520,2s f64150] InfluenceTick: 6,8 ms 
[  1520,2s f64151] FRAME: 73,4 ms gc0+0 gc1+0 gc2+0
[  1520,3s f64152] InfluenceTick: 7,3 ms 
[  1520,3s f64153] FRAME: 60,8 ms gc0+0 gc1+0 gc2+0
[  1520,4s f64154] InfluenceTick: 7,4 ms 
[  1520,5s f64155] FRAME: 65,1 ms gc0+0 gc1+0 gc2+0
[  1520,5s f64156] FRAME: 60,0 ms gc0+0 gc1+0 gc2+0
[  1520,5s f64156] InfluenceTick: 7,4 ms 
[  1520,6s f64157] FRAME: 59,3 ms gc0+0 gc1+0 gc2+0
[  1520,6s f64158] InfluenceTick: 8,1 ms 
[  1520,7s f64159] FRAME: 67,9 ms gc0+0 gc1+0 gc2+0
[  1520,8s f64160] InfluenceTick: 7,5 ms 
[  1520,8s f64161] FRAME: 60,4 ms gc0+0 gc1+0 gc2+0
[  1520,9s f64162] InfluenceTick: 7,3 ms 
[  1520,9s f64163] FRAME: 69,6 ms gc0+0 gc1+0 gc2+0
[  1521,0s f64164] FRAME: 62,6 ms gc0+1 gc1+1 gc2+1
[  1521,0s f64164] InfluenceTick: 7,0 ms 
[  1521,0s f64165] FRAME: 68,2 ms gc0+0 gc1+0 gc2+0
[  1521,1s f64166] FRAME: 57,0 ms gc0+0 gc1+0 gc2+0
[  1521,1s f64166] InfluenceTick: 8,5 ms 
[  1521,2s f64167] FRAME: 74,0 ms gc0+0 gc1+0 gc2+0
[  1521,2s f64168] InfluenceTick: 7,5 ms 
[  1521,3s f64169] FRAME: 70,8 ms gc0+0 gc1+0 gc2+0
[  1521,4s f64170] InfluenceTick: 7,6 ms 
[  1521,4s f64171] FRAME: 76,5 ms gc0+0 gc1+0 gc2+0
[  1521,5s f64172] InfluenceTick: 7,2 ms 
[  1521,5s f64173] FRAME: 62,3 ms gc0+0 gc1+0 gc2+0
[  1521,6s f64174] InfluenceTick: 7,6 ms 
[  1521,6s f64175] FRAME: 62,7 ms gc0+0 gc1+0 gc2+0
[  1521,7s f64176] InfluenceTick: 7,3 ms 
[  1521,7s f64176] HutIncome: 14,1 ms huts 71
[  1521,7s f64177] FRAME: 74,9 ms gc0+0 gc1+0 gc2+0
[  1521,8s f64178] FRAME: 58,7 ms gc0+0 gc1+0 gc2+0
[  1521,8s f64178] InfluenceTick: 7,3 ms 
[  1521,9s f64179] FRAME: 65,2 ms gc0+0 gc1+0 gc2+0
[  1521,9s f64179] AIThink: 9,7 ms brains 1
[  1521,9s f64180] FRAME: 55,2 ms gc0+0 gc1+0 gc2+0
[  1521,9s f64180] InfluenceTick: 7,7 ms 
[  1522,0s f64181] FRAME: 61,5 ms gc0+0 gc1+0 gc2+0
[  1522,1s f64182] InfluenceTick: 7,5 ms 
[  1522,1s f64183] FRAME: 67,3 ms gc0+1 gc1+1 gc2+1
[  1522,2s f64184] InfluenceTick: 6,9 ms 
[  1522,2s f64185] FRAME: 83,3 ms gc0+0 gc1+0 gc2+0
[  1522,3s f64186] InfluenceTick: 6,9 ms 
[  1522,3s f64187] FRAME: 68,1 ms gc0+0 gc1+0 gc2+0
[  1522,4s f64187] AIThink: 9,7 ms brains 1
[  1522,4s f64188] FRAME: 59,0 ms gc0+0 gc1+0 gc2+0
[  1522,4s f64188] InfluenceTick: 6,8 ms 
[  1522,5s f64189] FRAME: 68,3 ms gc0+0 gc1+0 gc2+0
[  1522,5s f64190] InfluenceTick: 7,3 ms 
[  1522,6s f64191] FRAME: 59,9 ms gc0+0 gc1+0 gc2+0
[  1522,6s f64192] FRAME: 58,3 ms gc0+0 gc1+0 gc2+0
[  1522,6s f64192] InfluenceTick: 7,2 ms 
[  1522,7s f64192] AIThink: 10,8 ms brains 1
[  1522,7s f64193] FRAME: 75,9 ms gc0+0 gc1+0 gc2+0
[  1522,8s f64194] InfluenceTick: 7,2 ms 
[  1522,8s f64195] FRAME: 61,9 ms gc0+0 gc1+0 gc2+0
[  1522,9s f64196] InfluenceTick: 7,4 ms 
[  1522,9s f64197] FRAME: 66,9 ms gc0+0 gc1+0 gc2+0
[  1523,0s f64198] InfluenceTick: 7,4 ms 
[  1523,0s f64199] FRAME: 62,7 ms gc0+0 gc1+0 gc2+0
[  1523,1s f64201] FRAME: 52,3 ms gc0+0 gc1+0 gc2+0
[  1523,2s f64202] FRAME: 50,4 ms gc0+0 gc1+0 gc2+0
[  1523,2s f64203] FRAME: 57,7 ms gc0+1 gc1+1 gc2+1
[  1523,4s f64206] FRAME: 52,2 ms gc0+0 gc1+0 gc2+0
[  1523,5s f64209] FRAME: 56,9 ms gc0+0 gc1+0 gc2+0
[  1523,7s f64215] FRAME: 50,1 ms gc0+0 gc1+0 gc2+0
[  1524,0s f64221] FRAME: 55,6 ms gc0+0 gc1+0 gc2+0
[  1524,1s f64224] FRAME: 54,6 ms gc0+0 gc1+0 gc2+0
[  1524,3s f64227] FRAME: 51,7 ms gc0+0 gc1+0 gc2+0
[  1524,5s f64233] FRAME: 50,4 ms gc0+0 gc1+0 gc2+0
[  1524,8s f64239] FRAME: 51,9 ms gc0+0 gc1+0 gc2+0
[  1524,9s f64242] FRAME: 51,2 ms gc0+0 gc1+0 gc2+0
[  1525,1s f64245] FRAME: 52,7 ms gc0+0 gc1+0 gc2+0
[  1525,3s f64251] FRAME: 55,5 ms gc0+0 gc1+0 gc2+0
[  1525,4s f64254] FRAME: 51,0 ms gc0+0 gc1+0 gc2+0
[  1525,6s f64257] FRAME: 52,0 ms gc0+0 gc1+0 gc2+0
[  1525,9s f64263] FRAME: 52,6 ms gc0+0 gc1+0 gc2+0
[  1526,4s f64275] FRAME: 56,7 ms gc0+1 gc1+1 gc2+1
[  1526,5s f64278] FRAME: 55,9 ms gc0+0 gc1+0 gc2+0
