[Licensing::Module] Trying to connect to existing licensing client channel...
[Licensing::IpcConnector] Successfully connected to the License Client on channel: "LicenseClient-overw" at "2026-08-29T14:27:49.8826936Z"
[Licensing::Client] Error: Code 10 while verifying Licensing Client signature (process Id: 23940, path: "C:/Program Files/Unity Hub/UnityLicensingClient_V1/Unity.Licensing.Client.exe")
[Licensing::Module] Error: LicensingClient has failed validation; ignoring
[Licensing::Client] Handshaking with LicensingClient:
  Version:                 1.17.4+4293ba1
  Session Id:              80be48a7d4e8456aa65e422564ccf534
  Correlation Id:          b35b202401340d820d0d2d95ac0f081d
  External correlation Id: 6597202586555781140
  Machine Id:              lpLxS/EPnEQe/wsYgd4qJRaBOm8=
[Licensing::Module] Successfully connected to LicensingClient on channel: "LicenseClient-overw" (connect: 0.00s, validation: 0.01s, handshake: 0.04s)
[Licensing::IpcConnector] Successfully connected to the License Notification on channel: "LicenseClient-overw-notifications" at "2026-08-29T14:27:49.9297706Z"
[Licensing::Module] Error: Access token is unavailable; failed to update
[Licensing::Client] Successfully updated license
Built from '6000.0/staging' branch; Version is '6000.0.37f1 (090b7797214c) revision 592759'; Using compiler version '193933523'; Build Type 'Release'
OS: 'Windows 11  (10.0.26200) 64bit Core' Language: 'pt' Physical Memory: 32458 MB
[Licensing::Client] Successfully resolved entitlement details
[Licensing::Module] Serial number assigned to: "6872221787199-UnityPersXXXX"
BatchMode: 1, IsHumanControllingUs: 0, StartBugReporterOnCrash: 0, Is64bit: 1, IsPro: 0
[Licensing::Client] Successfully resolved entitlement details

COMMAND LINE ARGUMENTS:
C:\Program Files\Unity\Hub\Editor\6000.0.37f1\Editor\Unity.exe
-quit
-batchmode
-projectPath
c:/Users/overw/Documents/The Waning Border 1.2
-executeMethod
TheWaningBorder.Core.Maps.EditorTools.MapBuilderVeilmarch.BuildAndBake
-logFile
c:/Users/overw/Documents/The Waning Border 1.2/gen-veilmarch.log
Successfully changed project path to: c:/Users/overw/Documents/The Waning Border 1.2
C:/Users/overw/Documents/The Waning Border 1.2
[UnityMemory] Configuration Parameters - Can be set up in boot.config
    "memorysetup-bucket-allocator-granularity=16"
    "memorysetup-bucket-allocator-bucket-count=8"
    "memorysetup-bucket-allocator-block-size=33554432"
    "memorysetup-bucket-allocator-block-count=8"
    "memorysetup-main-allocator-block-size=16777216"
    "memorysetup-thread-allocator-block-size=16777216"
    "memorysetup-gfx-main-allocator-block-size=16777216"
    "memorysetup-gfx-thread-allocator-block-size=16777216"
    "memorysetup-cache-allocator-block-size=4194304"
    "memorysetup-typetree-allocator-block-size=2097152"
    "memorysetup-profiler-bucket-allocator-granularity=16"
    "memorysetup-profiler-bucket-allocator-bucket-count=8"
    "memorysetup-profiler-bucket-allocator-block-size=33554432"
    "memorysetup-profiler-bucket-allocator-block-count=8"
    "memorysetup-profiler-allocator-block-size=16777216"
    "memorysetup-profiler-editor-allocator-block-size=1048576"
    "memorysetup-temp-allocator-size-main=16777216"
    "memorysetup-job-temp-allocator-block-size=2097152"
    "memorysetup-job-temp-allocator-block-size-background=1048576"
    "memorysetup-job-temp-allocator-reduction-small-platforms=262144"
    "memorysetup-allocator-temp-initial-block-size-main=262144"
    "memorysetup-allocator-temp-initial-block-size-worker=262144"
    "memorysetup-temp-allocator-size-background-worker=32768"
    "memorysetup-temp-allocator-size-job-worker=262144"
    "memorysetup-temp-allocator-size-preload-manager=33554432"
    "memorysetup-temp-allocator-size-nav-mesh-worker=65536"
    "memorysetup-temp-allocator-size-audio-worker=65536"
    "memorysetup-temp-allocator-size-cloud-worker=32768"
    "memorysetup-temp-allocator-size-gi-baking-worker=262144"
    "memorysetup-temp-allocator-size-gi-baking-worker=262144"
    "memorysetup-temp-allocator-size-gi-baking-worker=262144"
    "memorysetup-temp-allocator-size-gi-baking-worker=262144"
    "memorysetup-temp-allocator-size-gi-baking-worker=262144"
    "memorysetup-temp-allocator-size-gfx=262144"
Player connection [12588]  Target information:

Player connection [12588]  * "[IP] 25.64.209.124 [Port] 55504 [Flags] 2 [Guid] 4059948679 [EditorId] 4059948679 [Version] 1048832 [Id] WindowsEditor(7,Luis) [Debug] 1 [PackageName] WindowsEditor [ProjectName] Editor" 

Player connection [12588]  * "[IP] 192.168.1.64 [Port] 55504 [Flags] 2 [Guid] 4059948679 [EditorId] 4059948679 [Version] 1048832 [Id] WindowsEditor(7,Luis) [Debug] 1 [PackageName] WindowsEditor [ProjectName] Editor" 

Player connection [12588] Host joined multi-casting on [225.0.0.222:54997]...
Player connection [12588] Host joined alternative multi-casting on [225.0.0.222:34997]...
Input System module state changed to: Initialized.
[Physics::Module] Initialized fallback backend.
[Physics::Module] Id: 0xdecafbad
[Package Manager] Connected to IPC stream "Upm-25800" after 0.3 seconds.
Library Redirect Path: Library/
[Package Manager] Restoring resolved packages state from cache
[Licensing::Client] Successfully resolved entitlement details
[Package Manager] Registered 73 packages:
  Packages from [https://packages.unity.com]:
    com.unity.ai.navigation@2.0.8 (location: C:\Users\overw\Documents\The Waning Border 1.2\Library\PackageCache\com.unity.ai.navigation@eb5635ad590d)
    com.unity.collab-proxy@2.8.2 (location: C:\Users\overw\Documents\The Waning Border 1.2\Library\PackageCache\com.unity.collab-proxy@c854d1f7d97f)
    com.unity.entities@1.3.14 (location: C:\Users\overw\Documents\The Waning Border 1.2\Library\PackageCache\com.unity.entities@e581b903be8e)
    com.unity.entities.graphics@1.3.2 (location: C:\Users\overw\Documents\The Waning Border 1.2\Library\PackageCache\com.unity.entities.graphics@8ef2c379519b)
    com.unity.ide.rider@3.0.31 (location: C:\Users\overw\Documents\The Waning Border 1.2\Library\PackageCache\com.unity.ide.rider@7921be93db40)
    com.unity.ide.visualstudio@2.0.22 (location: C:\Users\overw\Documents\The Waning Border 1.2\Library\PackageCache\com.unity.ide.visualstudio@8140e851d83e)
    com.unity.ide.vscode@1.2.4 (location: C:\Users\overw\Documents\The Waning Border 1.2\Library\PackageCache\com.unity.ide.vscode@eb5de66d4c77)
    com.unity.inputsystem@1.12.0 (location: C:\Users\overw\Documents\The Waning Border 1.2\Library\PackageCache\com.unity.inputsystem@920b46832575)
    com.unity.netcode@1.3.6 (location: C:\Users\overw\Documents\The Waning Border 1.2\Library\PackageCache\com.unity.netcode@7add295fd041)
    com.unity.physics@1.3.14 (location: C:\Users\overw\Documents\The Waning Border 1.2\Library\PackageCache\com.unity.physics@b8c0a578fe9d)
    com.unity.postprocessing@3.5.0 (location: C:\Users\overw\Documents\The Waning Border 1.2\Library\PackageCache\com.unity.postprocessing@94edadb6c5ab)
    com.unity.splines@2.7.2 (location: C:\Users\overw\Documents\The Waning Border 1.2\Library\PackageCache\com.unity.splines@d3e1e500c9a0)
    com.unity.timeline@1.8.7 (location: C:\Users\overw\Documents\The Waning Border 1.2\Library\PackageCache\com.unity.timeline@c58b4ee65782)
    com.unity.vectorgraphics@2.0.0-preview.24 (location: C:\Users\overw\Documents\The Waning Border 1.2\Library\PackageCache\com.unity.vectorgraphics@654a957a65c7)
    com.unity.visualscripting@1.9.5 (location: C:\Users\overw\Documents\The Waning Border 1.2\Library\PackageCache\com.unity.visualscripting@1b53f46e931b)
    com.unity.ext.nunit@2.0.5 (location: C:\Users\overw\Documents\The Waning Border 1.2\Library\PackageCache\com.unity.ext.nunit@60ef35ffd3cd)
    com.unity.mathematics@1.3.2 (location: C:\Users\overw\Documents\The Waning Border 1.2\Library\PackageCache\com.unity.mathematics@8017b507cc74)
    com.unity.settings-manager@2.0.1 (location: C:\Users\overw\Documents\The Waning Border 1.2\Library\PackageCache\com.unity.settings-manager@56a930affa1e)
    com.unity.searcher@4.9.2 (location: C:\Users\overw\Documents\The Waning Border 1.2\Library\PackageCache\com.unity.searcher@90d011a70418)
    com.unity.burst@1.8.19 (location: C:\Users\overw\Documents\The Waning Border 1.2\Library\PackageCache\com.unity.burst@7a907cf5a459)
    com.unity.collections@2.5.7 (location: C:\Users\overw\Documents\The Waning Border 1.2\Library\PackageCache\com.unity.collections@d49facba0036)
    com.unity.test-framework@1.4.6 (location: C:\Users\overw\Documents\The Waning Border 1.2\Library\PackageCache\com.unity.test-framework@5ac417e07314)
    com.unity.transport@2.4.0 (location: C:\Users\overw\Documents\The Waning Border 1.2\Library\PackageCache\com.unity.transport@c6e877f31661)
    com.unity.serialization@3.1.2 (location: C:\Users\overw\Documents\The Waning Border 1.2\Library\PackageCache\com.unity.serialization@582cbf30bbfd)
    com.unity.profiling.core@1.0.2 (location: C:\Users\overw\Documents\The Waning Border 1.2\Library\PackageCache\com.unity.profiling.core@aac7b93912bc)
    com.unity.nuget.mono-cecil@1.11.5 (location: C:\Users\overw\Documents\The Waning Border 1.2\Library\PackageCache\com.unity.nuget.mono-cecil@d78732e851eb)
    com.unity.scriptablebuildpipeline@2.1.4 (location: C:\Users\overw\Documents\The Waning Border 1.2\Library\PackageCache\com.unity.scriptablebuildpipeline@101dcb4353ce)
    com.unity.test-framework.performance@3.0.3 (location: C:\Users\overw\Documents\The Waning Border 1.2\Library\PackageCache\com.unity.test-framework.performance@fb0dc592af8b)
  Built-in packages:
    com.unity.multiplayer.center@1.0.0 (location: C:\Users\overw\Documents\The Waning Border 1.2\Library\PackageCache\com.unity.multiplayer.center@f502d8ac613f)
    com.unity.render-pipelines.universal@17.0.3 (location: C:\Users\overw\Documents\The Waning Border 1.2\Library\PackageCache\com.unity.render-pipelines.universal@15fef0f41df6)
    com.unity.shadergraph@17.0.3 (location: C:\Users\overw\Documents\The Waning Border 1.2\Library\PackageCache\com.unity.shadergraph@911117698220)
    com.unity.ugui@2.0.0 (location: C:\Users\overw\Documents\The Waning Border 1.2\Library\PackageCache\com.unity.ugui@603b5c2e4e5a)
    com.unity.visualeffectgraph@17.0.3 (location: C:\Users\overw\Documents\The Waning Border 1.2\Library\PackageCache\com.unity.visualeffectgraph@f7c4379187a3)
    com.unity.modules.accessibility@1.0.0 (location: C:\Program Files\Unity\Hub\Editor\6000.0.37f1\Editor\Data\Resources\PackageManager\BuiltInPackages\com.unity.modules.accessibility)
    com.unity.modules.ai@1.0.0 (location: C:\Program Files\Unity\Hub\Editor\6000.0.37f1\Editor\Data\Resources\PackageManager\BuiltInPackages\com.unity.modules.ai)
    com.unity.modules.androidjni@1.0.0 (location: C:\Program Files\Unity\Hub\Editor\6000.0.37f1\Editor\Data\Resources\PackageManager\BuiltInPackages\com.unity.modules.androidjni)
    com.unity.modules.animation@1.0.0 (location: C:\Program Files\Unity\Hub\Editor\6000.0.37f1\Editor\Data\Resources\PackageManager\BuiltInPackages\com.unity.modules.animation)
    com.unity.modules.assetbundle@1.0.0 (location: C:\Program Files\Unity\Hub\Editor\6000.0.37f1\Editor\Data\Resources\PackageManager\BuiltInPackages\com.unity.modules.assetbundle)
    com.unity.modules.audio@1.0.0 (location: C:\Program Files\Unity\Hub\Editor\6000.0.37f1\Editor\Data\Resources\PackageManager\BuiltInPackages\com.unity.modules.audio)
    com.unity.modules.cloth@1.0.0 (location: C:\Program Files\Unity\Hub\Editor\6000.0.37f1\Editor\Data\Resources\PackageManager\BuiltInPackages\com.unity.modules.cloth)
    com.unity.modules.director@1.0.0 (location: C:\Program Files\Unity\Hub\Editor\6000.0.37f1\Editor\Data\Resources\PackageManager\BuiltInPackages\com.unity.modules.director)
    com.unity.modules.imageconversion@1.0.0 (location: C:\Program Files\Unity\Hub\Editor\6000.0.37f1\Editor\Data\Resources\PackageManager\BuiltInPackages\com.unity.modules.imageconversion)
    com.unity.modules.imgui@1.0.0 (location: C:\Program Files\Unity\Hub\Editor\6000.0.37f1\Editor\Data\Resources\PackageManager\BuiltInPackages\com.unity.modules.imgui)
    com.unity.modules.jsonserialize@1.0.0 (location: C:\Program Files\Unity\Hub\Editor\6000.0.37f1\Editor\Data\Resources\PackageManager\BuiltInPackages\com.unity.modules.jsonserialize)
    com.unity.modules.particlesystem@1.0.0 (location: C:\Program Files\Unity\Hub\Editor\6000.0.37f1\Editor\Data\Resources\PackageManager\BuiltInPackages\com.unity.modules.particlesystem)
    com.unity.modules.physics@1.0.0 (location: C:\Program Files\Unity\Hub\Editor\6000.0.37f1\Editor\Data\Resources\PackageManager\BuiltInPackages\com.unity.modules.physics)
    com.unity.modules.physics2d@1.0.0 (location: C:\Program Files\Unity\Hub\Editor\6000.0.37f1\Editor\Data\Resources\PackageManager\BuiltInPackages\com.unity.modules.physics2d)
    com.unity.modules.screencapture@1.0.0 (location: C:\Program Files\Unity\Hub\Editor\6000.0.37f1\Editor\Data\Resources\PackageManager\BuiltInPackages\com.unity.modules.screencapture)
    com.unity.modules.terrain@1.0.0 (location: C:\Program Files\Unity\Hub\Editor\6000.0.37f1\Editor\Data\Resources\PackageManager\BuiltInPackages\com.unity.modules.terrain)
    com.unity.modules.terrainphysics@1.0.0 (location: C:\Program Files\Unity\Hub\Editor\6000.0.37f1\Editor\Data\Resources\PackageManager\BuiltInPackages\com.unity.modules.terrainphysics)
    com.unity.modules.tilemap@1.0.0 (location: C:\Program Files\Unity\Hub\Editor\6000.0.37f1\Editor\Data\Resources\PackageManager\BuiltInPackages\com.unity.modules.tilemap)
    com.unity.modules.ui@1.0.0 (location: C:\Program Files\Unity\Hub\Editor\6000.0.37f1\Editor\Data\Resources\PackageManager\BuiltInPackages\com.unity.modules.ui)
    com.unity.modules.uielements@1.0.0 (location: C:\Program Files\Unity\Hub\Editor\6000.0.37f1\Editor\Data\Resources\PackageManager\BuiltInPackages\com.unity.modules.uielements)
    com.unity.modules.umbra@1.0.0 (location: C:\Program Files\Unity\Hub\Editor\6000.0.37f1\Editor\Data\Resources\PackageManager\BuiltInPackages\com.unity.modules.umbra)
    com.unity.modules.unityanalytics@1.0.0 (location: C:\Program Files\Unity\Hub\Editor\6000.0.37f1\Editor\Data\Resources\PackageManager\BuiltInPackages\com.unity.modules.unityanalytics)
    com.unity.modules.unitywebrequest@1.0.0 (location: C:\Program Files\Unity\Hub\Editor\6000.0.37f1\Editor\Data\Resources\PackageManager\BuiltInPackages\com.unity.modules.unitywebrequest)
    com.unity.modules.unitywebrequestassetbundle@1.0.0 (location: C:\Program Files\Unity\Hub\Editor\6000.0.37f1\Editor\Data\Resources\PackageManager\BuiltInPackages\com.unity.modules.unitywebrequestassetbundle)
    com.unity.modules.unitywebrequestaudio@1.0.0 (location: C:\Program Files\Unity\Hub\Editor\6000.0.37f1\Editor\Data\Resources\PackageManager\BuiltInPackages\com.unity.modules.unitywebrequestaudio)
    com.unity.modules.unitywebrequesttexture@1.0.0 (location: C:\Program Files\Unity\Hub\Editor\6000.0.37f1\Editor\Data\Resources\PackageManager\BuiltInPackages\com.unity.modules.unitywebrequesttexture)
    com.unity.modules.unitywebrequestwww@1.0.0 (location: C:\Program Files\Unity\Hub\Editor\6000.0.37f1\Editor\Data\Resources\PackageManager\BuiltInPackages\com.unity.modules.unitywebrequestwww)
    com.unity.modules.vehicles@1.0.0 (location: C:\Program Files\Unity\Hub\Editor\6000.0.37f1\Editor\Data\Resources\PackageManager\BuiltInPackages\com.unity.modules.vehicles)
    com.unity.modules.video@1.0.0 (location: C:\Program Files\Unity\Hub\Editor\6000.0.37f1\Editor\Data\Resources\PackageManager\BuiltInPackages\com.unity.modules.video)
    com.unity.modules.vr@1.0.0 (location: C:\Program Files\Unity\Hub\Editor\6000.0.37f1\Editor\Data\Resources\PackageManager\BuiltInPackages\com.unity.modules.vr)
    com.unity.modules.wind@1.0.0 (location: C:\Program Files\Unity\Hub\Editor\6000.0.37f1\Editor\Data\Resources\PackageManager\BuiltInPackages\com.unity.modules.wind)
    com.unity.modules.xr@1.0.0 (location: C:\Program Files\Unity\Hub\Editor\6000.0.37f1\Editor\Data\Resources\PackageManager\BuiltInPackages\com.unity.modules.xr)
    com.unity.modules.subsystems@1.0.0 (location: C:\Program Files\Unity\Hub\Editor\6000.0.37f1\Editor\Data\Resources\PackageManager\BuiltInPackages\com.unity.modules.subsystems)
    com.unity.modules.hierarchycore@1.0.0 (location: C:\Program Files\Unity\Hub\Editor\6000.0.37f1\Editor\Data\Resources\PackageManager\BuiltInPackages\com.unity.modules.hierarchycore)
    com.unity.render-pipelines.core@17.0.3 (location: C:\Users\overw\Documents\The Waning Border 1.2\Library\PackageCache\com.unity.render-pipelines.core@89eb3bdcd743)
    com.unity.2d.sprite@1.0.0 (location: C:\Users\overw\Documents\The Waning Border 1.2\Library\PackageCache\com.unity.2d.sprite@072d7bd355e5)
    com.unity.render-pipelines.universal-config@17.0.3 (location: C:\Users\overw\Documents\The Waning Border 1.2\Library\PackageCache\com.unity.render-pipelines.universal-config@fa63c96d3e1a)
    com.unity.rendering.light-transport@1.0.1 (location: C:\Users\overw\Documents\The Waning Border 1.2\Library\PackageCache\com.unity.rendering.light-transport@307bc27a498f)
  Git packages:
    com.coffee.ui-particle@https://github.com/mob-sakai/ParticleEffectForUGUI.git (location: C:\Users\overw\Documents\The Waning Border 1.2\Library\PackageCache\com.coffee.ui-particle@5a305705f845)
    com.veriorpies.parrelsync@https://github.com/VeriorPies/ParrelSync.git?path=/ParrelSync (location: C:\Users\overw\Documents\The Waning Border 1.2\Library\PackageCache\com.veriorpies.parrelsync@256065af1fc7)
[Package Manager] com.unity.ide.vscode is deprecated: Visual Studio Code package is not supported anymore. You can continue to use it, but we won't provide any update anymore.
Default GameObject BitMask: UI already registered
[Physics::Module] Selected backend.
[Physics::Module] Name: PhysX
[Physics::Module] Id: 0xf2b8ea05
[Physics::Module] SDK Version: 4.1.2
[Physics::Module] Integration Version: 1.0.0
[Physics::Module] Threading Mode: Multi-Threaded
[Subsystems] No new subsystems found in resolved package list.
Package Manager log level set to [2]
[Package Manager] Done registering packages in 0.19 seconds
Artifact Garbage Collection - Removed 2 unused hashed content filesRefreshing native plugins compatible for Editor in 17.51 ms, found 6 plugins.
Preloading 1 native plugins for Editor in 3.51 ms.
Initialize engine version: 6000.0.37f1 (090b7797214c)
[Subsystems] Discovering subsystems at path C:/Program Files/Unity/Hub/Editor/6000.0.37f1/Editor/Data/Resources/UnitySubsystems
[Subsystems] Discovering subsystems at path C:/Users/overw/Documents/The Waning Border 1.2/Assets
GfxDevice: creating device client; kGfxThreadingModeNonThreaded
Direct3D:
    Version:  Direct3D 11.0 [level 11.1]
    Renderer: NVIDIA RTX A3000 Laptop GPU (ID=0x24b8)
    Vendor:   NVIDIA
    VRAM:     5990 MB
    Driver:   32.0.15.8216
[Licensing::Client] Successfully resolved entitlement details
Initialize mono
Mono path[0] = 'C:/Program Files/Unity/Hub/Editor/6000.0.37f1/Editor/Data/Managed'
Mono path[1] = 'C:/Program Files/Unity/Hub/Editor/6000.0.37f1/Editor/Data/MonoBleedingEdge/lib/mono/unityjit-win32'
Mono config path = 'C:/Program Files/Unity/Hub/Editor/6000.0.37f1/Editor/Data/MonoBleedingEdge/etc'
Using monoOptions --debugger-agent=transport=dt_socket,embedding=1,server=y,suspend=n,address=127.0.0.1:56800
Using cacheserver namespaces - metadata:defaultmetadata, artifacts:defaultartifacts
Using cacheserver namespaces - metadata:defaultmetadata, artifacts:defaultartifacts
ImportWorker Server TCP listen port: 0
AcceleratorClientConnectionCallback - disconnected - :0
Begin MonoManager ReloadAssembly
Registering precompiled unity dll's ...
Register platform support module: C:/Program Files/Unity/Hub/Editor/6000.0.37f1/Editor/Data/PlaybackEngines/WebGLSupport/UnityEditor.WebGL.Extensions.dll
Register platform support module: C:/Program Files/Unity/Hub/Editor/6000.0.37f1/Editor/Data/PlaybackEngines/WindowsStandaloneSupport/UnityEditor.WindowsStandalone.Extensions.dll
Registered in 0.005650 seconds.
- Loaded All Assemblies, in  0.507 seconds
Native extension for WindowsStandalone target not found
Native extension for WebGL target not found
Mono: successfully reloaded assembly
- Finished resetting the current domain, in  0.427 seconds
Domain Reload Profiling: 931ms
	BeginReloadAssembly (170ms)
		ExecutionOrderSort (0ms)
		DisableScriptedObjects (0ms)
		BackupInstance (0ms)
		ReleaseScriptingObjects (0ms)
		CreateAndSetChildDomain (1ms)
	RebuildCommonClasses (46ms)
	RebuildNativeTypeToScriptingClass (15ms)
	initialDomainReloadingComplete (71ms)
	LoadAllAssembliesAndSetupDomain (201ms)
		LoadAssemblies (166ms)
		RebuildTransferFunctionScriptingTraits (0ms)
		AnalyzeDomain (196ms)
			TypeCache.Refresh (193ms)
				TypeCache.ScanAssembly (176ms)
			BuildScriptInfoCaches (0ms)
			ResolveRequiredComponents (1ms)
	FinalizeReload (428ms)
		ReleaseScriptCaches (0ms)
		RebuildScriptCaches (0ms)
		SetupLoadedEditorAssemblies (383ms)
			LogAssemblyErrors (0ms)
			InitializePlatformSupportModulesInManaged (34ms)
			SetLoadedEditorAssemblies (6ms)
			BeforeProcessingInitializeOnLoad (67ms)
			ProcessInitializeOnLoadAttributes (198ms)
			ProcessInitializeOnLoadMethodAttributes (77ms)
			AfterProcessingInitializeOnLoad (0ms)
			EditorAssembliesLoaded (0ms)
		ExecutionOrderSort2 (0ms)
		AwakeInstancesAfterBackupRestoration (0ms)
[Licensing::Client] Successfully resolved entitlement details
Application.AssetDatabase Initial Refresh Start
Assembly reference Packages/com.unity.entities/Unity.Scenes.Editor/Internals/Properties/Unity.Properties.Internals.asmref has no target assembly definition
Assembly reference Packages/com.unity.entities/Unity.Scenes.Editor/Internals/Properties/Unity.Properties.Internals.asmref has no target assembly definition
[ScriptCompilation] Requested script compilation because: Assetdatabase observed changes in script compilation related files
Assembly for Assembly Definition File 'Assets/Tests/PlayMode/TheWaningBorder.Tests.PlayMode.asmdef' will not be compiled, because it has no scripts associated with it.
UnityEngine.Debug:ExtractStackTraceNoAlloc (byte*,int,string)
UnityEngine.StackTraceUtility:ExtractStackTrace ()
UnityEngine.DebugLogHandler:Internal_Log (UnityEngine.LogType,UnityEngine.LogOption,string,UnityEngine.Object)
UnityEngine.DebugLogHandler:LogFormat (UnityEngine.LogType,UnityEngine.Object,string,object[])
UnityEngine.Logger:LogFormat (UnityEngine.LogType,string,object[])
UnityEngine.Debug:LogWarningFormat (string,object[])
UnityEditor.Scripting.ScriptCompilation.EditorCompilation:WarnIfThereAreAssembliesWithoutAnyScripts (UnityEditor.Scripting.ScriptCompilation.ScriptAssemblySettings,UnityEditor.Scripting.ScriptCompilation.ScriptAssembly[])
UnityEditor.Scripting.ScriptCompilation.EditorCompilation:CompileScriptsWithSettings (UnityEditor.Scripting.ScriptCompilation.ScriptAssemblySettings)
UnityEditor.Scripting.ScriptCompilation.EditorCompilation:CompileScripts (UnityEditor.Scripting.ScriptCompilation.EditorScriptCompilationOptions,UnityEditor.BuildTarget,int,string[])
UnityEditor.Scripting.ScriptCompilation.EditorCompilationInterface/<>c__DisplayClass21_0:<CompileScripts>b__0 ()
UnityEditor.Scripting.ScriptCompilation.EditorCompilationInterface:EmitExceptionAsError<UnityEditor.Scripting.ScriptCompilation.EditorCompilation/CompileStatus> (System.Func`1<UnityEditor.Scripting.ScriptCompilation.EditorCompilation/CompileStatus>,UnityEditor.Scripting.ScriptCompilation.EditorCompilation/CompileStatus)
UnityEditor.Scripting.ScriptCompilation.EditorCompilationInterface:CompileScripts (UnityEditor.Scripting.ScriptCompilation.EditorScriptCompilationOptions,UnityEditor.BuildTarget,int,string[])

info: Microsoft.Hosting.Lifetime[14]
      Now listening on: http://localhost:80
info: Microsoft.Hosting.Lifetime[0]
      Application started. Press Ctrl+C to shut down.
info: Microsoft.Hosting.Lifetime[0]
      Hosting environment: Production
info: Microsoft.Hosting.Lifetime[0]
      Content root path: C:\Users\overw\Documents\The Waning Border 1.2\
info: Microsoft.AspNetCore.Hosting.Diagnostics[1]
      Request starting HTTP/2 POST http://ilpp/UnityILPP.PostProcessing/Ping application/grpc -
info: Microsoft.AspNetCore.Routing.EndpointMiddleware[0]
      Executing endpoint 'gRPC - /UnityILPP.PostProcessing/Ping'
info: Microsoft.AspNetCore.Routing.EndpointMiddleware[1]
      Executed endpoint 'gRPC - /UnityILPP.PostProcessing/Ping'
info: Microsoft.AspNetCore.Hosting.Diagnostics[2]
      Request finished HTTP/2 POST http://ilpp/UnityILPP.PostProcessing/Ping application/grpc - - 200 - application/grpc 47.3813ms
Starting: C:\Program Files\Unity\Hub\Editor\6000.0.37f1\Editor\Data\bee_backend.exe --dont-print-to-structured-log --ipc --defer-dag-verification --dagfile="Library/Bee/1900b0aE.dag" --continue-on-failure --profile="Library/Bee/backend1.traceevents" ScriptAssemblies
WorkingDir: C:/Users/overw/Documents/The Waning Border 1.2
info: Microsoft.AspNetCore.Hosting.Diagnostics[1]
      Request starting HTTP/2 POST http://ilpp/UnityILPP.PostProcessing/ConfigurePostProcessors application/grpc -
info: Microsoft.AspNetCore.Routing.EndpointMiddleware[0]
      Executing endpoint 'gRPC - /UnityILPP.PostProcessing/ConfigurePostProcessors'
warn: Unity.ILPP.Runner.PostProcessingAssemblyLoadContext[0]
      Assembly system.runtime.interopservices.windowsruntime has duplicate hint path. Ignoring "C:\Program Files\Unity\Hub\Editor\6000.0.37f1\Editor\Data\UnityReferenceAssemblies\unity-4.8-api\Facades\System.Runtime.InteropServices.WindowsRuntime.dll" in favor of "C:\Program Files\Unity\Hub\Editor\6000.0.37f1\Editor\Data\NetStandard\Extensions\2.0.0\System.Runtime.InteropServices.WindowsRuntime.dll"
warn: Unity.ILPP.Runner.PostProcessingAssemblyLoadContext[0]
      Assembly system.componentmodel.composition has duplicate hint path. Ignoring "C:\Program Files\Unity\Hub\Editor\6000.0.37f1\Editor\Data\UnityReferenceAssemblies\unity-4.8-api\System.ComponentModel.Composition.dll" in favor of "C:\Program Files\Unity\Hub\Editor\6000.0.37f1\Editor\Data\NetStandard\compat\2.1.0\shims\netfx\System.ComponentModel.Composition.dll"
info: Unity.ILPP.Runner.PostProcessingAssemblyLoadContext[0]
      Resolved Unity.Burst.Cecil, Version=0.11.4.0, Culture=neutral, PublicKeyToken=50cebf1cceb9d05e with Library\PackageCache\com.unity.burst@7a907cf5a459\Unity.Burst.CodeGen\Unity.Burst.Cecil.dll
info: Unity.ILPP.Runner.PostProcessingAssemblyLoadContext[0]
      Resolved Mono.Cecil, Version=0.11.5.0, Culture=neutral, PublicKeyToken=50cebf1cceb9d05e with Library\PackageCache\com.unity.nuget.mono-cecil@d78732e851eb\Mono.Cecil.dll
info: Microsoft.AspNetCore.Routing.EndpointMiddleware[1]
      Executed endpoint 'gRPC - /UnityILPP.PostProcessing/ConfigurePostProcessors'
info: Microsoft.AspNetCore.Hosting.Diagnostics[2]
      Request finished HTTP/2 POST http://ilpp/UnityILPP.PostProcessing/ConfigurePostProcessors application/grpc - - 200 - application/grpc 77.5825ms
DisplayProgressbar: Compiling Scripts
info: Microsoft.AspNetCore.Hosting.Diagnostics[1]
      Request starting HTTP/2 POST http://ilpp/UnityILPP.PostProcessing/PostProcessAssembly application/grpc -
info: Microsoft.AspNetCore.Hosting.Diagnostics[1]
      Request starting HTTP/2 POST http://ilpp/UnityILPP.PostProcessing/PostProcessAssembly application/grpc -
info: Microsoft.AspNetCore.Routing.EndpointMiddleware[0]
      Executing endpoint 'gRPC - /UnityILPP.PostProcessing/PostProcessAssembly'
info: Microsoft.AspNetCore.Routing.EndpointMiddleware[0]
      Executing endpoint 'gRPC - /UnityILPP.PostProcessing/PostProcessAssembly'
info: Unity.ILPP.Runner.PostProcessingPipeline[0]
      Processing assembly Library/Bee/artifacts/1900b0aE.dag/Assembly-CSharp-Editor.dll, with 130 defines and 379 references
info: Unity.ILPP.Runner.PostProcessingPipeline[0]
      Processing assembly Library/Bee/artifacts/1900b0aE.dag/TheWaningBorder.Editor.dll, with 130 defines and 275 references
info: Microsoft.AspNetCore.Hosting.Diagnostics[1]
      Request starting HTTP/2 POST http://ilpp/UnityILPP.PostProcessing/PostProcessAssembly application/grpc -
info: Microsoft.AspNetCore.Routing.EndpointMiddleware[0]
      Executing endpoint 'gRPC - /UnityILPP.PostProcessing/PostProcessAssembly'
info: Unity.ILPP.Runner.PostProcessingPipeline[0]
      Processing assembly Library/Bee/artifacts/1900b0aE.dag/Assembly-CSharp.dll, with 132 defines and 360 references
info: Unity.ILPP.Runner.PostProcessingPipeline[0]
      processors: Unity.Entities.CodeGen.EntitiesILPostProcessors, Unity.Jobs.CodeGen.JobsILPostProcessor, zzzUnity.Burst.CodeGen.BurstILPostProcessor
info: Unity.ILPP.Runner.PostProcessingPipeline[0]
      processors: Unity.Entities.CodeGen.EntitiesILPostProcessors, Unity.Jobs.CodeGen.JobsILPostProcessor, zzzUnity.Burst.CodeGen.BurstILPostProcessor
info: Unity.ILPP.Runner.PostProcessingPipeline[0]
      processors: Unity.Entities.CodeGen.EntitiesILPostProcessors, Unity.Jobs.CodeGen.JobsILPostProcessor, zzzUnity.Burst.CodeGen.BurstILPostProcessor
info: Unity.ILPP.Runner.PostProcessingPipeline[0]
      running Unity.Entities.CodeGen.EntitiesILPostProcessors
info: Unity.ILPP.Runner.PostProcessingPipeline[0]
      running Unity.Entities.CodeGen.EntitiesILPostProcessors
info: Unity.ILPP.Runner.PostProcessingPipeline[0]
      running Unity.Entities.CodeGen.EntitiesILPostProcessors
info: Unity.ILPP.Runner.PostProcessingAssemblyLoadContext[0]
      Resolved Mono.Cecil.Rocks, Version=0.11.5.0, Culture=neutral, PublicKeyToken=50cebf1cceb9d05e with Library\PackageCache\com.unity.nuget.mono-cecil@d78732e851eb\Mono.Cecil.Rocks.dll
info: Unity.ILPP.Runner.PostProcessingAssemblyLoadContext[0]
      Resolved Unity.Entities, Version=0.0.0.0, Culture=neutral, PublicKeyToken=null with Library\Bee\artifacts\1900b0aE.dag\Unity.Entities.dll
info: Unity.ILPP.Runner.PostProcessingAssemblyLoadContext[0]
      Resolved UnityEngine.CoreModule, Version=0.0.0.0, Culture=neutral, PublicKeyToken=null with C:\Program Files\Unity\Hub\Editor\6000.0.37f1\Editor\Data\Managed\UnityEngine\UnityEngine.CoreModule.dll
info: Unity.ILPP.Runner.PostProcessingAssemblyLoadContext[0]
      Resolved Unity.Collections, Version=0.0.0.0, Culture=neutral, PublicKeyToken=null with Library\Bee\artifacts\1900b0aE.dag\Unity.Collections.dll
info: Unity.ILPP.Runner.PostProcessingAssemblyLoadContext[0]
      Resolved Unity.Burst, Version=0.0.0.0, Culture=neutral, PublicKeyToken=null with Library\Bee\artifacts\1900b0aE.dag\Unity.Burst.dll
info: Unity.ILPP.Runner.PostProcessingAssemblyLoadContext[0]
      Resolved Unity.Cecil.Awesome, Version=1.0.0.0, Culture=neutral, PublicKeyToken=null with Library\PackageCache\com.unity.entities@e581b903be8e\Unity.Entities.CodeGen\Unity.Cecil.Awesome.dll
  - EILPP : TheWaningBorder.Editor : : 416ms (~331ms)
    - EILPP : TheWaningBorder.Editor : GetAllComponentTypes: 2ms 
    - EILPP : TheWaningBorder.Editor : Cloner: 3ms 
    - EILPP : TheWaningBorder.Editor : ComponentDataPP: 69ms 
    - EILPP : TheWaningBorder.Editor : StaticTypeRegistryPostProcessor: 11ms 
info: Unity.ILPP.Runner.PostProcessingPipeline[0]
      running Unity.Jobs.CodeGen.JobsILPostProcessor
info: Unity.ILPP.Runner.PostProcessingAssemblyLoadContext[0]
      Resolved UnityEditor.CoreModule, Version=0.0.0.0, Culture=neutral, PublicKeyToken=null with C:\Program Files\Unity\Hub\Editor\6000.0.37f1\Editor\Data\Managed\UnityEngine\UnityEditor.CoreModule.dll
info: Unity.ILPP.Runner.PostProcessingPipeline[0]
      running zzzUnity.Burst.CodeGen.BurstILPostProcessor
info: Unity.ILPP.Runner.PostProcessingAssemblyLoadContext[0]
      Resolved Unity.Burst.Cecil.Rocks, Version=0.11.4.0, Culture=neutral, PublicKeyToken=50cebf1cceb9d05e with Library\PackageCache\com.unity.burst@7a907cf5a459\Unity.Burst.CodeGen\Unity.Burst.Cecil.Rocks.dll
  - EILPP : Assembly-CSharp-Editor : : 741ms (~326ms)
    - EILPP : Assembly-CSharp-Editor : GetAllComponentTypes: 2ms 
    - EILPP : Assembly-CSharp-Editor : Cloner: 3ms 
    - EILPP : Assembly-CSharp-Editor : ComponentDataPP: 69ms 
    - EILPP : Assembly-CSharp-Editor : StaticTypeRegistryPostProcessor: 126ms 
    - EILPP : Assembly-CSharp-Editor : WriteAssembly: 215ms 
  - EILPP : Assembly-CSharp : : 742ms (~325ms)
    - EILPP : Assembly-CSharp : GetAllComponentTypes: 3ms 
info: Unity.ILPP.Runner.PostProcessingPipeline[0]
      running Unity.Jobs.CodeGen.JobsILPostProcessor
    - EILPP : Assembly-CSharp : Cloner: 3ms 
    - EILPP : Assembly-CSharp : ComponentDataPP: 67ms 
    - EILPP : Assembly-CSharp : StaticTypeRegistryPostProcessor: 128ms 
    - EILPP : Assembly-CSharp : WriteAssembly: 216ms 
info: Unity.ILPP.Runner.PostProcessingPipeline[0]
      running Unity.Jobs.CodeGen.JobsILPostProcessor
info: Unity.ILPP.Runner.PostProcessingPipeline[0]
      running zzzUnity.Burst.CodeGen.BurstILPostProcessor
info: Unity.ILPP.Runner.PostProcessingPipeline[0]
      running zzzUnity.Burst.CodeGen.BurstILPostProcessor
info: Microsoft.AspNetCore.Routing.EndpointMiddleware[1]
      Executed endpoint 'gRPC - /UnityILPP.PostProcessing/PostProcessAssembly'
info: Microsoft.AspNetCore.Routing.EndpointMiddleware[1]
      Executed endpoint 'gRPC - /UnityILPP.PostProcessing/PostProcessAssembly'
info: Microsoft.AspNetCore.Hosting.Diagnostics[2]
      Request finished HTTP/2 POST http://ilpp/UnityILPP.PostProcessing/PostProcessAssembly application/grpc - - 200 - application/grpc 863.2456ms
info: Microsoft.AspNetCore.Hosting.Diagnostics[2]
      Request finished HTTP/2 POST http://ilpp/UnityILPP.PostProcessing/PostProcessAssembly application/grpc - - 200 - application/grpc 863.2824ms
info: Microsoft.AspNetCore.Routing.EndpointMiddleware[1]
      Executed endpoint 'gRPC - /UnityILPP.PostProcessing/PostProcessAssembly'
info: Microsoft.AspNetCore.Hosting.Diagnostics[2]
      Request finished HTTP/2 POST http://ilpp/UnityILPP.PostProcessing/PostProcessAssembly application/grpc - - 200 - application/grpc 862.2901ms
ExitCode: 0 Duration: 6s722ms
[1181/1563  0s] ILPP-Configuration Library/ilpp-configuration.nevergeneratedoutput
[1551/1563  4s] Csc Library/Bee/artifacts/1900b0aE.dag/TheWaningBorder.Editor.dll (+2 others)
[1554/1563  0s] ILPostProcess Library/Bee/artifacts/1900b0aE.dag/post-processed/TheWaningBorder.Editor.dll (+pdb)
Processing assembly Library/Bee/artifacts/1900b0aE.dag/TheWaningBorder.Editor.dll, with 130 defines and 275 references

processors: Unity.Entities.CodeGen.EntitiesILPostProcessors, Unity.Jobs.CodeGen.JobsILPostProcessor, zzzUnity.Burst.CodeGen.BurstILPostProcessor

running Unity.Entities.CodeGen.EntitiesILPostProcessors

running Unity.Jobs.CodeGen.JobsILPostProcessor

running zzzUnity.Burst.CodeGen.BurstILPostProcessor
[1555/1563  0s] ILPostProcess Library/Bee/artifacts/1900b0aE.dag/post-processed/Assembly-CSharp-Editor.dll (+pdb)
Processing assembly Library/Bee/artifacts/1900b0aE.dag/Assembly-CSharp-Editor.dll, with 130 defines and 379 references

processors: Unity.Entities.CodeGen.EntitiesILPostProcessors, Unity.Jobs.CodeGen.JobsILPostProcessor, zzzUnity.Burst.CodeGen.BurstILPostProcessor

running Unity.Entities.CodeGen.EntitiesILPostProcessors

running Unity.Jobs.CodeGen.JobsILPostProcessor

running zzzUnity.Burst.CodeGen.BurstILPostProcessor
[1556/1563  0s] ILPostProcess Library/Bee/artifacts/1900b0aE.dag/post-processed/Assembly-CSharp.dll (+pdb)
Processing assembly Library/Bee/artifacts/1900b0aE.dag/Assembly-CSharp.dll, with 132 defines and 360 references

processors: Unity.Entities.CodeGen.EntitiesILPostProcessors, Unity.Jobs.CodeGen.JobsILPostProcessor, zzzUnity.Burst.CodeGen.BurstILPostProcessor

running Unity.Entities.CodeGen.EntitiesILPostProcessors

running Unity.Jobs.CodeGen.JobsILPostProcessor

running zzzUnity.Burst.CodeGen.BurstILPostProcessor
[1559/1563  0s] CopyFiles Library/ScriptAssemblies/TheWaningBorder.Editor.pdb
[1562/1563  0s] CopyFiles Library/ScriptAssemblies/TheWaningBorder.Editor.dll
*** Tundra build success (6.67 seconds), 7 items updated, 1563 evaluated
AssetDatabase: script compilation time: 7.324221s
Assembly reference Packages/com.unity.entities/Unity.Scenes.Editor/Internals/Properties/Unity.Properties.Internals.asmref has no target assembly definition
Begin MonoManager ReloadAssembly
- Loaded All Assemblies, in  1.603 seconds
Refreshing native plugins compatible for Editor in 13.24 ms, found 6 plugins.
Native extension for WindowsStandalone target not found
Native extension for WebGL target not found
Assembly reference Packages/com.unity.entities/Unity.Scenes.Editor/Internals/Properties/Unity.Properties.Internals.asmref has no target assembly definition
Refreshing native plugins compatible for Editor in 11.12 ms, found 6 plugins.
TypeManager.Initialize took: 2066ms
Mono: successfully reloaded assembly
- Finished resetting the current domain, in 10.662 seconds
Domain Reload Profiling: 12253ms
	BeginReloadAssembly (366ms)
		ExecutionOrderSort (0ms)
		DisableScriptedObjects (18ms)
		BackupInstance (0ms)
		ReleaseScriptingObjects (0ms)
		CreateAndSetChildDomain (152ms)
	RebuildCommonClasses (50ms)
	RebuildNativeTypeToScriptingClass (16ms)
	initialDomainReloadingComplete (48ms)
	LoadAllAssembliesAndSetupDomain (1110ms)
		LoadAssemblies (638ms)
		RebuildTransferFunctionScriptingTraits (0ms)
		AnalyzeDomain (609ms)
			TypeCache.Refresh (444ms)
				TypeCache.ScanAssembly (415ms)
			BuildScriptInfoCaches (135ms)
			ResolveRequiredComponents (21ms)
	FinalizeReload (10663ms)
		ReleaseScriptCaches (0ms)
		RebuildScriptCaches (0ms)
		SetupLoadedEditorAssemblies (10250ms)
			LogAssemblyErrors (0ms)
			InitializePlatformSupportModulesInManaged (29ms)
			SetLoadedEditorAssemblies (10ms)
			BeforeProcessingInitializeOnLoad (281ms)
			ProcessInitializeOnLoadAttributes (8358ms)
			ProcessInitializeOnLoadMethodAttributes (1554ms)
			AfterProcessingInitializeOnLoad (13ms)
			EditorAssembliesLoaded (4ms)
		ExecutionOrderSort2 (0ms)
		AwakeInstancesAfterBackupRestoration (43ms)
Refreshing native plugins compatible for Editor in 11.13 ms, found 6 plugins.
Preloading 1 native plugins for Editor in 0.11 ms.
Asset Pipeline Refresh (id=bb41f76af04e0884e912bd5b24e9c39b): Total: 22.294 seconds - Initiated by InitialRefreshV2(ForceSynchronousImport)
	Summary:
		Imports: total=0 (actual=0, local cache=0, cache server=0)
		Asset DB Process Time: managed=0 ms, native=12227 ms
		Asset DB Callback time: managed=814 ms, native=19 ms
		Scripting: domain reloads=1, domain reload time=1769 ms, compile time=7327 ms, other=136 ms
		Project Asset Count: scripts=3735, non-scripts=28367
		Asset File Changes: new=0, changed=1, moved=0, deleted=0
		Scan Filter Count: 0
	InvokeCustomDependenciesCallbacks: 0.001ms
	InvokePackagesCallback: 3.534ms
	ApplyChangesToAssetFolders: 0.771ms
	Scan: 455.332ms
	OnSourceAssetsModified: 1.096ms
	CategorizeAssetsWithTransientArtifact: 104.892ms
	ProcessAssetsWithTransientArtifactChanges: 204.609ms
	CategorizeAssets: 442.927ms
	ImportOutOfDateAssets: 10720.419ms (3377.858ms without children)
		CompileScripts: 7326.562ms
		ReloadNativeAssets: 0.047ms
		UnloadImportedAssets: 1.480ms
		EnsureUptoDateAssetsAreRegisteredWithGuidPM: 8.267ms
		InitializingProgressBar: 0.001ms
		PostProcessAllAssetNotificationsAddChangedAssets: 0.001ms
		OnDemandSchedulerStart: 6.205ms
	PostProcessAllAssets: 817.833ms
	Hotreload: 14.211ms
	GatherAllCurrentPrimaryArtifactRevisions: 0.001ms
	UnloadStreamsBegin: 4.821ms
	PersistCurrentRevisions: 1.739ms
	UnloadStreamsEnd: 0.002ms
	GenerateScriptTypeHashes: 5.621ms
	Untracked: 9521.575ms

Application.AssetDatabase Initial Refresh End
Shader 'MapMagic/TerrainPreviewHDRP': dependency 'BaseMapShader' shader 'Hidden/HDRP/TerrainLit_Basemap' not found
Shader 'MapMagic/TerrainPreviewHDRP': dependency 'BaseMapGenShader' shader 'Hidden/HDRP/TerrainLit_BasemapGen' not found
Scanning for USB devices : 1.134ms
Initializing Unity extensions:
[Licensing::Client] Successfully resolved entitlement details
[MODES] ModeService[none].Initialize
[MODES] ModeService[none].LoadModes
[MODES] Loading mode Default (0) for mode-current-id-The Waning Border
Unloading 44 Unused Serialized files (Serialized files now loaded: 0)
Unloading 10533 unused Assets / (22.1 MB). Loaded Objects now: 11342.
Memory consumption went from 464.9 MB to 442.8 MB.
Total: 30.395700 ms (FindLiveObjects: 1.138900 ms CreateObjectMapping: 2.826700 ms MarkObjects: 15.688500 ms  DeleteObjects: 10.739700 ms)

Unloading 3 Unused Serialized files (Serialized files now loaded: 0)
Unloading 1 unused Assets / (42.0 KB). Loaded Objects now: 11356.
Memory consumption went from 435.4 MB to 435.3 MB.
Total: 15.418900 ms (FindLiveObjects: 0.803600 ms CreateObjectMapping: 0.765400 ms MarkObjects: 13.772700 ms  DeleteObjects: 0.075400 ms)

The tree SM_Env_Big_Tree_01 must use the Nature/Soft Occlusion shader. Otherwise billboarding/lighting will not work correctly.
UnityEngine.Debug:ExtractStackTraceNoAlloc (byte*,int,string)
UnityEngine.StackTraceUtility:ExtractStackTrace ()
UnityEditor.AssetDatabase:LoadAssetAtPath (string,System.Type)
UnityEditor.AssetDatabase:LoadAssetAtPath<Adobe.Substance.SubstanceGraphSO> (string)
Adobe.SubstanceEditor.Importer.SubstanceAssetModificationProcessor:OnWillDeleteAsset (string,UnityEditor.RemoveAssetOptions) (at Assets/Adobe/Substance3DForUnity/Editor/Scripts/Importer/SubstanceImporter.cs:28)
System.Reflection.RuntimeMethodInfo:Invoke (object,System.Reflection.BindingFlags,System.Reflection.Binder,object[],System.Globalization.CultureInfo)
System.Reflection.MethodBase:Invoke (object,object[])
UnityEditor.AssetModificationProcessorInternal:OnWillDeleteAssets (string[],UnityEditor.AssetDeleteResult[],UnityEditor.RemoveAssetOptions)
UnityEditor.AssetDatabase:DeleteAsset (string)
TheWaningBorder.Core.Maps.EditorTools.MapGenKit:BuildTerrain (TheWaningBorder.Core.Maps.EditorTools.MapGenKit/TerrainSpec) (at Assets/Scripts/Editor/MapGenKit.cs:111)
TheWaningBorder.Core.Maps.EditorTools.MapBuilderVeilmarch:BuildInternal () (at Assets/Scripts/Editor/MapBuilderVeilmarch.cs:133)
TheWaningBorder.Core.Maps.EditorTools.MapBuilderVeilmarch:BuildAndBake () (at Assets/Scripts/Editor/MapBuilderVeilmarch.cs:194)

[Assets/Adobe/Substance3DForUnity/Editor/Scripts/Importer/SubstanceImporter.cs line 28]

Launched and connected shader compiler UnityShaderCompiler.exe after 0.01 seconds
The tree SM_Env_Tree_Burnt_01 must use the Nature/Soft Occlusion shader. Otherwise billboarding/lighting will not work correctly.
UnityEngine.Debug:ExtractStackTraceNoAlloc (byte*,int,string)
UnityEngine.StackTraceUtility:ExtractStackTrace ()
UnityEditor.AssetDatabase:LoadAssetAtPath (string,System.Type)
UnityEditor.AssetDatabase:LoadAssetAtPath<Adobe.Substance.SubstanceGraphSO> (string)
Adobe.SubstanceEditor.Importer.SubstanceAssetModificationProcessor:OnWillDeleteAsset (string,UnityEditor.RemoveAssetOptions) (at Assets/Adobe/Substance3DForUnity/Editor/Scripts/Importer/SubstanceImporter.cs:28)
System.Reflection.RuntimeMethodInfo:Invoke (object,System.Reflection.BindingFlags,System.Reflection.Binder,object[],System.Globalization.CultureInfo)
System.Reflection.MethodBase:Invoke (object,object[])
UnityEditor.AssetModificationProcessorInternal:OnWillDeleteAssets (string[],UnityEditor.AssetDeleteResult[],UnityEditor.RemoveAssetOptions)
UnityEditor.AssetDatabase:DeleteAsset (string)
TheWaningBorder.Core.Maps.EditorTools.MapGenKit:BuildTerrain (TheWaningBorder.Core.Maps.EditorTools.MapGenKit/TerrainSpec) (at Assets/Scripts/Editor/MapGenKit.cs:111)
TheWaningBorder.Core.Maps.EditorTools.MapBuilderVeilmarch:BuildInternal () (at Assets/Scripts/Editor/MapBuilderVeilmarch.cs:133)
TheWaningBorder.Core.Maps.EditorTools.MapBuilderVeilmarch:BuildAndBake () (at Assets/Scripts/Editor/MapBuilderVeilmarch.cs:194)

[Assets/Adobe/Substance3DForUnity/Editor/Scripts/Importer/SubstanceImporter.cs line 28]

The tree SM_Env_Tree_Burnt_02 must use the Nature/Soft Occlusion shader. Otherwise billboarding/lighting will not work correctly.
UnityEngine.Debug:ExtractStackTraceNoAlloc (byte*,int,string)
UnityEngine.StackTraceUtility:ExtractStackTrace ()
UnityEditor.AssetDatabase:LoadAssetAtPath (string,System.Type)
UnityEditor.AssetDatabase:LoadAssetAtPath<Adobe.Substance.SubstanceGraphSO> (string)
Adobe.SubstanceEditor.Importer.SubstanceAssetModificationProcessor:OnWillDeleteAsset (string,UnityEditor.RemoveAssetOptions) (at Assets/Adobe/Substance3DForUnity/Editor/Scripts/Importer/SubstanceImporter.cs:28)
System.Reflection.RuntimeMethodInfo:Invoke (object,System.Reflection.BindingFlags,System.Reflection.Binder,object[],System.Globalization.CultureInfo)
System.Reflection.MethodBase:Invoke (object,object[])
UnityEditor.AssetModificationProcessorInternal:OnWillDeleteAssets (string[],UnityEditor.AssetDeleteResult[],UnityEditor.RemoveAssetOptions)
UnityEditor.AssetDatabase:DeleteAsset (string)
TheWaningBorder.Core.Maps.EditorTools.MapGenKit:BuildTerrain (TheWaningBorder.Core.Maps.EditorTools.MapGenKit/TerrainSpec) (at Assets/Scripts/Editor/MapGenKit.cs:111)
TheWaningBorder.Core.Maps.EditorTools.MapBuilderVeilmarch:BuildInternal () (at Assets/Scripts/Editor/MapBuilderVeilmarch.cs:133)
TheWaningBorder.Core.Maps.EditorTools.MapBuilderVeilmarch:BuildAndBake () (at Assets/Scripts/Editor/MapBuilderVeilmarch.cs:194)

[Assets/Adobe/Substance3DForUnity/Editor/Scripts/Importer/SubstanceImporter.cs line 28]

The tree SM_Env_Tree_Dead_01 must use the Nature/Soft Occlusion shader. Otherwise billboarding/lighting will not work correctly.
UnityEngine.Debug:ExtractStackTraceNoAlloc (byte*,int,string)
UnityEngine.StackTraceUtility:ExtractStackTrace ()
UnityEditor.AssetDatabase:LoadAssetAtPath (string,System.Type)
UnityEditor.AssetDatabase:LoadAssetAtPath<Adobe.Substance.SubstanceGraphSO> (string)
Adobe.SubstanceEditor.Importer.SubstanceAssetModificationProcessor:OnWillDeleteAsset (string,UnityEditor.RemoveAssetOptions) (at Assets/Adobe/Substance3DForUnity/Editor/Scripts/Importer/SubstanceImporter.cs:28)
System.Reflection.RuntimeMethodInfo:Invoke (object,System.Reflection.BindingFlags,System.Reflection.Binder,object[],System.Globalization.CultureInfo)
System.Reflection.MethodBase:Invoke (object,object[])
UnityEditor.AssetModificationProcessorInternal:OnWillDeleteAssets (string[],UnityEditor.AssetDeleteResult[],UnityEditor.RemoveAssetOptions)
UnityEditor.AssetDatabase:DeleteAsset (string)
TheWaningBorder.Core.Maps.EditorTools.MapGenKit:BuildTerrain (TheWaningBorder.Core.Maps.EditorTools.MapGenKit/TerrainSpec) (at Assets/Scripts/Editor/MapGenKit.cs:111)
TheWaningBorder.Core.Maps.EditorTools.MapBuilderVeilmarch:BuildInternal () (at Assets/Scripts/Editor/MapBuilderVeilmarch.cs:133)
TheWaningBorder.Core.Maps.EditorTools.MapBuilderVeilmarch:BuildAndBake () (at Assets/Scripts/Editor/MapBuilderVeilmarch.cs:194)

[Assets/Adobe/Substance3DForUnity/Editor/Scripts/Importer/SubstanceImporter.cs line 28]

The tree SM_Env_Tree_Dead_02 must use the Nature/Soft Occlusion shader. Otherwise billboarding/lighting will not work correctly.
UnityEngine.Debug:ExtractStackTraceNoAlloc (byte*,int,string)
UnityEngine.StackTraceUtility:ExtractStackTrace ()
UnityEditor.AssetDatabase:LoadAssetAtPath (string,System.Type)
UnityEditor.AssetDatabase:LoadAssetAtPath<Adobe.Substance.SubstanceGraphSO> (string)
Adobe.SubstanceEditor.Importer.SubstanceAssetModificationProcessor:OnWillDeleteAsset (string,UnityEditor.RemoveAssetOptions) (at Assets/Adobe/Substance3DForUnity/Editor/Scripts/Importer/SubstanceImporter.cs:28)
System.Reflection.RuntimeMethodInfo:Invoke (object,System.Reflection.BindingFlags,System.Reflection.Binder,object[],System.Globalization.CultureInfo)
System.Reflection.MethodBase:Invoke (object,object[])
UnityEditor.AssetModificationProcessorInternal:OnWillDeleteAssets (string[],UnityEditor.AssetDeleteResult[],UnityEditor.RemoveAssetOptions)
UnityEditor.AssetDatabase:DeleteAsset (string)
TheWaningBorder.Core.Maps.EditorTools.MapGenKit:BuildTerrain (TheWaningBorder.Core.Maps.EditorTools.MapGenKit/TerrainSpec) (at Assets/Scripts/Editor/MapGenKit.cs:111)
TheWaningBorder.Core.Maps.EditorTools.MapBuilderVeilmarch:BuildInternal () (at Assets/Scripts/Editor/MapBuilderVeilmarch.cs:133)
TheWaningBorder.Core.Maps.EditorTools.MapBuilderVeilmarch:BuildAndBake () (at Assets/Scripts/Editor/MapBuilderVeilmarch.cs:194)

[Assets/Adobe/Substance3DForUnity/Editor/Scripts/Importer/SubstanceImporter.cs line 28]

The tree SM_Env_Tree_Dead_03 must use the Nature/Soft Occlusion shader. Otherwise billboarding/lighting will not work correctly.
UnityEngine.Debug:ExtractStackTraceNoAlloc (byte*,int,string)
UnityEngine.StackTraceUtility:ExtractStackTrace ()
UnityEditor.AssetDatabase:LoadAssetAtPath (string,System.Type)
UnityEditor.AssetDatabase:LoadAssetAtPath<Adobe.Substance.SubstanceGraphSO> (string)
Adobe.SubstanceEditor.Importer.SubstanceAssetModificationProcessor:OnWillDeleteAsset (string,UnityEditor.RemoveAssetOptions) (at Assets/Adobe/Substance3DForUnity/Editor/Scripts/Importer/SubstanceImporter.cs:28)
System.Reflection.RuntimeMethodInfo:Invoke (object,System.Reflection.BindingFlags,System.Reflection.Binder,object[],System.Globalization.CultureInfo)
System.Reflection.MethodBase:Invoke (object,object[])
UnityEditor.AssetModificationProcessorInternal:OnWillDeleteAssets (string[],UnityEditor.AssetDeleteResult[],UnityEditor.RemoveAssetOptions)
UnityEditor.AssetDatabase:DeleteAsset (string)
TheWaningBorder.Core.Maps.EditorTools.MapGenKit:BuildTerrain (TheWaningBorder.Core.Maps.EditorTools.MapGenKit/TerrainSpec) (at Assets/Scripts/Editor/MapGenKit.cs:111)
TheWaningBorder.Core.Maps.EditorTools.MapBuilderVeilmarch:BuildInternal () (at Assets/Scripts/Editor/MapBuilderVeilmarch.cs:133)
TheWaningBorder.Core.Maps.EditorTools.MapBuilderVeilmarch:BuildAndBake () (at Assets/Scripts/Editor/MapBuilderVeilmarch.cs:194)

[Assets/Adobe/Substance3DForUnity/Editor/Scripts/Importer/SubstanceImporter.cs line 28]

The tree SM_Env_Tree_Dead_04 must use the Nature/Soft Occlusion shader. Otherwise billboarding/lighting will not work correctly.
UnityEngine.Debug:ExtractStackTraceNoAlloc (byte*,int,string)
UnityEngine.StackTraceUtility:ExtractStackTrace ()
UnityEditor.AssetDatabase:LoadAssetAtPath (string,System.Type)
UnityEditor.AssetDatabase:LoadAssetAtPath<Adobe.Substance.SubstanceGraphSO> (string)
Adobe.SubstanceEditor.Importer.SubstanceAssetModificationProcessor:OnWillDeleteAsset (string,UnityEditor.RemoveAssetOptions) (at Assets/Adobe/Substance3DForUnity/Editor/Scripts/Importer/SubstanceImporter.cs:28)
System.Reflection.RuntimeMethodInfo:Invoke (object,System.Reflection.BindingFlags,System.Reflection.Binder,object[],System.Globalization.CultureInfo)
System.Reflection.MethodBase:Invoke (object,object[])
UnityEditor.AssetModificationProcessorInternal:OnWillDeleteAssets (string[],UnityEditor.AssetDeleteResult[],UnityEditor.RemoveAssetOptions)
UnityEditor.AssetDatabase:DeleteAsset (string)
TheWaningBorder.Core.Maps.EditorTools.MapGenKit:BuildTerrain (TheWaningBorder.Core.Maps.EditorTools.MapGenKit/TerrainSpec) (at Assets/Scripts/Editor/MapGenKit.cs:111)
TheWaningBorder.Core.Maps.EditorTools.MapBuilderVeilmarch:BuildInternal () (at Assets/Scripts/Editor/MapBuilderVeilmarch.cs:133)
TheWaningBorder.Core.Maps.EditorTools.MapBuilderVeilmarch:BuildAndBake () (at Assets/Scripts/Editor/MapBuilderVeilmarch.cs:194)

[Assets/Adobe/Substance3DForUnity/Editor/Scripts/Importer/SubstanceImporter.cs line 28]

The tree SM_Env_Tree_Large_01 must use the Nature/Soft Occlusion shader. Otherwise billboarding/lighting will not work correctly.
UnityEngine.Debug:ExtractStackTraceNoAlloc (byte*,int,string)
UnityEngine.StackTraceUtility:ExtractStackTrace ()
UnityEditor.AssetDatabase:LoadAssetAtPath (string,System.Type)
UnityEditor.AssetDatabase:LoadAssetAtPath<Adobe.Substance.SubstanceGraphSO> (string)
Adobe.SubstanceEditor.Importer.SubstanceAssetModificationProcessor:OnWillDeleteAsset (string,UnityEditor.RemoveAssetOptions) (at Assets/Adobe/Substance3DForUnity/Editor/Scripts/Importer/SubstanceImporter.cs:28)
System.Reflection.RuntimeMethodInfo:Invoke (object,System.Reflection.BindingFlags,System.Reflection.Binder,object[],System.Globalization.CultureInfo)
System.Reflection.MethodBase:Invoke (object,object[])
UnityEditor.AssetModificationProcessorInternal:OnWillDeleteAssets (string[],UnityEditor.AssetDeleteResult[],UnityEditor.RemoveAssetOptions)
UnityEditor.AssetDatabase:DeleteAsset (string)
TheWaningBorder.Core.Maps.EditorTools.MapGenKit:BuildTerrain (TheWaningBorder.Core.Maps.EditorTools.MapGenKit/TerrainSpec) (at Assets/Scripts/Editor/MapGenKit.cs:111)
TheWaningBorder.Core.Maps.EditorTools.MapBuilderVeilmarch:BuildInternal () (at Assets/Scripts/Editor/MapBuilderVeilmarch.cs:133)
TheWaningBorder.Core.Maps.EditorTools.MapBuilderVeilmarch:BuildAndBake () (at Assets/Scripts/Editor/MapBuilderVeilmarch.cs:194)

[Assets/Adobe/Substance3DForUnity/Editor/Scripts/Importer/SubstanceImporter.cs line 28]

The tree SM_Env_Tree_Large_02 must use the Nature/Soft Occlusion shader. Otherwise billboarding/lighting will not work correctly.
UnityEngine.Debug:ExtractStackTraceNoAlloc (byte*,int,string)
UnityEngine.StackTraceUtility:ExtractStackTrace ()
UnityEditor.AssetDatabase:LoadAssetAtPath (string,System.Type)
UnityEditor.AssetDatabase:LoadAssetAtPath<Adobe.Substance.SubstanceGraphSO> (string)
Adobe.SubstanceEditor.Importer.SubstanceAssetModificationProcessor:OnWillDeleteAsset (string,UnityEditor.RemoveAssetOptions) (at Assets/Adobe/Substance3DForUnity/Editor/Scripts/Importer/SubstanceImporter.cs:28)
System.Reflection.RuntimeMethodInfo:Invoke (object,System.Reflection.BindingFlags,System.Reflection.Binder,object[],System.Globalization.CultureInfo)
System.Reflection.MethodBase:Invoke (object,object[])
UnityEditor.AssetModificationProcessorInternal:OnWillDeleteAssets (string[],UnityEditor.AssetDeleteResult[],UnityEditor.RemoveAssetOptions)
UnityEditor.AssetDatabase:DeleteAsset (string)
TheWaningBorder.Core.Maps.EditorTools.MapGenKit:BuildTerrain (TheWaningBorder.Core.Maps.EditorTools.MapGenKit/TerrainSpec) (at Assets/Scripts/Editor/MapGenKit.cs:111)
TheWaningBorder.Core.Maps.EditorTools.MapBuilderVeilmarch:BuildInternal () (at Assets/Scripts/Editor/MapBuilderVeilmarch.cs:133)
TheWaningBorder.Core.Maps.EditorTools.MapBuilderVeilmarch:BuildAndBake () (at Assets/Scripts/Editor/MapBuilderVeilmarch.cs:194)

[Assets/Adobe/Substance3DForUnity/Editor/Scripts/Importer/SubstanceImporter.cs line 28]

The tree SM_Env_Tree_Pine_Cluster_01 must use the Nature/Soft Occlusion shader. Otherwise billboarding/lighting will not work correctly.
UnityEngine.Debug:ExtractStackTraceNoAlloc (byte*,int,string)
UnityEngine.StackTraceUtility:ExtractStackTrace ()
UnityEditor.AssetDatabase:LoadAssetAtPath (string,System.Type)
UnityEditor.AssetDatabase:LoadAssetAtPath<Adobe.Substance.SubstanceGraphSO> (string)
Adobe.SubstanceEditor.Importer.SubstanceAssetModificationProcessor:OnWillDeleteAsset (string,UnityEditor.RemoveAssetOptions) (at Assets/Adobe/Substance3DForUnity/Editor/Scripts/Importer/SubstanceImporter.cs:28)
System.Reflection.RuntimeMethodInfo:Invoke (object,System.Reflection.BindingFlags,System.Reflection.Binder,object[],System.Globalization.CultureInfo)
System.Reflection.MethodBase:Invoke (object,object[])
UnityEditor.AssetModificationProcessorInternal:OnWillDeleteAssets (string[],UnityEditor.AssetDeleteResult[],UnityEditor.RemoveAssetOptions)
UnityEditor.AssetDatabase:DeleteAsset (string)
TheWaningBorder.Core.Maps.EditorTools.MapGenKit:BuildTerrain (TheWaningBorder.Core.Maps.EditorTools.MapGenKit/TerrainSpec) (at Assets/Scripts/Editor/MapGenKit.cs:111)
TheWaningBorder.Core.Maps.EditorTools.MapBuilderVeilmarch:BuildInternal () (at Assets/Scripts/Editor/MapBuilderVeilmarch.cs:133)
TheWaningBorder.Core.Maps.EditorTools.MapBuilderVeilmarch:BuildAndBake () (at Assets/Scripts/Editor/MapBuilderVeilmarch.cs:194)

[Assets/Adobe/Substance3DForUnity/Editor/Scripts/Importer/SubstanceImporter.cs line 28]

The tree SM_Env_Tree_Pine_Cluster_02 must use the Nature/Soft Occlusion shader. Otherwise billboarding/lighting will not work correctly.
UnityEngine.Debug:ExtractStackTraceNoAlloc (byte*,int,string)
UnityEngine.StackTraceUtility:ExtractStackTrace ()
UnityEditor.AssetDatabase:LoadAssetAtPath (string,System.Type)
UnityEditor.AssetDatabase:LoadAssetAtPath<Adobe.Substance.SubstanceGraphSO> (string)
Adobe.SubstanceEditor.Importer.SubstanceAssetModificationProcessor:OnWillDeleteAsset (string,UnityEditor.RemoveAssetOptions) (at Assets/Adobe/Substance3DForUnity/Editor/Scripts/Importer/SubstanceImporter.cs:28)
System.Reflection.RuntimeMethodInfo:Invoke (object,System.Reflection.BindingFlags,System.Reflection.Binder,object[],System.Globalization.CultureInfo)
System.Reflection.MethodBase:Invoke (object,object[])
UnityEditor.AssetModificationProcessorInternal:OnWillDeleteAssets (string[],UnityEditor.AssetDeleteResult[],UnityEditor.RemoveAssetOptions)
UnityEditor.AssetDatabase:DeleteAsset (string)
TheWaningBorder.Core.Maps.EditorTools.MapGenKit:BuildTerrain (TheWaningBorder.Core.Maps.EditorTools.MapGenKit/TerrainSpec) (at Assets/Scripts/Editor/MapGenKit.cs:111)
TheWaningBorder.Core.Maps.EditorTools.MapBuilderVeilmarch:BuildInternal () (at Assets/Scripts/Editor/MapBuilderVeilmarch.cs:133)
TheWaningBorder.Core.Maps.EditorTools.MapBuilderVeilmarch:BuildAndBake () (at Assets/Scripts/Editor/MapBuilderVeilmarch.cs:194)

[Assets/Adobe/Substance3DForUnity/Editor/Scripts/Importer/SubstanceImporter.cs line 28]

The tree SM_Env_Tree_Pine_Cluster_04 must use the Nature/Soft Occlusion shader. Otherwise billboarding/lighting will not work correctly.
UnityEngine.Debug:ExtractStackTraceNoAlloc (byte*,int,string)
UnityEngine.StackTraceUtility:ExtractStackTrace ()
UnityEditor.AssetDatabase:LoadAssetAtPath (string,System.Type)
UnityEditor.AssetDatabase:LoadAssetAtPath<Adobe.Substance.SubstanceGraphSO> (string)
Adobe.SubstanceEditor.Importer.SubstanceAssetModificationProcessor:OnWillDeleteAsset (string,UnityEditor.RemoveAssetOptions) (at Assets/Adobe/Substance3DForUnity/Editor/Scripts/Importer/SubstanceImporter.cs:28)
System.Reflection.RuntimeMethodInfo:Invoke (object,System.Reflection.BindingFlags,System.Reflection.Binder,object[],System.Globalization.CultureInfo)
System.Reflection.MethodBase:Invoke (object,object[])
UnityEditor.AssetModificationProcessorInternal:OnWillDeleteAssets (string[],UnityEditor.AssetDeleteResult[],UnityEditor.RemoveAssetOptions)
UnityEditor.AssetDatabase:DeleteAsset (string)
TheWaningBorder.Core.Maps.EditorTools.MapGenKit:BuildTerrain (TheWaningBorder.Core.Maps.EditorTools.MapGenKit/TerrainSpec) (at Assets/Scripts/Editor/MapGenKit.cs:111)
TheWaningBorder.Core.Maps.EditorTools.MapBuilderVeilmarch:BuildInternal () (at Assets/Scripts/Editor/MapBuilderVeilmarch.cs:133)
TheWaningBorder.Core.Maps.EditorTools.MapBuilderVeilmarch:BuildAndBake () (at Assets/Scripts/Editor/MapBuilderVeilmarch.cs:194)

[Assets/Adobe/Substance3DForUnity/Editor/Scripts/Importer/SubstanceImporter.cs line 28]

The tree SM_Env_Tree_Pine_Cluster_05 must use the Nature/Soft Occlusion shader. Otherwise billboarding/lighting will not work correctly.
UnityEngine.Debug:ExtractStackTraceNoAlloc (byte*,int,string)
UnityEngine.StackTraceUtility:ExtractStackTrace ()
UnityEditor.AssetDatabase:LoadAssetAtPath (string,System.Type)
UnityEditor.AssetDatabase:LoadAssetAtPath<Adobe.Substance.SubstanceGraphSO> (string)
Adobe.SubstanceEditor.Importer.SubstanceAssetModificationProcessor:OnWillDeleteAsset (string,UnityEditor.RemoveAssetOptions) (at Assets/Adobe/Substance3DForUnity/Editor/Scripts/Importer/SubstanceImporter.cs:28)
System.Reflection.RuntimeMethodInfo:Invoke (object,System.Reflection.BindingFlags,System.Reflection.Binder,object[],System.Globalization.CultureInfo)
System.Reflection.MethodBase:Invoke (object,object[])
UnityEditor.AssetModificationProcessorInternal:OnWillDeleteAssets (string[],UnityEditor.AssetDeleteResult[],UnityEditor.RemoveAssetOptions)
UnityEditor.AssetDatabase:DeleteAsset (string)
TheWaningBorder.Core.Maps.EditorTools.MapGenKit:BuildTerrain (TheWaningBorder.Core.Maps.EditorTools.MapGenKit/TerrainSpec) (at Assets/Scripts/Editor/MapGenKit.cs:111)
TheWaningBorder.Core.Maps.EditorTools.MapBuilderVeilmarch:BuildInternal () (at Assets/Scripts/Editor/MapBuilderVeilmarch.cs:133)
TheWaningBorder.Core.Maps.EditorTools.MapBuilderVeilmarch:BuildAndBake () (at Assets/Scripts/Editor/MapBuilderVeilmarch.cs:194)

[Assets/Adobe/Substance3DForUnity/Editor/Scripts/Importer/SubstanceImporter.cs line 28]

The tree SM_Env_Tree_Round_01 must use the Nature/Soft Occlusion shader. Otherwise billboarding/lighting will not work correctly.
UnityEngine.Debug:ExtractStackTraceNoAlloc (byte*,int,string)
UnityEngine.StackTraceUtility:ExtractStackTrace ()
UnityEditor.AssetDatabase:LoadAssetAtPath (string,System.Type)
UnityEditor.AssetDatabase:LoadAssetAtPath<Adobe.Substance.SubstanceGraphSO> (string)
Adobe.SubstanceEditor.Importer.SubstanceAssetModificationProcessor:OnWillDeleteAsset (string,UnityEditor.RemoveAssetOptions) (at Assets/Adobe/Substance3DForUnity/Editor/Scripts/Importer/SubstanceImporter.cs:28)
System.Reflection.RuntimeMethodInfo:Invoke (object,System.Reflection.BindingFlags,System.Reflection.Binder,object[],System.Globalization.CultureInfo)
System.Reflection.MethodBase:Invoke (object,object[])
UnityEditor.AssetModificationProcessorInternal:OnWillDeleteAssets (string[],UnityEditor.AssetDeleteResult[],UnityEditor.RemoveAssetOptions)
UnityEditor.AssetDatabase:DeleteAsset (string)
TheWaningBorder.Core.Maps.EditorTools.MapGenKit:BuildTerrain (TheWaningBorder.Core.Maps.EditorTools.MapGenKit/TerrainSpec) (at Assets/Scripts/Editor/MapGenKit.cs:111)
TheWaningBorder.Core.Maps.EditorTools.MapBuilderVeilmarch:BuildInternal () (at Assets/Scripts/Editor/MapBuilderVeilmarch.cs:133)
TheWaningBorder.Core.Maps.EditorTools.MapBuilderVeilmarch:BuildAndBake () (at Assets/Scripts/Editor/MapBuilderVeilmarch.cs:194)

[Assets/Adobe/Substance3DForUnity/Editor/Scripts/Importer/SubstanceImporter.cs line 28]

The tree SM_Env_Bush_01 must use the Nature/Soft Occlusion shader. Otherwise billboarding/lighting will not work correctly.
UnityEngine.Debug:ExtractStackTraceNoAlloc (byte*,int,string)
UnityEngine.StackTraceUtility:ExtractStackTrace ()
UnityEditor.AssetDatabase:LoadAssetAtPath (string,System.Type)
UnityEditor.AssetDatabase:LoadAssetAtPath<Adobe.Substance.SubstanceGraphSO> (string)
Adobe.SubstanceEditor.Importer.SubstanceAssetModificationProcessor:OnWillDeleteAsset (string,UnityEditor.RemoveAssetOptions) (at Assets/Adobe/Substance3DForUnity/Editor/Scripts/Importer/SubstanceImporter.cs:28)
System.Reflection.RuntimeMethodInfo:Invoke (object,System.Reflection.BindingFlags,System.Reflection.Binder,object[],System.Globalization.CultureInfo)
System.Reflection.MethodBase:Invoke (object,object[])
UnityEditor.AssetModificationProcessorInternal:OnWillDeleteAssets (string[],UnityEditor.AssetDeleteResult[],UnityEditor.RemoveAssetOptions)
UnityEditor.AssetDatabase:DeleteAsset (string)
TheWaningBorder.Core.Maps.EditorTools.MapGenKit:BuildTerrain (TheWaningBorder.Core.Maps.EditorTools.MapGenKit/TerrainSpec) (at Assets/Scripts/Editor/MapGenKit.cs:111)
TheWaningBorder.Core.Maps.EditorTools.MapBuilderVeilmarch:BuildInternal () (at Assets/Scripts/Editor/MapBuilderVeilmarch.cs:133)
TheWaningBorder.Core.Maps.EditorTools.MapBuilderVeilmarch:BuildAndBake () (at Assets/Scripts/Editor/MapBuilderVeilmarch.cs:194)

[Assets/Adobe/Substance3DForUnity/Editor/Scripts/Importer/SubstanceImporter.cs line 28]

The tree SM_Env_Bush_02 must use the Nature/Soft Occlusion shader. Otherwise billboarding/lighting will not work correctly.
UnityEngine.Debug:ExtractStackTraceNoAlloc (byte*,int,string)
UnityEngine.StackTraceUtility:ExtractStackTrace ()
UnityEditor.AssetDatabase:LoadAssetAtPath (string,System.Type)
UnityEditor.AssetDatabase:LoadAssetAtPath<Adobe.Substance.SubstanceGraphSO> (string)
Adobe.SubstanceEditor.Importer.SubstanceAssetModificationProcessor:OnWillDeleteAsset (string,UnityEditor.RemoveAssetOptions) (at Assets/Adobe/Substance3DForUnity/Editor/Scripts/Importer/SubstanceImporter.cs:28)
System.Reflection.RuntimeMethodInfo:Invoke (object,System.Reflection.BindingFlags,System.Reflection.Binder,object[],System.Globalization.CultureInfo)
System.Reflection.MethodBase:Invoke (object,object[])
UnityEditor.AssetModificationProcessorInternal:OnWillDeleteAssets (string[],UnityEditor.AssetDeleteResult[],UnityEditor.RemoveAssetOptions)
UnityEditor.AssetDatabase:DeleteAsset (string)
TheWaningBorder.Core.Maps.EditorTools.MapGenKit:BuildTerrain (TheWaningBorder.Core.Maps.EditorTools.MapGenKit/TerrainSpec) (at Assets/Scripts/Editor/MapGenKit.cs:111)
TheWaningBorder.Core.Maps.EditorTools.MapBuilderVeilmarch:BuildInternal () (at Assets/Scripts/Editor/MapBuilderVeilmarch.cs:133)
TheWaningBorder.Core.Maps.EditorTools.MapBuilderVeilmarch:BuildAndBake () (at Assets/Scripts/Editor/MapBuilderVeilmarch.cs:194)

[Assets/Adobe/Substance3DForUnity/Editor/Scripts/Importer/SubstanceImporter.cs line 28]

The tree SM_Env_Bush_03 must use the Nature/Soft Occlusion shader. Otherwise billboarding/lighting will not work correctly.
UnityEngine.Debug:ExtractStackTraceNoAlloc (byte*,int,string)
UnityEngine.StackTraceUtility:ExtractStackTrace ()
UnityEditor.AssetDatabase:LoadAssetAtPath (string,System.Type)
UnityEditor.AssetDatabase:LoadAssetAtPath<Adobe.Substance.SubstanceGraphSO> (string)
Adobe.SubstanceEditor.Importer.SubstanceAssetModificationProcessor:OnWillDeleteAsset (string,UnityEditor.RemoveAssetOptions) (at Assets/Adobe/Substance3DForUnity/Editor/Scripts/Importer/SubstanceImporter.cs:28)
System.Reflection.RuntimeMethodInfo:Invoke (object,System.Reflection.BindingFlags,System.Reflection.Binder,object[],System.Globalization.CultureInfo)
System.Reflection.MethodBase:Invoke (object,object[])
UnityEditor.AssetModificationProcessorInternal:OnWillDeleteAssets (string[],UnityEditor.AssetDeleteResult[],UnityEditor.RemoveAssetOptions)
UnityEditor.AssetDatabase:DeleteAsset (string)
TheWaningBorder.Core.Maps.EditorTools.MapGenKit:BuildTerrain (TheWaningBorder.Core.Maps.EditorTools.MapGenKit/TerrainSpec) (at Assets/Scripts/Editor/MapGenKit.cs:111)
TheWaningBorder.Core.Maps.EditorTools.MapBuilderVeilmarch:BuildInternal () (at Assets/Scripts/Editor/MapBuilderVeilmarch.cs:133)
TheWaningBorder.Core.Maps.EditorTools.MapBuilderVeilmarch:BuildAndBake () (at Assets/Scripts/Editor/MapBuilderVeilmarch.cs:194)

[Assets/Adobe/Substance3DForUnity/Editor/Scripts/Importer/SubstanceImporter.cs line 28]

The tree SM_Env_Bush_04 must use the Nature/Soft Occlusion shader. Otherwise billboarding/lighting will not work correctly.
UnityEngine.Debug:ExtractStackTraceNoAlloc (byte*,int,string)
UnityEngine.StackTraceUtility:ExtractStackTrace ()
UnityEditor.AssetDatabase:LoadAssetAtPath (string,System.Type)
UnityEditor.AssetDatabase:LoadAssetAtPath<Adobe.Substance.SubstanceGraphSO> (string)
Adobe.SubstanceEditor.Importer.SubstanceAssetModificationProcessor:OnWillDeleteAsset (string,UnityEditor.RemoveAssetOptions) (at Assets/Adobe/Substance3DForUnity/Editor/Scripts/Importer/SubstanceImporter.cs:28)
System.Reflection.RuntimeMethodInfo:Invoke (object,System.Reflection.BindingFlags,System.Reflection.Binder,object[],System.Globalization.CultureInfo)
System.Reflection.MethodBase:Invoke (object,object[])
UnityEditor.AssetModificationProcessorInternal:OnWillDeleteAssets (string[],UnityEditor.AssetDeleteResult[],UnityEditor.RemoveAssetOptions)
UnityEditor.AssetDatabase:DeleteAsset (string)
TheWaningBorder.Core.Maps.EditorTools.MapGenKit:BuildTerrain (TheWaningBorder.Core.Maps.EditorTools.MapGenKit/TerrainSpec) (at Assets/Scripts/Editor/MapGenKit.cs:111)
TheWaningBorder.Core.Maps.EditorTools.MapBuilderVeilmarch:BuildInternal () (at Assets/Scripts/Editor/MapBuilderVeilmarch.cs:133)
TheWaningBorder.Core.Maps.EditorTools.MapBuilderVeilmarch:BuildAndBake () (at Assets/Scripts/Editor/MapBuilderVeilmarch.cs:194)

[Assets/Adobe/Substance3DForUnity/Editor/Scripts/Importer/SubstanceImporter.cs line 28]

The tree SM_Env_Bush_05 must use the Nature/Soft Occlusion shader. Otherwise billboarding/lighting will not work correctly.
UnityEngine.Debug:ExtractStackTraceNoAlloc (byte*,int,string)
UnityEngine.StackTraceUtility:ExtractStackTrace ()
UnityEditor.AssetDatabase:LoadAssetAtPath (string,System.Type)
UnityEditor.AssetDatabase:LoadAssetAtPath<Adobe.Substance.SubstanceGraphSO> (string)
Adobe.SubstanceEditor.Importer.SubstanceAssetModificationProcessor:OnWillDeleteAsset (string,UnityEditor.RemoveAssetOptions) (at Assets/Adobe/Substance3DForUnity/Editor/Scripts/Importer/SubstanceImporter.cs:28)
System.Reflection.RuntimeMethodInfo:Invoke (object,System.Reflection.BindingFlags,System.Reflection.Binder,object[],System.Globalization.CultureInfo)
System.Reflection.MethodBase:Invoke (object,object[])
UnityEditor.AssetModificationProcessorInternal:OnWillDeleteAssets (string[],UnityEditor.AssetDeleteResult[],UnityEditor.RemoveAssetOptions)
UnityEditor.AssetDatabase:DeleteAsset (string)
TheWaningBorder.Core.Maps.EditorTools.MapGenKit:BuildTerrain (TheWaningBorder.Core.Maps.EditorTools.MapGenKit/TerrainSpec) (at Assets/Scripts/Editor/MapGenKit.cs:111)
TheWaningBorder.Core.Maps.EditorTools.MapBuilderVeilmarch:BuildInternal () (at Assets/Scripts/Editor/MapBuilderVeilmarch.cs:133)
TheWaningBorder.Core.Maps.EditorTools.MapBuilderVeilmarch:BuildAndBake () (at Assets/Scripts/Editor/MapBuilderVeilmarch.cs:194)

[Assets/Adobe/Substance3DForUnity/Editor/Scripts/Importer/SubstanceImporter.cs line 28]

The tree SM_Env_Bush_06 must use the Nature/Soft Occlusion shader. Otherwise billboarding/lighting will not work correctly.
UnityEngine.Debug:ExtractStackTraceNoAlloc (byte*,int,string)
UnityEngine.StackTraceUtility:ExtractStackTrace ()
UnityEditor.AssetDatabase:LoadAssetAtPath (string,System.Type)
UnityEditor.AssetDatabase:LoadAssetAtPath<Adobe.Substance.SubstanceGraphSO> (string)
Adobe.SubstanceEditor.Importer.SubstanceAssetModificationProcessor:OnWillDeleteAsset (string,UnityEditor.RemoveAssetOptions) (at Assets/Adobe/Substance3DForUnity/Editor/Scripts/Importer/SubstanceImporter.cs:28)
System.Reflection.RuntimeMethodInfo:Invoke (object,System.Reflection.BindingFlags,System.Reflection.Binder,object[],System.Globalization.CultureInfo)
System.Reflection.MethodBase:Invoke (object,object[])
UnityEditor.AssetModificationProcessorInternal:OnWillDeleteAssets (string[],UnityEditor.AssetDeleteResult[],UnityEditor.RemoveAssetOptions)
UnityEditor.AssetDatabase:DeleteAsset (string)
TheWaningBorder.Core.Maps.EditorTools.MapGenKit:BuildTerrain (TheWaningBorder.Core.Maps.EditorTools.MapGenKit/TerrainSpec) (at Assets/Scripts/Editor/MapGenKit.cs:111)
TheWaningBorder.Core.Maps.EditorTools.MapBuilderVeilmarch:BuildInternal () (at Assets/Scripts/Editor/MapBuilderVeilmarch.cs:133)
TheWaningBorder.Core.Maps.EditorTools.MapBuilderVeilmarch:BuildAndBake () (at Assets/Scripts/Editor/MapBuilderVeilmarch.cs:194)

[Assets/Adobe/Substance3DForUnity/Editor/Scripts/Importer/SubstanceImporter.cs line 28]

The tree SM_Env_Bush_Cluster_01 must use the Nature/Soft Occlusion shader. Otherwise billboarding/lighting will not work correctly.
UnityEngine.Debug:ExtractStackTraceNoAlloc (byte*,int,string)
UnityEngine.StackTraceUtility:ExtractStackTrace ()
UnityEditor.AssetDatabase:LoadAssetAtPath (string,System.Type)
UnityEditor.AssetDatabase:LoadAssetAtPath<Adobe.Substance.SubstanceGraphSO> (string)
Adobe.SubstanceEditor.Importer.SubstanceAssetModificationProcessor:OnWillDeleteAsset (string,UnityEditor.RemoveAssetOptions) (at Assets/Adobe/Substance3DForUnity/Editor/Scripts/Importer/SubstanceImporter.cs:28)
System.Reflection.RuntimeMethodInfo:Invoke (object,System.Reflection.BindingFlags,System.Reflection.Binder,object[],System.Globalization.CultureInfo)
System.Reflection.MethodBase:Invoke (object,object[])
UnityEditor.AssetModificationProcessorInternal:OnWillDeleteAssets (string[],UnityEditor.AssetDeleteResult[],UnityEditor.RemoveAssetOptions)
UnityEditor.AssetDatabase:DeleteAsset (string)
TheWaningBorder.Core.Maps.EditorTools.MapGenKit:BuildTerrain (TheWaningBorder.Core.Maps.EditorTools.MapGenKit/TerrainSpec) (at Assets/Scripts/Editor/MapGenKit.cs:111)
TheWaningBorder.Core.Maps.EditorTools.MapBuilderVeilmarch:BuildInternal () (at Assets/Scripts/Editor/MapBuilderVeilmarch.cs:133)
TheWaningBorder.Core.Maps.EditorTools.MapBuilderVeilmarch:BuildAndBake () (at Assets/Scripts/Editor/MapBuilderVeilmarch.cs:194)

[Assets/Adobe/Substance3DForUnity/Editor/Scripts/Importer/SubstanceImporter.cs line 28]

The tree SM_Env_Bush_Cluster_02 must use the Nature/Soft Occlusion shader. Otherwise billboarding/lighting will not work correctly.
UnityEngine.Debug:ExtractStackTraceNoAlloc (byte*,int,string)
UnityEngine.StackTraceUtility:ExtractStackTrace ()
UnityEditor.AssetDatabase:LoadAssetAtPath (string,System.Type)
UnityEditor.AssetDatabase:LoadAssetAtPath<Adobe.Substance.SubstanceGraphSO> (string)
Adobe.SubstanceEditor.Importer.SubstanceAssetModificationProcessor:OnWillDeleteAsset (string,UnityEditor.RemoveAssetOptions) (at Assets/Adobe/Substance3DForUnity/Editor/Scripts/Importer/SubstanceImporter.cs:28)
System.Reflection.RuntimeMethodInfo:Invoke (object,System.Reflection.BindingFlags,System.Reflection.Binder,object[],System.Globalization.CultureInfo)
System.Reflection.MethodBase:Invoke (object,object[])
UnityEditor.AssetModificationProcessorInternal:OnWillDeleteAssets (string[],UnityEditor.AssetDeleteResult[],UnityEditor.RemoveAssetOptions)
UnityEditor.AssetDatabase:DeleteAsset (string)
TheWaningBorder.Core.Maps.EditorTools.MapGenKit:BuildTerrain (TheWaningBorder.Core.Maps.EditorTools.MapGenKit/TerrainSpec) (at Assets/Scripts/Editor/MapGenKit.cs:111)
TheWaningBorder.Core.Maps.EditorTools.MapBuilderVeilmarch:BuildInternal () (at Assets/Scripts/Editor/MapBuilderVeilmarch.cs:133)
TheWaningBorder.Core.Maps.EditorTools.MapBuilderVeilmarch:BuildAndBake () (at Assets/Scripts/Editor/MapBuilderVeilmarch.cs:194)

[Assets/Adobe/Substance3DForUnity/Editor/Scripts/Importer/SubstanceImporter.cs line 28]

The tree SM_Env_Bush_Cluster_03 must use the Nature/Soft Occlusion shader. Otherwise billboarding/lighting will not work correctly.
UnityEngine.Debug:ExtractStackTraceNoAlloc (byte*,int,string)
UnityEngine.StackTraceUtility:ExtractStackTrace ()
UnityEditor.AssetDatabase:LoadAssetAtPath (string,System.Type)
UnityEditor.AssetDatabase:LoadAssetAtPath<Adobe.Substance.SubstanceGraphSO> (string)
Adobe.SubstanceEditor.Importer.SubstanceAssetModificationProcessor:OnWillDeleteAsset (string,UnityEditor.RemoveAssetOptions) (at Assets/Adobe/Substance3DForUnity/Editor/Scripts/Importer/SubstanceImporter.cs:28)
System.Reflection.RuntimeMethodInfo:Invoke (object,System.Reflection.BindingFlags,System.Reflection.Binder,object[],System.Globalization.CultureInfo)
System.Reflection.MethodBase:Invoke (object,object[])
UnityEditor.AssetModificationProcessorInternal:OnWillDeleteAssets (string[],UnityEditor.AssetDeleteResult[],UnityEditor.RemoveAssetOptions)
UnityEditor.AssetDatabase:DeleteAsset (string)
TheWaningBorder.Core.Maps.EditorTools.MapGenKit:BuildTerrain (TheWaningBorder.Core.Maps.EditorTools.MapGenKit/TerrainSpec) (at Assets/Scripts/Editor/MapGenKit.cs:111)
TheWaningBorder.Core.Maps.EditorTools.MapBuilderVeilmarch:BuildInternal () (at Assets/Scripts/Editor/MapBuilderVeilmarch.cs:133)
TheWaningBorder.Core.Maps.EditorTools.MapBuilderVeilmarch:BuildAndBake () (at Assets/Scripts/Editor/MapBuilderVeilmarch.cs:194)

[Assets/Adobe/Substance3DForUnity/Editor/Scripts/Importer/SubstanceImporter.cs line 28]

The tree SM_Env_Bush_Cluster_04 must use the Nature/Soft Occlusion shader. Otherwise billboarding/lighting will not work correctly.
UnityEngine.Debug:ExtractStackTraceNoAlloc (byte*,int,string)
UnityEngine.StackTraceUtility:ExtractStackTrace ()
UnityEditor.AssetDatabase:LoadAssetAtPath (string,System.Type)
UnityEditor.AssetDatabase:LoadAssetAtPath<Adobe.Substance.SubstanceGraphSO> (string)
Adobe.SubstanceEditor.Importer.SubstanceAssetModificationProcessor:OnWillDeleteAsset (string,UnityEditor.RemoveAssetOptions) (at Assets/Adobe/Substance3DForUnity/Editor/Scripts/Importer/SubstanceImporter.cs:28)
System.Reflection.RuntimeMethodInfo:Invoke (object,System.Reflection.BindingFlags,System.Reflection.Binder,object[],System.Globalization.CultureInfo)
System.Reflection.MethodBase:Invoke (object,object[])
UnityEditor.AssetModificationProcessorInternal:OnWillDeleteAssets (string[],UnityEditor.AssetDeleteResult[],UnityEditor.RemoveAssetOptions)
UnityEditor.AssetDatabase:DeleteAsset (string)
TheWaningBorder.Core.Maps.EditorTools.MapGenKit:BuildTerrain (TheWaningBorder.Core.Maps.EditorTools.MapGenKit/TerrainSpec) (at Assets/Scripts/Editor/MapGenKit.cs:111)
TheWaningBorder.Core.Maps.EditorTools.MapBuilderVeilmarch:BuildInternal () (at Assets/Scripts/Editor/MapBuilderVeilmarch.cs:133)
TheWaningBorder.Core.Maps.EditorTools.MapBuilderVeilmarch:BuildAndBake () (at Assets/Scripts/Editor/MapBuilderVeilmarch.cs:194)

[Assets/Adobe/Substance3DForUnity/Editor/Scripts/Importer/SubstanceImporter.cs line 28]

The tree SM_Env_Bush_Cluster_05 must use the Nature/Soft Occlusion shader. Otherwise billboarding/lighting will not work correctly.
UnityEngine.Debug:ExtractStackTraceNoAlloc (byte*,int,string)
UnityEngine.StackTraceUtility:ExtractStackTrace ()
UnityEditor.AssetDatabase:LoadAssetAtPath (string,System.Type)
UnityEditor.AssetDatabase:LoadAssetAtPath<Adobe.Substance.SubstanceGraphSO> (string)
Adobe.SubstanceEditor.Importer.SubstanceAssetModificationProcessor:OnWillDeleteAsset (string,UnityEditor.RemoveAssetOptions) (at Assets/Adobe/Substance3DForUnity/Editor/Scripts/Importer/SubstanceImporter.cs:28)
System.Reflection.RuntimeMethodInfo:Invoke (object,System.Reflection.BindingFlags,System.Reflection.Binder,object[],System.Globalization.CultureInfo)
System.Reflection.MethodBase:Invoke (object,object[])
UnityEditor.AssetModificationProcessorInternal:OnWillDeleteAssets (string[],UnityEditor.AssetDeleteResult[],UnityEditor.RemoveAssetOptions)
UnityEditor.AssetDatabase:DeleteAsset (string)
TheWaningBorder.Core.Maps.EditorTools.MapGenKit:BuildTerrain (TheWaningBorder.Core.Maps.EditorTools.MapGenKit/TerrainSpec) (at Assets/Scripts/Editor/MapGenKit.cs:111)
TheWaningBorder.Core.Maps.EditorTools.MapBuilderVeilmarch:BuildInternal () (at Assets/Scripts/Editor/MapBuilderVeilmarch.cs:133)
TheWaningBorder.Core.Maps.EditorTools.MapBuilderVeilmarch:BuildAndBake () (at Assets/Scripts/Editor/MapBuilderVeilmarch.cs:194)

[Assets/Adobe/Substance3DForUnity/Editor/Scripts/Importer/SubstanceImporter.cs line 28]

The tree SM_Env_Bush_Cluster_06 must use the Nature/Soft Occlusion shader. Otherwise billboarding/lighting will not work correctly.
UnityEngine.Debug:ExtractStackTraceNoAlloc (byte*,int,string)
UnityEngine.StackTraceUtility:ExtractStackTrace ()
UnityEditor.AssetDatabase:LoadAssetAtPath (string,System.Type)
UnityEditor.AssetDatabase:LoadAssetAtPath<Adobe.Substance.SubstanceGraphSO> (string)
Adobe.SubstanceEditor.Importer.SubstanceAssetModificationProcessor:OnWillDeleteAsset (string,UnityEditor.RemoveAssetOptions) (at Assets/Adobe/Substance3DForUnity/Editor/Scripts/Importer/SubstanceImporter.cs:28)
System.Reflection.RuntimeMethodInfo:Invoke (object,System.Reflection.BindingFlags,System.Reflection.Binder,object[],System.Globalization.CultureInfo)
System.Reflection.MethodBase:Invoke (object,object[])
UnityEditor.AssetModificationProcessorInternal:OnWillDeleteAssets (string[],UnityEditor.AssetDeleteResult[],UnityEditor.RemoveAssetOptions)
UnityEditor.AssetDatabase:DeleteAsset (string)
TheWaningBorder.Core.Maps.EditorTools.MapGenKit:BuildTerrain (TheWaningBorder.Core.Maps.EditorTools.MapGenKit/TerrainSpec) (at Assets/Scripts/Editor/MapGenKit.cs:111)
TheWaningBorder.Core.Maps.EditorTools.MapBuilderVeilmarch:BuildInternal () (at Assets/Scripts/Editor/MapBuilderVeilmarch.cs:133)
TheWaningBorder.Core.Maps.EditorTools.MapBuilderVeilmarch:BuildAndBake () (at Assets/Scripts/Editor/MapBuilderVeilmarch.cs:194)

[Assets/Adobe/Substance3DForUnity/Editor/Scripts/Importer/SubstanceImporter.cs line 28]

Refreshing native plugins compatible for Editor in 10.94 ms, found 6 plugins.
Preloading 1 native plugins for Editor in 0.15 ms.
Loaded 1 ExamplePackConfig assets
UnityEngine.Debug:ExtractStackTraceNoAlloc (byte*,int,string)
UnityEngine.StackTraceUtility:ExtractStackTrace ()
UnityEngine.DebugLogHandler:Internal_Log (UnityEngine.LogType,UnityEngine.LogOption,string,UnityEngine.Object)
UnityEngine.DebugLogHandler:LogFormat (UnityEngine.LogType,UnityEngine.Object,string,object[])
UnityEngine.Logger:Log (UnityEngine.LogType,object)
UnityEngine.Debug:Log (object)
SyntyPackageHelper:LoadSyntyPackageHelperConfigs () (at Assets/Synty/SyntyPackageHelper/Editor/SyntyPackageHelper.cs:46)
SyntyPackageHelper:OnProjectChanged () (at Assets/Synty/SyntyPackageHelper/Editor/SyntyPackageHelper.cs:55)
UnityEditor.EditorApplication:Internal_CallProjectHasChanged ()
UnityEditor.AssetDatabase:DeleteAsset (string)
TheWaningBorder.Core.Maps.EditorTools.MapGenKit:BuildTerrain (TheWaningBorder.Core.Maps.EditorTools.MapGenKit/TerrainSpec) (at Assets/Scripts/Editor/MapGenKit.cs:111)
TheWaningBorder.Core.Maps.EditorTools.MapBuilderVeilmarch:BuildInternal () (at Assets/Scripts/Editor/MapBuilderVeilmarch.cs:133)
TheWaningBorder.Core.Maps.EditorTools.MapBuilderVeilmarch:BuildAndBake () (at Assets/Scripts/Editor/MapBuilderVeilmarch.cs:194)

(Filename: Assets/Synty/SyntyPackageHelper/Editor/SyntyPackageHelper.cs Line: 46)

Asset Pipeline Refresh (id=a1da288d8abb15141b5af2fa192eb99b): Total: 1.018 seconds - Initiated by StopAssetImportingV2(NoUpdateAssetOptions)
	Summary:
		Imports: total=0 (actual=0, local cache=0, cache server=0)
		Asset DB Process Time: managed=0 ms, native=475 ms
		Asset DB Callback time: managed=511 ms, native=31 ms
		Scripting: domain reloads=0, domain reload time=0 ms, compile time=0 ms, other=0 ms
		Project Asset Count: scripts=3735, non-scripts=28366
		Asset File Changes: new=0, changed=0, moved=0, deleted=1
		Scan Filter Count: 0
	InvokeCustomDependenciesCallbacks: 0.002ms
	InvokePackagesCallback: 0.002ms
	ApplyChangesToAssetFolders: 0.590ms
	Scan: 50.916ms
	OnSourceAssetsModified: 1.037ms
	CategorizeAssetsWithTransientArtifact: 0.017ms
	ProcessAssetsWithTransientArtifactChanges: 0.217ms
	UnregisterDeletedAssets: 0.002ms
	CategorizeAssets: 331.748ms
	ImportOutOfDateAssets: 16.707ms (2.917ms without children)
		ReloadNativeAssets: 1.893ms
		UnloadImportedAssets: 0.288ms
		EnsureUptoDateAssetsAreRegisteredWithGuidPM: 7.529ms
		InitializingProgressBar: 0.001ms
		PostProcessAllAssetNotificationsAddChangedAssets: 0.002ms
		OnDemandSchedulerStart: 4.077ms
	PostProcessAllAssets: 26.033ms
	Hotreload: 540.679ms
	GatherAllCurrentPrimaryArtifactRevisions: 4.861ms
	UnloadStreamsBegin: 1.067ms
	PersistCurrentRevisions: 2.146ms
	UnloadStreamsEnd: 0.447ms
	Untracked: 41.883ms

Start importing Assets/GameData/Scenes/Maps/Veilmarch/Veilmarch TerrainData.asset using Guid(03029c108f35b6f43bc7306cb92744f3) (NativeFormatImporter) -> (artifact id: 'dd4fe4479e197f33eff49000ddf749e1') in 0.011357 seconds
Refreshing native plugins compatible for Editor in 12.46 ms, found 6 plugins.
Preloading 1 native plugins for Editor in 0.15 ms.
Asset Pipeline Refresh (id=a6962725389f0174f87b1db8be0aa822): Total: 0.202 seconds - Initiated by StopAssetImportingV2(NoUpdateAssetOptions)
The tree SM_Env_Big_Tree_01 must use the Nature/Soft Occlusion shader. Otherwise billboarding/lighting will not work correctly.
UnityEngine.Debug:ExtractStackTraceNoAlloc (byte*,int,string)
UnityEngine.StackTraceUtility:ExtractStackTrace ()
UnityEngine.TerrainData:set_treePrototypes (UnityEngine.TreePrototype[])
TheWaningBorder.Core.Maps.EditorTools.MapGenKit:ScatterFlora (UnityEngine.Terrain,TheWaningBorder.Core.Maps.EditorTools.MapGenKit/FloraSpec) (at Assets/Scripts/Editor/MapGenKit.cs:423)
TheWaningBorder.Core.Maps.EditorTools.MapBuilderVeilmarch:BuildInternal () (at Assets/Scripts/Editor/MapBuilderVeilmarch.cs:158)
TheWaningBorder.Core.Maps.EditorTools.MapBuilderVeilmarch:BuildAndBake () (at Assets/Scripts/Editor/MapBuilderVeilmarch.cs:194)

[Assets/Scripts/Editor/MapBuilderVeilmarch.cs line 158]

The tree SM_Env_Tree_Burnt_01 must use the Nature/Soft Occlusion shader. Otherwise billboarding/lighting will not work correctly.
UnityEngine.Debug:ExtractStackTraceNoAlloc (byte*,int,string)
UnityEngine.StackTraceUtility:ExtractStackTrace ()
UnityEngine.TerrainData:set_treePrototypes (UnityEngine.TreePrototype[])
TheWaningBorder.Core.Maps.EditorTools.MapGenKit:ScatterFlora (UnityEngine.Terrain,TheWaningBorder.Core.Maps.EditorTools.MapGenKit/FloraSpec) (at Assets/Scripts/Editor/MapGenKit.cs:423)
TheWaningBorder.Core.Maps.EditorTools.MapBuilderVeilmarch:BuildInternal () (at Assets/Scripts/Editor/MapBuilderVeilmarch.cs:158)
TheWaningBorder.Core.Maps.EditorTools.MapBuilderVeilmarch:BuildAndBake () (at Assets/Scripts/Editor/MapBuilderVeilmarch.cs:194)

[Assets/Scripts/Editor/MapBuilderVeilmarch.cs line 158]

The tree SM_Env_Tree_Burnt_02 must use the Nature/Soft Occlusion shader. Otherwise billboarding/lighting will not work correctly.
UnityEngine.Debug:ExtractStackTraceNoAlloc (byte*,int,string)
UnityEngine.StackTraceUtility:ExtractStackTrace ()
UnityEngine.TerrainData:set_treePrototypes (UnityEngine.TreePrototype[])
TheWaningBorder.Core.Maps.EditorTools.MapGenKit:ScatterFlora (UnityEngine.Terrain,TheWaningBorder.Core.Maps.EditorTools.MapGenKit/FloraSpec) (at Assets/Scripts/Editor/MapGenKit.cs:423)
TheWaningBorder.Core.Maps.EditorTools.MapBuilderVeilmarch:BuildInternal () (at Assets/Scripts/Editor/MapBuilderVeilmarch.cs:158)
TheWaningBorder.Core.Maps.EditorTools.MapBuilderVeilmarch:BuildAndBake () (at Assets/Scripts/Editor/MapBuilderVeilmarch.cs:194)

[Assets/Scripts/Editor/MapBuilderVeilmarch.cs line 158]

The tree SM_Env_Tree_Dead_01 must use the Nature/Soft Occlusion shader. Otherwise billboarding/lighting will not work correctly.
UnityEngine.Debug:ExtractStackTraceNoAlloc (byte*,int,string)
UnityEngine.StackTraceUtility:ExtractStackTrace ()
UnityEngine.TerrainData:set_treePrototypes (UnityEngine.TreePrototype[])
TheWaningBorder.Core.Maps.EditorTools.MapGenKit:ScatterFlora (UnityEngine.Terrain,TheWaningBorder.Core.Maps.EditorTools.MapGenKit/FloraSpec) (at Assets/Scripts/Editor/MapGenKit.cs:423)
TheWaningBorder.Core.Maps.EditorTools.MapBuilderVeilmarch:BuildInternal () (at Assets/Scripts/Editor/MapBuilderVeilmarch.cs:158)
TheWaningBorder.Core.Maps.EditorTools.MapBuilderVeilmarch:BuildAndBake () (at Assets/Scripts/Editor/MapBuilderVeilmarch.cs:194)

[Assets/Scripts/Editor/MapBuilderVeilmarch.cs line 158]

The tree SM_Env_Tree_Dead_02 must use the Nature/Soft Occlusion shader. Otherwise billboarding/lighting will not work correctly.
UnityEngine.Debug:ExtractStackTraceNoAlloc (byte*,int,string)
UnityEngine.StackTraceUtility:ExtractStackTrace ()
UnityEngine.TerrainData:set_treePrototypes (UnityEngine.TreePrototype[])
TheWaningBorder.Core.Maps.EditorTools.MapGenKit:ScatterFlora (UnityEngine.Terrain,TheWaningBorder.Core.Maps.EditorTools.MapGenKit/FloraSpec) (at Assets/Scripts/Editor/MapGenKit.cs:423)
TheWaningBorder.Core.Maps.EditorTools.MapBuilderVeilmarch:BuildInternal () (at Assets/Scripts/Editor/MapBuilderVeilmarch.cs:158)
TheWaningBorder.Core.Maps.EditorTools.MapBuilderVeilmarch:BuildAndBake () (at Assets/Scripts/Editor/MapBuilderVeilmarch.cs:194)

[Assets/Scripts/Editor/MapBuilderVeilmarch.cs line 158]

The tree SM_Env_Tree_Dead_03 must use the Nature/Soft Occlusion shader. Otherwise billboarding/lighting will not work correctly.
UnityEngine.Debug:ExtractStackTraceNoAlloc (byte*,int,string)
UnityEngine.StackTraceUtility:ExtractStackTrace ()
UnityEngine.TerrainData:set_treePrototypes (UnityEngine.TreePrototype[])
TheWaningBorder.Core.Maps.EditorTools.MapGenKit:ScatterFlora (UnityEngine.Terrain,TheWaningBorder.Core.Maps.EditorTools.MapGenKit/FloraSpec) (at Assets/Scripts/Editor/MapGenKit.cs:423)
TheWaningBorder.Core.Maps.EditorTools.MapBuilderVeilmarch:BuildInternal () (at Assets/Scripts/Editor/MapBuilderVeilmarch.cs:158)
TheWaningBorder.Core.Maps.EditorTools.MapBuilderVeilmarch:BuildAndBake () (at Assets/Scripts/Editor/MapBuilderVeilmarch.cs:194)

[Assets/Scripts/Editor/MapBuilderVeilmarch.cs line 158]

The tree SM_Env_Tree_Dead_04 must use the Nature/Soft Occlusion shader. Otherwise billboarding/lighting will not work correctly.
UnityEngine.Debug:ExtractStackTraceNoAlloc (byte*,int,string)
UnityEngine.StackTraceUtility:ExtractStackTrace ()
UnityEngine.TerrainData:set_treePrototypes (UnityEngine.TreePrototype[])
TheWaningBorder.Core.Maps.EditorTools.MapGenKit:ScatterFlora (UnityEngine.Terrain,TheWaningBorder.Core.Maps.EditorTools.MapGenKit/FloraSpec) (at Assets/Scripts/Editor/MapGenKit.cs:423)
TheWaningBorder.Core.Maps.EditorTools.MapBuilderVeilmarch:BuildInternal () (at Assets/Scripts/Editor/MapBuilderVeilmarch.cs:158)
TheWaningBorder.Core.Maps.EditorTools.MapBuilderVeilmarch:BuildAndBake () (at Assets/Scripts/Editor/MapBuilderVeilmarch.cs:194)

[Assets/Scripts/Editor/MapBuilderVeilmarch.cs line 158]

The tree SM_Env_Tree_Large_01 must use the Nature/Soft Occlusion shader. Otherwise billboarding/lighting will not work correctly.
UnityEngine.Debug:ExtractStackTraceNoAlloc (byte*,int,string)
UnityEngine.StackTraceUtility:ExtractStackTrace ()
UnityEngine.TerrainData:set_treePrototypes (UnityEngine.TreePrototype[])
TheWaningBorder.Core.Maps.EditorTools.MapGenKit:ScatterFlora (UnityEngine.Terrain,TheWaningBorder.Core.Maps.EditorTools.MapGenKit/FloraSpec) (at Assets/Scripts/Editor/MapGenKit.cs:423)
TheWaningBorder.Core.Maps.EditorTools.MapBuilderVeilmarch:BuildInternal () (at Assets/Scripts/Editor/MapBuilderVeilmarch.cs:158)
TheWaningBorder.Core.Maps.EditorTools.MapBuilderVeilmarch:BuildAndBake () (at Assets/Scripts/Editor/MapBuilderVeilmarch.cs:194)

[Assets/Scripts/Editor/MapBuilderVeilmarch.cs line 158]

The tree SM_Env_Tree_Large_02 must use the Nature/Soft Occlusion shader. Otherwise billboarding/lighting will not work correctly.
UnityEngine.Debug:ExtractStackTraceNoAlloc (byte*,int,string)
UnityEngine.StackTraceUtility:ExtractStackTrace ()
UnityEngine.TerrainData:set_treePrototypes (UnityEngine.TreePrototype[])
TheWaningBorder.Core.Maps.EditorTools.MapGenKit:ScatterFlora (UnityEngine.Terrain,TheWaningBorder.Core.Maps.EditorTools.MapGenKit/FloraSpec) (at Assets/Scripts/Editor/MapGenKit.cs:423)
TheWaningBorder.Core.Maps.EditorTools.MapBuilderVeilmarch:BuildInternal () (at Assets/Scripts/Editor/MapBuilderVeilmarch.cs:158)
TheWaningBorder.Core.Maps.EditorTools.MapBuilderVeilmarch:BuildAndBake () (at Assets/Scripts/Editor/MapBuilderVeilmarch.cs:194)

[Assets/Scripts/Editor/MapBuilderVeilmarch.cs line 158]

The tree SM_Env_Tree_Pine_Cluster_01 must use the Nature/Soft Occlusion shader. Otherwise billboarding/lighting will not work correctly.
UnityEngine.Debug:ExtractStackTraceNoAlloc (byte*,int,string)
UnityEngine.StackTraceUtility:ExtractStackTrace ()
UnityEngine.TerrainData:set_treePrototypes (UnityEngine.TreePrototype[])
TheWaningBorder.Core.Maps.EditorTools.MapGenKit:ScatterFlora (UnityEngine.Terrain,TheWaningBorder.Core.Maps.EditorTools.MapGenKit/FloraSpec) (at Assets/Scripts/Editor/MapGenKit.cs:423)
TheWaningBorder.Core.Maps.EditorTools.MapBuilderVeilmarch:BuildInternal () (at Assets/Scripts/Editor/MapBuilderVeilmarch.cs:158)
TheWaningBorder.Core.Maps.EditorTools.MapBuilderVeilmarch:BuildAndBake () (at Assets/Scripts/Editor/MapBuilderVeilmarch.cs:194)

[Assets/Scripts/Editor/MapBuilderVeilmarch.cs line 158]

The tree SM_Env_Tree_Pine_Cluster_02 must use the Nature/Soft Occlusion shader. Otherwise billboarding/lighting will not work correctly.
UnityEngine.Debug:ExtractStackTraceNoAlloc (byte*,int,string)
UnityEngine.StackTraceUtility:ExtractStackTrace ()
UnityEngine.TerrainData:set_treePrototypes (UnityEngine.TreePrototype[])
TheWaningBorder.Core.Maps.EditorTools.MapGenKit:ScatterFlora (UnityEngine.Terrain,TheWaningBorder.Core.Maps.EditorTools.MapGenKit/FloraSpec) (at Assets/Scripts/Editor/MapGenKit.cs:423)
TheWaningBorder.Core.Maps.EditorTools.MapBuilderVeilmarch:BuildInternal () (at Assets/Scripts/Editor/MapBuilderVeilmarch.cs:158)
TheWaningBorder.Core.Maps.EditorTools.MapBuilderVeilmarch:BuildAndBake () (at Assets/Scripts/Editor/MapBuilderVeilmarch.cs:194)

[Assets/Scripts/Editor/MapBuilderVeilmarch.cs line 158]

The tree SM_Env_Tree_Pine_Cluster_04 must use the Nature/Soft Occlusion shader. Otherwise billboarding/lighting will not work correctly.
UnityEngine.Debug:ExtractStackTraceNoAlloc (byte*,int,string)
UnityEngine.StackTraceUtility:ExtractStackTrace ()
UnityEngine.TerrainData:set_treePrototypes (UnityEngine.TreePrototype[])
TheWaningBorder.Core.Maps.EditorTools.MapGenKit:ScatterFlora (UnityEngine.Terrain,TheWaningBorder.Core.Maps.EditorTools.MapGenKit/FloraSpec) (at Assets/Scripts/Editor/MapGenKit.cs:423)
TheWaningBorder.Core.Maps.EditorTools.MapBuilderVeilmarch:BuildInternal () (at Assets/Scripts/Editor/MapBuilderVeilmarch.cs:158)
TheWaningBorder.Core.Maps.EditorTools.MapBuilderVeilmarch:BuildAndBake () (at Assets/Scripts/Editor/MapBuilderVeilmarch.cs:194)

[Assets/Scripts/Editor/MapBuilderVeilmarch.cs line 158]

The tree SM_Env_Tree_Pine_Cluster_05 must use the Nature/Soft Occlusion shader. Otherwise billboarding/lighting will not work correctly.
UnityEngine.Debug:ExtractStackTraceNoAlloc (byte*,int,string)
UnityEngine.StackTraceUtility:ExtractStackTrace ()
UnityEngine.TerrainData:set_treePrototypes (UnityEngine.TreePrototype[])
TheWaningBorder.Core.Maps.EditorTools.MapGenKit:ScatterFlora (UnityEngine.Terrain,TheWaningBorder.Core.Maps.EditorTools.MapGenKit/FloraSpec) (at Assets/Scripts/Editor/MapGenKit.cs:423)
TheWaningBorder.Core.Maps.EditorTools.MapBuilderVeilmarch:BuildInternal () (at Assets/Scripts/Editor/MapBuilderVeilmarch.cs:158)
TheWaningBorder.Core.Maps.EditorTools.MapBuilderVeilmarch:BuildAndBake () (at Assets/Scripts/Editor/MapBuilderVeilmarch.cs:194)

[Assets/Scripts/Editor/MapBuilderVeilmarch.cs line 158]

The tree SM_Env_Tree_Round_01 must use the Nature/Soft Occlusion shader. Otherwise billboarding/lighting will not work correctly.
UnityEngine.Debug:ExtractStackTraceNoAlloc (byte*,int,string)
UnityEngine.StackTraceUtility:ExtractStackTrace ()
UnityEngine.TerrainData:set_treePrototypes (UnityEngine.TreePrototype[])
TheWaningBorder.Core.Maps.EditorTools.MapGenKit:ScatterFlora (UnityEngine.Terrain,TheWaningBorder.Core.Maps.EditorTools.MapGenKit/FloraSpec) (at Assets/Scripts/Editor/MapGenKit.cs:423)
TheWaningBorder.Core.Maps.EditorTools.MapBuilderVeilmarch:BuildInternal () (at Assets/Scripts/Editor/MapBuilderVeilmarch.cs:158)
TheWaningBorder.Core.Maps.EditorTools.MapBuilderVeilmarch:BuildAndBake () (at Assets/Scripts/Editor/MapBuilderVeilmarch.cs:194)

[Assets/Scripts/Editor/MapBuilderVeilmarch.cs line 158]

The tree SM_Env_Bush_01 must use the Nature/Soft Occlusion shader. Otherwise billboarding/lighting will not work correctly.
UnityEngine.Debug:ExtractStackTraceNoAlloc (byte*,int,string)
UnityEngine.StackTraceUtility:ExtractStackTrace ()
UnityEngine.TerrainData:set_treePrototypes (UnityEngine.TreePrototype[])
TheWaningBorder.Core.Maps.EditorTools.MapGenKit:ScatterFlora (UnityEngine.Terrain,TheWaningBorder.Core.Maps.EditorTools.MapGenKit/FloraSpec) (at Assets/Scripts/Editor/MapGenKit.cs:423)
TheWaningBorder.Core.Maps.EditorTools.MapBuilderVeilmarch:BuildInternal () (at Assets/Scripts/Editor/MapBuilderVeilmarch.cs:158)
TheWaningBorder.Core.Maps.EditorTools.MapBuilderVeilmarch:BuildAndBake () (at Assets/Scripts/Editor/MapBuilderVeilmarch.cs:194)

[Assets/Scripts/Editor/MapBuilderVeilmarch.cs line 158]

The tree SM_Env_Bush_02 must use the Nature/Soft Occlusion shader. Otherwise billboarding/lighting will not work correctly.
UnityEngine.Debug:ExtractStackTraceNoAlloc (byte*,int,string)
UnityEngine.StackTraceUtility:ExtractStackTrace ()
UnityEngine.TerrainData:set_treePrototypes (UnityEngine.TreePrototype[])
TheWaningBorder.Core.Maps.EditorTools.MapGenKit:ScatterFlora (UnityEngine.Terrain,TheWaningBorder.Core.Maps.EditorTools.MapGenKit/FloraSpec) (at Assets/Scripts/Editor/MapGenKit.cs:423)
TheWaningBorder.Core.Maps.EditorTools.MapBuilderVeilmarch:BuildInternal () (at Assets/Scripts/Editor/MapBuilderVeilmarch.cs:158)
TheWaningBorder.Core.Maps.EditorTools.MapBuilderVeilmarch:BuildAndBake () (at Assets/Scripts/Editor/MapBuilderVeilmarch.cs:194)

[Assets/Scripts/Editor/MapBuilderVeilmarch.cs line 158]

The tree SM_Env_Bush_03 must use the Nature/Soft Occlusion shader. Otherwise billboarding/lighting will not work correctly.
UnityEngine.Debug:ExtractStackTraceNoAlloc (byte*,int,string)
UnityEngine.StackTraceUtility:ExtractStackTrace ()
UnityEngine.TerrainData:set_treePrototypes (UnityEngine.TreePrototype[])
TheWaningBorder.Core.Maps.EditorTools.MapGenKit:ScatterFlora (UnityEngine.Terrain,TheWaningBorder.Core.Maps.EditorTools.MapGenKit/FloraSpec) (at Assets/Scripts/Editor/MapGenKit.cs:423)
TheWaningBorder.Core.Maps.EditorTools.MapBuilderVeilmarch:BuildInternal () (at Assets/Scripts/Editor/MapBuilderVeilmarch.cs:158)
TheWaningBorder.Core.Maps.EditorTools.MapBuilderVeilmarch:BuildAndBake () (at Assets/Scripts/Editor/MapBuilderVeilmarch.cs:194)

[Assets/Scripts/Editor/MapBuilderVeilmarch.cs line 158]

The tree SM_Env_Bush_04 must use the Nature/Soft Occlusion shader. Otherwise billboarding/lighting will not work correctly.
UnityEngine.Debug:ExtractStackTraceNoAlloc (byte*,int,string)
UnityEngine.StackTraceUtility:ExtractStackTrace ()
UnityEngine.TerrainData:set_treePrototypes (UnityEngine.TreePrototype[])
TheWaningBorder.Core.Maps.EditorTools.MapGenKit:ScatterFlora (UnityEngine.Terrain,TheWaningBorder.Core.Maps.EditorTools.MapGenKit/FloraSpec) (at Assets/Scripts/Editor/MapGenKit.cs:423)
TheWaningBorder.Core.Maps.EditorTools.MapBuilderVeilmarch:BuildInternal () (at Assets/Scripts/Editor/MapBuilderVeilmarch.cs:158)
TheWaningBorder.Core.Maps.EditorTools.MapBuilderVeilmarch:BuildAndBake () (at Assets/Scripts/Editor/MapBuilderVeilmarch.cs:194)

[Assets/Scripts/Editor/MapBuilderVeilmarch.cs line 158]

The tree SM_Env_Bush_05 must use the Nature/Soft Occlusion shader. Otherwise billboarding/lighting will not work correctly.
UnityEngine.Debug:ExtractStackTraceNoAlloc (byte*,int,string)
UnityEngine.StackTraceUtility:ExtractStackTrace ()
UnityEngine.TerrainData:set_treePrototypes (UnityEngine.TreePrototype[])
TheWaningBorder.Core.Maps.EditorTools.MapGenKit:ScatterFlora (UnityEngine.Terrain,TheWaningBorder.Core.Maps.EditorTools.MapGenKit/FloraSpec) (at Assets/Scripts/Editor/MapGenKit.cs:423)
TheWaningBorder.Core.Maps.EditorTools.MapBuilderVeilmarch:BuildInternal () (at Assets/Scripts/Editor/MapBuilderVeilmarch.cs:158)
TheWaningBorder.Core.Maps.EditorTools.MapBuilderVeilmarch:BuildAndBake () (at Assets/Scripts/Editor/MapBuilderVeilmarch.cs:194)

[Assets/Scripts/Editor/MapBuilderVeilmarch.cs line 158]

The tree SM_Env_Bush_06 must use the Nature/Soft Occlusion shader. Otherwise billboarding/lighting will not work correctly.
UnityEngine.Debug:ExtractStackTraceNoAlloc (byte*,int,string)
UnityEngine.StackTraceUtility:ExtractStackTrace ()
UnityEngine.TerrainData:set_treePrototypes (UnityEngine.TreePrototype[])
TheWaningBorder.Core.Maps.EditorTools.MapGenKit:ScatterFlora (UnityEngine.Terrain,TheWaningBorder.Core.Maps.EditorTools.MapGenKit/FloraSpec) (at Assets/Scripts/Editor/MapGenKit.cs:423)
TheWaningBorder.Core.Maps.EditorTools.MapBuilderVeilmarch:BuildInternal () (at Assets/Scripts/Editor/MapBuilderVeilmarch.cs:158)
TheWaningBorder.Core.Maps.EditorTools.MapBuilderVeilmarch:BuildAndBake () (at Assets/Scripts/Editor/MapBuilderVeilmarch.cs:194)

[Assets/Scripts/Editor/MapBuilderVeilmarch.cs line 158]

The tree SM_Env_Bush_Cluster_01 must use the Nature/Soft Occlusion shader. Otherwise billboarding/lighting will not work correctly.
UnityEngine.Debug:ExtractStackTraceNoAlloc (byte*,int,string)
UnityEngine.StackTraceUtility:ExtractStackTrace ()
UnityEngine.TerrainData:set_treePrototypes (UnityEngine.TreePrototype[])
TheWaningBorder.Core.Maps.EditorTools.MapGenKit:ScatterFlora (UnityEngine.Terrain,TheWaningBorder.Core.Maps.EditorTools.MapGenKit/FloraSpec) (at Assets/Scripts/Editor/MapGenKit.cs:423)
TheWaningBorder.Core.Maps.EditorTools.MapBuilderVeilmarch:BuildInternal () (at Assets/Scripts/Editor/MapBuilderVeilmarch.cs:158)
TheWaningBorder.Core.Maps.EditorTools.MapBuilderVeilmarch:BuildAndBake () (at Assets/Scripts/Editor/MapBuilderVeilmarch.cs:194)

[Assets/Scripts/Editor/MapBuilderVeilmarch.cs line 158]

The tree SM_Env_Bush_Cluster_02 must use the Nature/Soft Occlusion shader. Otherwise billboarding/lighting will not work correctly.
UnityEngine.Debug:ExtractStackTraceNoAlloc (byte*,int,string)
UnityEngine.StackTraceUtility:ExtractStackTrace ()
UnityEngine.TerrainData:set_treePrototypes (UnityEngine.TreePrototype[])
TheWaningBorder.Core.Maps.EditorTools.MapGenKit:ScatterFlora (UnityEngine.Terrain,TheWaningBorder.Core.Maps.EditorTools.MapGenKit/FloraSpec) (at Assets/Scripts/Editor/MapGenKit.cs:423)
TheWaningBorder.Core.Maps.EditorTools.MapBuilderVeilmarch:BuildInternal () (at Assets/Scripts/Editor/MapBuilderVeilmarch.cs:158)
TheWaningBorder.Core.Maps.EditorTools.MapBuilderVeilmarch:BuildAndBake () (at Assets/Scripts/Editor/MapBuilderVeilmarch.cs:194)

[Assets/Scripts/Editor/MapBuilderVeilmarch.cs line 158]

The tree SM_Env_Bush_Cluster_03 must use the Nature/Soft Occlusion shader. Otherwise billboarding/lighting will not work correctly.
UnityEngine.Debug:ExtractStackTraceNoAlloc (byte*,int,string)
UnityEngine.StackTraceUtility:ExtractStackTrace ()
UnityEngine.TerrainData:set_treePrototypes (UnityEngine.TreePrototype[])
TheWaningBorder.Core.Maps.EditorTools.MapGenKit:ScatterFlora (UnityEngine.Terrain,TheWaningBorder.Core.Maps.EditorTools.MapGenKit/FloraSpec) (at Assets/Scripts/Editor/MapGenKit.cs:423)
TheWaningBorder.Core.Maps.EditorTools.MapBuilderVeilmarch:BuildInternal () (at Assets/Scripts/Editor/MapBuilderVeilmarch.cs:158)
TheWaningBorder.Core.Maps.EditorTools.MapBuilderVeilmarch:BuildAndBake () (at Assets/Scripts/Editor/MapBuilderVeilmarch.cs:194)

[Assets/Scripts/Editor/MapBuilderVeilmarch.cs line 158]

The tree SM_Env_Bush_Cluster_04 must use the Nature/Soft Occlusion shader. Otherwise billboarding/lighting will not work correctly.
UnityEngine.Debug:ExtractStackTraceNoAlloc (byte*,int,string)
UnityEngine.StackTraceUtility:ExtractStackTrace ()
UnityEngine.TerrainData:set_treePrototypes (UnityEngine.TreePrototype[])
TheWaningBorder.Core.Maps.EditorTools.MapGenKit:ScatterFlora (UnityEngine.Terrain,TheWaningBorder.Core.Maps.EditorTools.MapGenKit/FloraSpec) (at Assets/Scripts/Editor/MapGenKit.cs:423)
TheWaningBorder.Core.Maps.EditorTools.MapBuilderVeilmarch:BuildInternal () (at Assets/Scripts/Editor/MapBuilderVeilmarch.cs:158)
TheWaningBorder.Core.Maps.EditorTools.MapBuilderVeilmarch:BuildAndBake () (at Assets/Scripts/Editor/MapBuilderVeilmarch.cs:194)

[Assets/Scripts/Editor/MapBuilderVeilmarch.cs line 158]

The tree SM_Env_Bush_Cluster_05 must use the Nature/Soft Occlusion shader. Otherwise billboarding/lighting will not work correctly.
UnityEngine.Debug:ExtractStackTraceNoAlloc (byte*,int,string)
UnityEngine.StackTraceUtility:ExtractStackTrace ()
UnityEngine.TerrainData:set_treePrototypes (UnityEngine.TreePrototype[])
TheWaningBorder.Core.Maps.EditorTools.MapGenKit:ScatterFlora (UnityEngine.Terrain,TheWaningBorder.Core.Maps.EditorTools.MapGenKit/FloraSpec) (at Assets/Scripts/Editor/MapGenKit.cs:423)
TheWaningBorder.Core.Maps.EditorTools.MapBuilderVeilmarch:BuildInternal () (at Assets/Scripts/Editor/MapBuilderVeilmarch.cs:158)
TheWaningBorder.Core.Maps.EditorTools.MapBuilderVeilmarch:BuildAndBake () (at Assets/Scripts/Editor/MapBuilderVeilmarch.cs:194)

[Assets/Scripts/Editor/MapBuilderVeilmarch.cs line 158]

The tree SM_Env_Bush_Cluster_06 must use the Nature/Soft Occlusion shader. Otherwise billboarding/lighting will not work correctly.
UnityEngine.Debug:ExtractStackTraceNoAlloc (byte*,int,string)
UnityEngine.StackTraceUtility:ExtractStackTrace ()
UnityEngine.TerrainData:set_treePrototypes (UnityEngine.TreePrototype[])
TheWaningBorder.Core.Maps.EditorTools.MapGenKit:ScatterFlora (UnityEngine.Terrain,TheWaningBorder.Core.Maps.EditorTools.MapGenKit/FloraSpec) (at Assets/Scripts/Editor/MapGenKit.cs:423)
TheWaningBorder.Core.Maps.EditorTools.MapBuilderVeilmarch:BuildInternal () (at Assets/Scripts/Editor/MapBuilderVeilmarch.cs:158)
TheWaningBorder.Core.Maps.EditorTools.MapBuilderVeilmarch:BuildAndBake () (at Assets/Scripts/Editor/MapBuilderVeilmarch.cs:194)

[Assets/Scripts/Editor/MapBuilderVeilmarch.cs line 158]

[MapGenKit] NoWalk painted under 6893 prop cells (layer 3).
UnityEngine.Debug:ExtractStackTraceNoAlloc (byte*,int,string)
UnityEngine.StackTraceUtility:ExtractStackTrace ()
UnityEngine.DebugLogHandler:Internal_Log (UnityEngine.LogType,UnityEngine.LogOption,string,UnityEngine.Object)
UnityEngine.DebugLogHandler:LogFormat (UnityEngine.LogType,UnityEngine.Object,string,object[])
UnityEngine.Logger:Log (UnityEngine.LogType,object)
UnityEngine.Debug:Log (object)
TheWaningBorder.Core.Maps.EditorTools.MapGenKit:PaintNoWalkAtCells (UnityEngine.TerrainData,TheWaningBorder.Core.Maps.EditorTools.MapGenKit/FloraSpec,System.Collections.Generic.HashSet`1<System.ValueTuple`2<int, int>>) (at Assets/Scripts/Editor/MapGenKit.cs:537)
TheWaningBorder.Core.Maps.EditorTools.MapGenKit:ScatterFlora (UnityEngine.Terrain,TheWaningBorder.Core.Maps.EditorTools.MapGenKit/FloraSpec) (at Assets/Scripts/Editor/MapGenKit.cs:433)
TheWaningBorder.Core.Maps.EditorTools.MapBuilderVeilmarch:BuildInternal () (at Assets/Scripts/Editor/MapBuilderVeilmarch.cs:158)
TheWaningBorder.Core.Maps.EditorTools.MapBuilderVeilmarch:BuildAndBake () (at Assets/Scripts/Editor/MapBuilderVeilmarch.cs:194)

(Filename: Assets/Scripts/Editor/MapGenKit.cs Line: 537)

Start importing Assets/GameData/Scenes/Maps/Veilmarch/GrassBlades.png using Guid(16163cfc9c3ad66479ae8e9bed12504e) (TextureImporter) -> (artifact id: '325a130e36cda1412a32ba0988f5a51e') in 0.013581 seconds
Refreshing native plugins compatible for Editor in 12.62 ms, found 6 plugins.
Preloading 1 native plugins for Editor in 0.12 ms.
Asset Pipeline Refresh (id=d612749b7f2d94345a9eee166569bf68): Total: 0.117 seconds - Initiated by StopAssetImportingV2(NoUpdateAssetOptions)
Start importing Assets/GameData/Scenes/Maps/Veilmarch/GrassBlades.png using Guid(16163cfc9c3ad66479ae8e9bed12504e) (TextureImporter) -> (artifact id: '325a130e36cda1412a32ba0988f5a51e') in 0.0080035 seconds
Refreshing native plugins compatible for Editor in 11.03 ms, found 6 plugins.
Preloading 1 native plugins for Editor in 0.11 ms.
Asset Pipeline Refresh (id=cd181dc3ddb462c44b07577c56995032): Total: 0.115 seconds - Initiated by StopAssetImportingV2(NoUpdateAssetOptions)
[Veilmarch] AREA AUDIT: home avg 6,6 ha, small avg 2,7 ha, ratio 2,41 (design: 3 small = 1 large).
UnityEngine.Debug:ExtractStackTraceNoAlloc (byte*,int,string)
UnityEngine.StackTraceUtility:ExtractStackTrace ()
UnityEngine.DebugLogHandler:Internal_Log (UnityEngine.LogType,UnityEngine.LogOption,string,UnityEngine.Object)
UnityEngine.DebugLogHandler:LogFormat (UnityEngine.LogType,UnityEngine.Object,string,object[])
UnityEngine.Logger:Log (UnityEngine.LogType,object)
UnityEngine.Debug:Log (object)
TheWaningBorder.Core.Maps.EditorTools.MapBuilderVeilmarch:ValidateRegionAreas () (at Assets/Scripts/Editor/MapBuilderVeilmarch.cs:767)
TheWaningBorder.Core.Maps.EditorTools.MapBuilderVeilmarch:BuildInternal () (at Assets/Scripts/Editor/MapBuilderVeilmarch.cs:172)
TheWaningBorder.Core.Maps.EditorTools.MapBuilderVeilmarch:BuildAndBake () (at Assets/Scripts/Editor/MapBuilderVeilmarch.cs:194)

(Filename: Assets/Scripts/Editor/MapBuilderVeilmarch.cs Line: 767)

Start importing Assets/GameData/Scenes/Maps/Veilmarch/Veilmarch TerrainData.asset using Guid(03029c108f35b6f43bc7306cb92744f3) (NativeFormatImporter) -> (artifact id: '1a8f6c2095ba066659e0152bef84b32a') in 0.007036 seconds
The tree SM_Env_Big_Tree_01 must use the Nature/Soft Occlusion shader. Otherwise billboarding/lighting will not work correctly.
UnityEngine.Debug:ExtractStackTraceNoAlloc (byte*,int,string)
UnityEngine.StackTraceUtility:ExtractStackTrace ()
UnityEditor.SceneManagement.EditorSceneManager:SaveSceneInternal (UnityEngine.SceneManagement.Scene,string,bool)
UnityEditor.SceneManagement.EditorSceneManager:SaveScene (UnityEngine.SceneManagement.Scene,string,bool)
UnityEditor.SceneManagement.EditorSceneManager:SaveScene (UnityEngine.SceneManagement.Scene,string)
TheWaningBorder.Core.Maps.EditorTools.MapBuilderVeilmarch:BuildInternal () (at Assets/Scripts/Editor/MapBuilderVeilmarch.cs:175)
TheWaningBorder.Core.Maps.EditorTools.MapBuilderVeilmarch:BuildAndBake () (at Assets/Scripts/Editor/MapBuilderVeilmarch.cs:194)

[Assets/Scripts/Editor/MapBuilderVeilmarch.cs line 175]

The tree SM_Env_Tree_Burnt_01 must use the Nature/Soft Occlusion shader. Otherwise billboarding/lighting will not work correctly.
UnityEngine.Debug:ExtractStackTraceNoAlloc (byte*,int,string)
UnityEngine.StackTraceUtility:ExtractStackTrace ()
UnityEditor.SceneManagement.EditorSceneManager:SaveSceneInternal (UnityEngine.SceneManagement.Scene,string,bool)
UnityEditor.SceneManagement.EditorSceneManager:SaveScene (UnityEngine.SceneManagement.Scene,string,bool)
UnityEditor.SceneManagement.EditorSceneManager:SaveScene (UnityEngine.SceneManagement.Scene,string)
TheWaningBorder.Core.Maps.EditorTools.MapBuilderVeilmarch:BuildInternal () (at Assets/Scripts/Editor/MapBuilderVeilmarch.cs:175)
TheWaningBorder.Core.Maps.EditorTools.MapBuilderVeilmarch:BuildAndBake () (at Assets/Scripts/Editor/MapBuilderVeilmarch.cs:194)

[Assets/Scripts/Editor/MapBuilderVeilmarch.cs line 175]

The tree SM_Env_Tree_Burnt_02 must use the Nature/Soft Occlusion shader. Otherwise billboarding/lighting will not work correctly.
UnityEngine.Debug:ExtractStackTraceNoAlloc (byte*,int,string)
UnityEngine.StackTraceUtility:ExtractStackTrace ()
UnityEditor.SceneManagement.EditorSceneManager:SaveSceneInternal (UnityEngine.SceneManagement.Scene,string,bool)
UnityEditor.SceneManagement.EditorSceneManager:SaveScene (UnityEngine.SceneManagement.Scene,string,bool)
UnityEditor.SceneManagement.EditorSceneManager:SaveScene (UnityEngine.SceneManagement.Scene,string)
TheWaningBorder.Core.Maps.EditorTools.MapBuilderVeilmarch:BuildInternal () (at Assets/Scripts/Editor/MapBuilderVeilmarch.cs:175)
TheWaningBorder.Core.Maps.EditorTools.MapBuilderVeilmarch:BuildAndBake () (at Assets/Scripts/Editor/MapBuilderVeilmarch.cs:194)

[Assets/Scripts/Editor/MapBuilderVeilmarch.cs line 175]

The tree SM_Env_Tree_Dead_01 must use the Nature/Soft Occlusion shader. Otherwise billboarding/lighting will not work correctly.
UnityEngine.Debug:ExtractStackTraceNoAlloc (byte*,int,string)
UnityEngine.StackTraceUtility:ExtractStackTrace ()
UnityEditor.SceneManagement.EditorSceneManager:SaveSceneInternal (UnityEngine.SceneManagement.Scene,string,bool)
UnityEditor.SceneManagement.EditorSceneManager:SaveScene (UnityEngine.SceneManagement.Scene,string,bool)
UnityEditor.SceneManagement.EditorSceneManager:SaveScene (UnityEngine.SceneManagement.Scene,string)
TheWaningBorder.Core.Maps.EditorTools.MapBuilderVeilmarch:BuildInternal () (at Assets/Scripts/Editor/MapBuilderVeilmarch.cs:175)
TheWaningBorder.Core.Maps.EditorTools.MapBuilderVeilmarch:BuildAndBake () (at Assets/Scripts/Editor/MapBuilderVeilmarch.cs:194)

[Assets/Scripts/Editor/MapBuilderVeilmarch.cs line 175]

The tree SM_Env_Tree_Dead_02 must use the Nature/Soft Occlusion shader. Otherwise billboarding/lighting will not work correctly.
UnityEngine.Debug:ExtractStackTraceNoAlloc (byte*,int,string)
UnityEngine.StackTraceUtility:ExtractStackTrace ()
UnityEditor.SceneManagement.EditorSceneManager:SaveSceneInternal (UnityEngine.SceneManagement.Scene,string,bool)
UnityEditor.SceneManagement.EditorSceneManager:SaveScene (UnityEngine.SceneManagement.Scene,string,bool)
UnityEditor.SceneManagement.EditorSceneManager:SaveScene (UnityEngine.SceneManagement.Scene,string)
TheWaningBorder.Core.Maps.EditorTools.MapBuilderVeilmarch:BuildInternal () (at Assets/Scripts/Editor/MapBuilderVeilmarch.cs:175)
TheWaningBorder.Core.Maps.EditorTools.MapBuilderVeilmarch:BuildAndBake () (at Assets/Scripts/Editor/MapBuilderVeilmarch.cs:194)

[Assets/Scripts/Editor/MapBuilderVeilmarch.cs line 175]

The tree SM_Env_Tree_Dead_03 must use the Nature/Soft Occlusion shader. Otherwise billboarding/lighting will not work correctly.
UnityEngine.Debug:ExtractStackTraceNoAlloc (byte*,int,string)
UnityEngine.StackTraceUtility:ExtractStackTrace ()
UnityEditor.SceneManagement.EditorSceneManager:SaveSceneInternal (UnityEngine.SceneManagement.Scene,string,bool)
UnityEditor.SceneManagement.EditorSceneManager:SaveScene (UnityEngine.SceneManagement.Scene,string,bool)
UnityEditor.SceneManagement.EditorSceneManager:SaveScene (UnityEngine.SceneManagement.Scene,string)
TheWaningBorder.Core.Maps.EditorTools.MapBuilderVeilmarch:BuildInternal () (at Assets/Scripts/Editor/MapBuilderVeilmarch.cs:175)
TheWaningBorder.Core.Maps.EditorTools.MapBuilderVeilmarch:BuildAndBake () (at Assets/Scripts/Editor/MapBuilderVeilmarch.cs:194)

[Assets/Scripts/Editor/MapBuilderVeilmarch.cs line 175]

The tree SM_Env_Tree_Dead_04 must use the Nature/Soft Occlusion shader. Otherwise billboarding/lighting will not work correctly.
UnityEngine.Debug:ExtractStackTraceNoAlloc (byte*,int,string)
UnityEngine.StackTraceUtility:ExtractStackTrace ()
UnityEditor.SceneManagement.EditorSceneManager:SaveSceneInternal (UnityEngine.SceneManagement.Scene,string,bool)
UnityEditor.SceneManagement.EditorSceneManager:SaveScene (UnityEngine.SceneManagement.Scene,string,bool)
UnityEditor.SceneManagement.EditorSceneManager:SaveScene (UnityEngine.SceneManagement.Scene,string)
TheWaningBorder.Core.Maps.EditorTools.MapBuilderVeilmarch:BuildInternal () (at Assets/Scripts/Editor/MapBuilderVeilmarch.cs:175)
TheWaningBorder.Core.Maps.EditorTools.MapBuilderVeilmarch:BuildAndBake () (at Assets/Scripts/Editor/MapBuilderVeilmarch.cs:194)

[Assets/Scripts/Editor/MapBuilderVeilmarch.cs line 175]

The tree SM_Env_Tree_Large_01 must use the Nature/Soft Occlusion shader. Otherwise billboarding/lighting will not work correctly.
UnityEngine.Debug:ExtractStackTraceNoAlloc (byte*,int,string)
UnityEngine.StackTraceUtility:ExtractStackTrace ()
UnityEditor.SceneManagement.EditorSceneManager:SaveSceneInternal (UnityEngine.SceneManagement.Scene,string,bool)
UnityEditor.SceneManagement.EditorSceneManager:SaveScene (UnityEngine.SceneManagement.Scene,string,bool)
UnityEditor.SceneManagement.EditorSceneManager:SaveScene (UnityEngine.SceneManagement.Scene,string)
TheWaningBorder.Core.Maps.EditorTools.MapBuilderVeilmarch:BuildInternal () (at Assets/Scripts/Editor/MapBuilderVeilmarch.cs:175)
TheWaningBorder.Core.Maps.EditorTools.MapBuilderVeilmarch:BuildAndBake () (at Assets/Scripts/Editor/MapBuilderVeilmarch.cs:194)

[Assets/Scripts/Editor/MapBuilderVeilmarch.cs line 175]

The tree SM_Env_Tree_Large_02 must use the Nature/Soft Occlusion shader. Otherwise billboarding/lighting will not work correctly.
UnityEngine.Debug:ExtractStackTraceNoAlloc (byte*,int,string)
UnityEngine.StackTraceUtility:ExtractStackTrace ()
UnityEditor.SceneManagement.EditorSceneManager:SaveSceneInternal (UnityEngine.SceneManagement.Scene,string,bool)
UnityEditor.SceneManagement.EditorSceneManager:SaveScene (UnityEngine.SceneManagement.Scene,string,bool)
UnityEditor.SceneManagement.EditorSceneManager:SaveScene (UnityEngine.SceneManagement.Scene,string)
TheWaningBorder.Core.Maps.EditorTools.MapBuilderVeilmarch:BuildInternal () (at Assets/Scripts/Editor/MapBuilderVeilmarch.cs:175)
TheWaningBorder.Core.Maps.EditorTools.MapBuilderVeilmarch:BuildAndBake () (at Assets/Scripts/Editor/MapBuilderVeilmarch.cs:194)

[Assets/Scripts/Editor/MapBuilderVeilmarch.cs line 175]

The tree SM_Env_Tree_Pine_Cluster_01 must use the Nature/Soft Occlusion shader. Otherwise billboarding/lighting will not work correctly.
UnityEngine.Debug:ExtractStackTraceNoAlloc (byte*,int,string)
UnityEngine.StackTraceUtility:ExtractStackTrace ()
UnityEditor.SceneManagement.EditorSceneManager:SaveSceneInternal (UnityEngine.SceneManagement.Scene,string,bool)
UnityEditor.SceneManagement.EditorSceneManager:SaveScene (UnityEngine.SceneManagement.Scene,string,bool)
UnityEditor.SceneManagement.EditorSceneManager:SaveScene (UnityEngine.SceneManagement.Scene,string)
TheWaningBorder.Core.Maps.EditorTools.MapBuilderVeilmarch:BuildInternal () (at Assets/Scripts/Editor/MapBuilderVeilmarch.cs:175)
TheWaningBorder.Core.Maps.EditorTools.MapBuilderVeilmarch:BuildAndBake () (at Assets/Scripts/Editor/MapBuilderVeilmarch.cs:194)

[Assets/Scripts/Editor/MapBuilderVeilmarch.cs line 175]

The tree SM_Env_Tree_Pine_Cluster_02 must use the Nature/Soft Occlusion shader. Otherwise billboarding/lighting will not work correctly.
UnityEngine.Debug:ExtractStackTraceNoAlloc (byte*,int,string)
UnityEngine.StackTraceUtility:ExtractStackTrace ()
UnityEditor.SceneManagement.EditorSceneManager:SaveSceneInternal (UnityEngine.SceneManagement.Scene,string,bool)
UnityEditor.SceneManagement.EditorSceneManager:SaveScene (UnityEngine.SceneManagement.Scene,string,bool)
UnityEditor.SceneManagement.EditorSceneManager:SaveScene (UnityEngine.SceneManagement.Scene,string)
TheWaningBorder.Core.Maps.EditorTools.MapBuilderVeilmarch:BuildInternal () (at Assets/Scripts/Editor/MapBuilderVeilmarch.cs:175)
TheWaningBorder.Core.Maps.EditorTools.MapBuilderVeilmarch:BuildAndBake () (at Assets/Scripts/Editor/MapBuilderVeilmarch.cs:194)

[Assets/Scripts/Editor/MapBuilderVeilmarch.cs line 175]

The tree SM_Env_Tree_Pine_Cluster_04 must use the Nature/Soft Occlusion shader. Otherwise billboarding/lighting will not work correctly.
UnityEngine.Debug:ExtractStackTraceNoAlloc (byte*,int,string)
UnityEngine.StackTraceUtility:ExtractStackTrace ()
UnityEditor.SceneManagement.EditorSceneManager:SaveSceneInternal (UnityEngine.SceneManagement.Scene,string,bool)
UnityEditor.SceneManagement.EditorSceneManager:SaveScene (UnityEngine.SceneManagement.Scene,string,bool)
UnityEditor.SceneManagement.EditorSceneManager:SaveScene (UnityEngine.SceneManagement.Scene,string)
TheWaningBorder.Core.Maps.EditorTools.MapBuilderVeilmarch:BuildInternal () (at Assets/Scripts/Editor/MapBuilderVeilmarch.cs:175)
TheWaningBorder.Core.Maps.EditorTools.MapBuilderVeilmarch:BuildAndBake () (at Assets/Scripts/Editor/MapBuilderVeilmarch.cs:194)

[Assets/Scripts/Editor/MapBuilderVeilmarch.cs line 175]

The tree SM_Env_Tree_Pine_Cluster_05 must use the Nature/Soft Occlusion shader. Otherwise billboarding/lighting will not work correctly.
UnityEngine.Debug:ExtractStackTraceNoAlloc (byte*,int,string)
UnityEngine.StackTraceUtility:ExtractStackTrace ()
UnityEditor.SceneManagement.EditorSceneManager:SaveSceneInternal (UnityEngine.SceneManagement.Scene,string,bool)
UnityEditor.SceneManagement.EditorSceneManager:SaveScene (UnityEngine.SceneManagement.Scene,string,bool)
UnityEditor.SceneManagement.EditorSceneManager:SaveScene (UnityEngine.SceneManagement.Scene,string)
TheWaningBorder.Core.Maps.EditorTools.MapBuilderVeilmarch:BuildInternal () (at Assets/Scripts/Editor/MapBuilderVeilmarch.cs:175)
TheWaningBorder.Core.Maps.EditorTools.MapBuilderVeilmarch:BuildAndBake () (at Assets/Scripts/Editor/MapBuilderVeilmarch.cs:194)

[Assets/Scripts/Editor/MapBuilderVeilmarch.cs line 175]

The tree SM_Env_Tree_Round_01 must use the Nature/Soft Occlusion shader. Otherwise billboarding/lighting will not work correctly.
UnityEngine.Debug:ExtractStackTraceNoAlloc (byte*,int,string)
UnityEngine.StackTraceUtility:ExtractStackTrace ()
UnityEditor.SceneManagement.EditorSceneManager:SaveSceneInternal (UnityEngine.SceneManagement.Scene,string,bool)
UnityEditor.SceneManagement.EditorSceneManager:SaveScene (UnityEngine.SceneManagement.Scene,string,bool)
UnityEditor.SceneManagement.EditorSceneManager:SaveScene (UnityEngine.SceneManagement.Scene,string)
TheWaningBorder.Core.Maps.EditorTools.MapBuilderVeilmarch:BuildInternal () (at Assets/Scripts/Editor/MapBuilderVeilmarch.cs:175)
TheWaningBorder.Core.Maps.EditorTools.MapBuilderVeilmarch:BuildAndBake () (at Assets/Scripts/Editor/MapBuilderVeilmarch.cs:194)

[Assets/Scripts/Editor/MapBuilderVeilmarch.cs line 175]

The tree SM_Env_Bush_01 must use the Nature/Soft Occlusion shader. Otherwise billboarding/lighting will not work correctly.
UnityEngine.Debug:ExtractStackTraceNoAlloc (byte*,int,string)
UnityEngine.StackTraceUtility:ExtractStackTrace ()
UnityEditor.SceneManagement.EditorSceneManager:SaveSceneInternal (UnityEngine.SceneManagement.Scene,string,bool)
UnityEditor.SceneManagement.EditorSceneManager:SaveScene (UnityEngine.SceneManagement.Scene,string,bool)
UnityEditor.SceneManagement.EditorSceneManager:SaveScene (UnityEngine.SceneManagement.Scene,string)
TheWaningBorder.Core.Maps.EditorTools.MapBuilderVeilmarch:BuildInternal () (at Assets/Scripts/Editor/MapBuilderVeilmarch.cs:175)
TheWaningBorder.Core.Maps.EditorTools.MapBuilderVeilmarch:BuildAndBake () (at Assets/Scripts/Editor/MapBuilderVeilmarch.cs:194)

[Assets/Scripts/Editor/MapBuilderVeilmarch.cs line 175]

The tree SM_Env_Bush_02 must use the Nature/Soft Occlusion shader. Otherwise billboarding/lighting will not work correctly.
UnityEngine.Debug:ExtractStackTraceNoAlloc (byte*,int,string)
UnityEngine.StackTraceUtility:ExtractStackTrace ()
UnityEditor.SceneManagement.EditorSceneManager:SaveSceneInternal (UnityEngine.SceneManagement.Scene,string,bool)
UnityEditor.SceneManagement.EditorSceneManager:SaveScene (UnityEngine.SceneManagement.Scene,string,bool)
UnityEditor.SceneManagement.EditorSceneManager:SaveScene (UnityEngine.SceneManagement.Scene,string)
TheWaningBorder.Core.Maps.EditorTools.MapBuilderVeilmarch:BuildInternal () (at Assets/Scripts/Editor/MapBuilderVeilmarch.cs:175)
TheWaningBorder.Core.Maps.EditorTools.MapBuilderVeilmarch:BuildAndBake () (at Assets/Scripts/Editor/MapBuilderVeilmarch.cs:194)

[Assets/Scripts/Editor/MapBuilderVeilmarch.cs line 175]

The tree SM_Env_Bush_03 must use the Nature/Soft Occlusion shader. Otherwise billboarding/lighting will not work correctly.
UnityEngine.Debug:ExtractStackTraceNoAlloc (byte*,int,string)
UnityEngine.StackTraceUtility:ExtractStackTrace ()
UnityEditor.SceneManagement.EditorSceneManager:SaveSceneInternal (UnityEngine.SceneManagement.Scene,string,bool)
UnityEditor.SceneManagement.EditorSceneManager:SaveScene (UnityEngine.SceneManagement.Scene,string,bool)
UnityEditor.SceneManagement.EditorSceneManager:SaveScene (UnityEngine.SceneManagement.Scene,string)
TheWaningBorder.Core.Maps.EditorTools.MapBuilderVeilmarch:BuildInternal () (at Assets/Scripts/Editor/MapBuilderVeilmarch.cs:175)
TheWaningBorder.Core.Maps.EditorTools.MapBuilderVeilmarch:BuildAndBake () (at Assets/Scripts/Editor/MapBuilderVeilmarch.cs:194)

[Assets/Scripts/Editor/MapBuilderVeilmarch.cs line 175]

The tree SM_Env_Bush_04 must use the Nature/Soft Occlusion shader. Otherwise billboarding/lighting will not work correctly.
UnityEngine.Debug:ExtractStackTraceNoAlloc (byte*,int,string)
UnityEngine.StackTraceUtility:ExtractStackTrace ()
UnityEditor.SceneManagement.EditorSceneManager:SaveSceneInternal (UnityEngine.SceneManagement.Scene,string,bool)
UnityEditor.SceneManagement.EditorSceneManager:SaveScene (UnityEngine.SceneManagement.Scene,string,bool)
UnityEditor.SceneManagement.EditorSceneManager:SaveScene (UnityEngine.SceneManagement.Scene,string)
TheWaningBorder.Core.Maps.EditorTools.MapBuilderVeilmarch:BuildInternal () (at Assets/Scripts/Editor/MapBuilderVeilmarch.cs:175)
TheWaningBorder.Core.Maps.EditorTools.MapBuilderVeilmarch:BuildAndBake () (at Assets/Scripts/Editor/MapBuilderVeilmarch.cs:194)

[Assets/Scripts/Editor/MapBuilderVeilmarch.cs line 175]

The tree SM_Env_Bush_05 must use the Nature/Soft Occlusion shader. Otherwise billboarding/lighting will not work correctly.
UnityEngine.Debug:ExtractStackTraceNoAlloc (byte*,int,string)
UnityEngine.StackTraceUtility:ExtractStackTrace ()
UnityEditor.SceneManagement.EditorSceneManager:SaveSceneInternal (UnityEngine.SceneManagement.Scene,string,bool)
UnityEditor.SceneManagement.EditorSceneManager:SaveScene (UnityEngine.SceneManagement.Scene,string,bool)
UnityEditor.SceneManagement.EditorSceneManager:SaveScene (UnityEngine.SceneManagement.Scene,string)
TheWaningBorder.Core.Maps.EditorTools.MapBuilderVeilmarch:BuildInternal () (at Assets/Scripts/Editor/MapBuilderVeilmarch.cs:175)
TheWaningBorder.Core.Maps.EditorTools.MapBuilderVeilmarch:BuildAndBake () (at Assets/Scripts/Editor/MapBuilderVeilmarch.cs:194)

[Assets/Scripts/Editor/MapBuilderVeilmarch.cs line 175]

The tree SM_Env_Bush_06 must use the Nature/Soft Occlusion shader. Otherwise billboarding/lighting will not work correctly.
UnityEngine.Debug:ExtractStackTraceNoAlloc (byte*,int,string)
UnityEngine.StackTraceUtility:ExtractStackTrace ()
UnityEditor.SceneManagement.EditorSceneManager:SaveSceneInternal (UnityEngine.SceneManagement.Scene,string,bool)
UnityEditor.SceneManagement.EditorSceneManager:SaveScene (UnityEngine.SceneManagement.Scene,string,bool)
UnityEditor.SceneManagement.EditorSceneManager:SaveScene (UnityEngine.SceneManagement.Scene,string)
TheWaningBorder.Core.Maps.EditorTools.MapBuilderVeilmarch:BuildInternal () (at Assets/Scripts/Editor/MapBuilderVeilmarch.cs:175)
TheWaningBorder.Core.Maps.EditorTools.MapBuilderVeilmarch:BuildAndBake () (at Assets/Scripts/Editor/MapBuilderVeilmarch.cs:194)

[Assets/Scripts/Editor/MapBuilderVeilmarch.cs line 175]

The tree SM_Env_Bush_Cluster_01 must use the Nature/Soft Occlusion shader. Otherwise billboarding/lighting will not work correctly.
UnityEngine.Debug:ExtractStackTraceNoAlloc (byte*,int,string)
UnityEngine.StackTraceUtility:ExtractStackTrace ()
UnityEditor.SceneManagement.EditorSceneManager:SaveSceneInternal (UnityEngine.SceneManagement.Scene,string,bool)
UnityEditor.SceneManagement.EditorSceneManager:SaveScene (UnityEngine.SceneManagement.Scene,string,bool)
UnityEditor.SceneManagement.EditorSceneManager:SaveScene (UnityEngine.SceneManagement.Scene,string)
TheWaningBorder.Core.Maps.EditorTools.MapBuilderVeilmarch:BuildInternal () (at Assets/Scripts/Editor/MapBuilderVeilmarch.cs:175)
TheWaningBorder.Core.Maps.EditorTools.MapBuilderVeilmarch:BuildAndBake () (at Assets/Scripts/Editor/MapBuilderVeilmarch.cs:194)

[Assets/Scripts/Editor/MapBuilderVeilmarch.cs line 175]

The tree SM_Env_Bush_Cluster_02 must use the Nature/Soft Occlusion shader. Otherwise billboarding/lighting will not work correctly.
UnityEngine.Debug:ExtractStackTraceNoAlloc (byte*,int,string)
UnityEngine.StackTraceUtility:ExtractStackTrace ()
UnityEditor.SceneManagement.EditorSceneManager:SaveSceneInternal (UnityEngine.SceneManagement.Scene,string,bool)
UnityEditor.SceneManagement.EditorSceneManager:SaveScene (UnityEngine.SceneManagement.Scene,string,bool)
UnityEditor.SceneManagement.EditorSceneManager:SaveScene (UnityEngine.SceneManagement.Scene,string)
TheWaningBorder.Core.Maps.EditorTools.MapBuilderVeilmarch:BuildInternal () (at Assets/Scripts/Editor/MapBuilderVeilmarch.cs:175)
TheWaningBorder.Core.Maps.EditorTools.MapBuilderVeilmarch:BuildAndBake () (at Assets/Scripts/Editor/MapBuilderVeilmarch.cs:194)

[Assets/Scripts/Editor/MapBuilderVeilmarch.cs line 175]

The tree SM_Env_Bush_Cluster_03 must use the Nature/Soft Occlusion shader. Otherwise billboarding/lighting will not work correctly.
UnityEngine.Debug:ExtractStackTraceNoAlloc (byte*,int,string)
UnityEngine.StackTraceUtility:ExtractStackTrace ()
UnityEditor.SceneManagement.EditorSceneManager:SaveSceneInternal (UnityEngine.SceneManagement.Scene,string,bool)
UnityEditor.SceneManagement.EditorSceneManager:SaveScene (UnityEngine.SceneManagement.Scene,string,bool)
UnityEditor.SceneManagement.EditorSceneManager:SaveScene (UnityEngine.SceneManagement.Scene,string)
TheWaningBorder.Core.Maps.EditorTools.MapBuilderVeilmarch:BuildInternal () (at Assets/Scripts/Editor/MapBuilderVeilmarch.cs:175)
TheWaningBorder.Core.Maps.EditorTools.MapBuilderVeilmarch:BuildAndBake () (at Assets/Scripts/Editor/MapBuilderVeilmarch.cs:194)

[Assets/Scripts/Editor/MapBuilderVeilmarch.cs line 175]

The tree SM_Env_Bush_Cluster_04 must use the Nature/Soft Occlusion shader. Otherwise billboarding/lighting will not work correctly.
UnityEngine.Debug:ExtractStackTraceNoAlloc (byte*,int,string)
UnityEngine.StackTraceUtility:ExtractStackTrace ()
UnityEditor.SceneManagement.EditorSceneManager:SaveSceneInternal (UnityEngine.SceneManagement.Scene,string,bool)
UnityEditor.SceneManagement.EditorSceneManager:SaveScene (UnityEngine.SceneManagement.Scene,string,bool)
UnityEditor.SceneManagement.EditorSceneManager:SaveScene (UnityEngine.SceneManagement.Scene,string)
TheWaningBorder.Core.Maps.EditorTools.MapBuilderVeilmarch:BuildInternal () (at Assets/Scripts/Editor/MapBuilderVeilmarch.cs:175)
TheWaningBorder.Core.Maps.EditorTools.MapBuilderVeilmarch:BuildAndBake () (at Assets/Scripts/Editor/MapBuilderVeilmarch.cs:194)

[Assets/Scripts/Editor/MapBuilderVeilmarch.cs line 175]

The tree SM_Env_Bush_Cluster_05 must use the Nature/Soft Occlusion shader. Otherwise billboarding/lighting will not work correctly.
UnityEngine.Debug:ExtractStackTraceNoAlloc (byte*,int,string)
UnityEngine.StackTraceUtility:ExtractStackTrace ()
UnityEditor.SceneManagement.EditorSceneManager:SaveSceneInternal (UnityEngine.SceneManagement.Scene,string,bool)
UnityEditor.SceneManagement.EditorSceneManager:SaveScene (UnityEngine.SceneManagement.Scene,string,bool)
UnityEditor.SceneManagement.EditorSceneManager:SaveScene (UnityEngine.SceneManagement.Scene,string)
TheWaningBorder.Core.Maps.EditorTools.MapBuilderVeilmarch:BuildInternal () (at Assets/Scripts/Editor/MapBuilderVeilmarch.cs:175)
TheWaningBorder.Core.Maps.EditorTools.MapBuilderVeilmarch:BuildAndBake () (at Assets/Scripts/Editor/MapBuilderVeilmarch.cs:194)

[Assets/Scripts/Editor/MapBuilderVeilmarch.cs line 175]

The tree SM_Env_Bush_Cluster_06 must use the Nature/Soft Occlusion shader. Otherwise billboarding/lighting will not work correctly.
UnityEngine.Debug:ExtractStackTraceNoAlloc (byte*,int,string)
UnityEngine.StackTraceUtility:ExtractStackTrace ()
UnityEditor.SceneManagement.EditorSceneManager:SaveSceneInternal (UnityEngine.SceneManagement.Scene,string,bool)
UnityEditor.SceneManagement.EditorSceneManager:SaveScene (UnityEngine.SceneManagement.Scene,string,bool)
UnityEditor.SceneManagement.EditorSceneManager:SaveScene (UnityEngine.SceneManagement.Scene,string)
TheWaningBorder.Core.Maps.EditorTools.MapBuilderVeilmarch:BuildInternal () (at Assets/Scripts/Editor/MapBuilderVeilmarch.cs:175)
TheWaningBorder.Core.Maps.EditorTools.MapBuilderVeilmarch:BuildAndBake () (at Assets/Scripts/Editor/MapBuilderVeilmarch.cs:194)

[Assets/Scripts/Editor/MapBuilderVeilmarch.cs line 175]

Refreshing native plugins compatible for Editor in 12.00 ms, found 6 plugins.
Preloading 1 native plugins for Editor in 0.12 ms.
Asset Pipeline Refresh (id=0e71d94e38088154695022e63d3894fb): Total: 0.204 seconds - Initiated by StopAssetImportingV2(NoUpdateAssetOptions)
Start importing Assets/GameData/Scenes/Maps/Veilmarch/Veilmarch.unity using Guid(f9443d077c71c1749b56d8ad759e0222) (DefaultImporter) -> (artifact id: 'e142d387ab7286aee027b5c8a7bd4bae') in 0.0021751 seconds
Refreshing native plugins compatible for Editor in 9.87 ms, found 6 plugins.
Preloading 1 native plugins for Editor in 0.12 ms.
Asset Pipeline Refresh (id=8a432f1b5930799438ccb6f1e2217194): Total: 0.130 seconds - Initiated by StopAssetImportingV2(NoUpdateAssetOptions)
Asset Pipeline Refresh (id=b76e7fd0e94869f4badbfa6b9156f17b): Total: 0.022 seconds - Initiated by RefreshV2(NoUpdateAssetOptions)
[Veilmarch] LOBBY READY: "Veilmarch"
  scene             Assets/GameData/Scenes/Maps/Veilmarch/Veilmarch.unity
  in Build Settings True
  passes ship gate  True
  MapInfo asset     yes
  player count      4
  thumbnail         yes
  lobby slot image  yes
The skirmish dropdown reads Build Settings at runtime, so the entry appears the next time the menu scene loads.
UnityEngine.Debug:ExtractStackTraceNoAlloc (byte*,int,string)
UnityEngine.StackTraceUtility:ExtractStackTrace ()
UnityEngine.DebugLogHandler:Internal_Log (UnityEngine.LogType,UnityEngine.LogOption,string,UnityEngine.Object)
UnityEngine.DebugLogHandler:LogFormat (UnityEngine.LogType,UnityEngine.Object,string,object[])
UnityEngine.Logger:Log (UnityEngine.LogType,object)
UnityEngine.Debug:Log (object)
TheWaningBorder.Core.Maps.EditorTools.MapGenKit:ReportLobbyReadiness (string,string,string,string,bool) (at Assets/Scripts/Editor/MapGenKit.cs:970)
TheWaningBorder.Core.Maps.EditorTools.MapBuilderVeilmarch:BuildInternal () (at Assets/Scripts/Editor/MapBuilderVeilmarch.cs:187)
TheWaningBorder.Core.Maps.EditorTools.MapBuilderVeilmarch:BuildAndBake () (at Assets/Scripts/Editor/MapBuilderVeilmarch.cs:194)

(Filename: Assets/Scripts/Editor/MapGenKit.cs Line: 970)

Start importing Assets/GameData/Scenes/Maps/Veilmarch/Veilmarch Thumbnail.png using Guid(35ce874bf9c5ba442b9afa6c3fe93d9a) (TextureImporter) -> (artifact id: 'da9b0f15eece7f14faa163f3a39bd25e') in 0.0148362 seconds
Refreshing native plugins compatible for Editor in 10.17 ms, found 6 plugins.
Preloading 1 native plugins for Editor in 0.11 ms.
Asset Pipeline Refresh (id=f884a23768245c64bb405af9ce16b9ff): Total: 0.155 seconds - Initiated by StopAssetImportingV2(NoUpdateAssetOptions)
Start importing Assets/GameData/Scenes/Maps/Veilmarch/Veilmarch MapInfo.asset using Guid(9c57d2fb5ba3f5a49b555ffe9fecf305) (NativeFormatImporter) -> (artifact id: 'e07cf0527274804a4f767a5a58e8e78c') in 0.0032932 seconds
Refreshing native plugins compatible for Editor in 10.16 ms, found 6 plugins.
Preloading 1 native plugins for Editor in 0.11 ms.
Asset Pipeline Refresh (id=25ff3eedec2979c45a35697d6114834c): Total: 0.131 seconds - Initiated by StopAssetImportingV2(NoUpdateAssetOptions)
[MapInfoBaker] Baked "Veilmarch": 4 players, 4 starts, 28 iron, 8 veilstone, 4 veilsteel, 56 supply, 4 curse nodes, thumbnail captured.
UnityEngine.Debug:ExtractStackTraceNoAlloc (byte*,int,string)
UnityEngine.StackTraceUtility:ExtractStackTrace ()
UnityEngine.DebugLogHandler:Internal_Log (UnityEngine.LogType,UnityEngine.LogOption,string,UnityEngine.Object)
UnityEngine.DebugLogHandler:LogFormat (UnityEngine.LogType,UnityEngine.Object,string,object[])
UnityEngine.Logger:Log (UnityEngine.LogType,object,UnityEngine.Object)
UnityEngine.Debug:Log (object,UnityEngine.Object)
TheWaningBorder.Core.Maps.EditorTools.MapInfoBaker:Bake () (at Assets/Scripts/Editor/MapInfoBaker.cs:130)
TheWaningBorder.Core.Maps.EditorTools.MapGenKit:BakeLobbyAssets (string) (at Assets/Scripts/Editor/MapGenKit.cs:935)
TheWaningBorder.Core.Maps.EditorTools.MapBuilderVeilmarch:BuildAndBake () (at Assets/Scripts/Editor/MapBuilderVeilmarch.cs:195)

(Filename: Assets/Scripts/Editor/MapInfoBaker.cs Line: 130)

Start importing Assets/GameData/Scenes/Maps/Veilmarch/Veilmarch Lobby.png using Guid(95816437ad6e20443a68214844920a64) (TextureImporter) -> (artifact id: '7db2422952a574192bda0c7391c424f1') in 0.0239834 seconds
Refreshing native plugins compatible for Editor in 9.54 ms, found 6 plugins.
Preloading 1 native plugins for Editor in 0.11 ms.
Asset Pipeline Refresh (id=1c83f24476b67704da0d483c10ae56c3): Total: 0.114 seconds - Initiated by StopAssetImportingV2(NoUpdateAssetOptions)
Start importing Assets/GameData/Scenes/Maps/Veilmarch/Veilmarch Lobby.png using Guid(95816437ad6e20443a68214844920a64) (TextureImporter) -> (artifact id: '7db2422952a574192bda0c7391c424f1') in 0.020752 seconds
Refreshing native plugins compatible for Editor in 10.55 ms, found 6 plugins.
Preloading 1 native plugins for Editor in 0.13 ms.
Asset Pipeline Refresh (id=56db88c77a8267648859bde9163e39e1): Total: 0.115 seconds - Initiated by StopAssetImportingV2(NoUpdateAssetOptions)
[MapLobbyImageBaker] Wrote Assets/GameData/Scenes/Maps/Veilmarch/Veilmarch Lobby.png with 4 player slots.
UnityEngine.Debug:ExtractStackTraceNoAlloc (byte*,int,string)
UnityEngine.StackTraceUtility:ExtractStackTrace ()
UnityEngine.DebugLogHandler:Internal_Log (UnityEngine.LogType,UnityEngine.LogOption,string,UnityEngine.Object)
UnityEngine.DebugLogHandler:LogFormat (UnityEngine.LogType,UnityEngine.Object,string,object[])
UnityEngine.Logger:Log (UnityEngine.LogType,object,UnityEngine.Object)
UnityEngine.Debug:Log (object,UnityEngine.Object)
TheWaningBorder.Core.Maps.EditorTools.MapLobbyImageBaker:Bake () (at Assets/Scripts/Editor/MapLobbyImageBaker.cs:93)
TheWaningBorder.Core.Maps.EditorTools.MapGenKit:BakeLobbyAssets (string) (at Assets/Scripts/Editor/MapGenKit.cs:942)
TheWaningBorder.Core.Maps.EditorTools.MapBuilderVeilmarch:BuildAndBake () (at Assets/Scripts/Editor/MapBuilderVeilmarch.cs:195)

(Filename: Assets/Scripts/Editor/MapLobbyImageBaker.cs Line: 93)

Batchmode quit successfully invoked - shutting down!
Unloading 23 Unused Serialized files (Serialized files now loaded: 0)
Unloading 80 unused Assets / (47.8 KB). Loaded Objects now: 12216.
Memory consumption went from 0.57 GB to 0.57 GB.
Total: 18.093100 ms (FindLiveObjects: 1.185100 ms CreateObjectMapping: 0.733600 ms MarkObjects: 15.835500 ms  DeleteObjects: 0.337700 ms)

[Physics::Module] Cleanup current backned.
[Physics::Module] Id: 0xf2b8ea05
Input System module state changed to: ShutdownInProgress.
Input System polling thread exited.
Input System module state changed to: Shutdown.
[Licensing::IpcConnector] License Notification channel disconnected successfully.
[Licensing::IpcConnector] License Client channel disconnected successfully.
AcceleratorClientConnectionCallback - disconnected - :0
Cleanup mono
abort_threads: Failed aborting id: 0000000000006690, mono_thread_manage will ignore it

abort_threads: Failed aborting id: 0000000000003F18, mono_thread_manage will ignore it

abort_threads: Failed aborting id: 0000000000006690, mono_thread_manage will ignore it

abort_threads: Failed aborting id: 0000000000003F18, mono_thread_manage will ignore it

debugger-agent: Unable to listen on 3868
Exiting batchmode successfully now!
Exiting without the bug reporter. Application will terminate with return code 0